Course_Code,Course_Title,Course_Credit
AAAS 1000,Pathways to Asian American Studies,3 Units
AAAS 2020,Introduction to Critical Muslim Studies,3 Units
AAAS 2201,Introduction to Asian American Studies,3 Units
AAAS 2530,Asian American Experience Since 1850,3 Units
AAAS 2822,Modern China,3 Units
AAAS 2868W,Foreign Relations of China Since 1949,3 Units
AAAS 3212,Asian American Literature,3 Units
AAAS 3282,Women in Chinese Literature and Film,3 Units
AAAS 3531,Japanese Americans and World War II,3 Units
AAAS 3809,East Asia Since the Mid-Nineteenth Century,3 Units
AAAS 3845,The Vietnam War,3 Units
AAAS 3998,Variable Topics: Chinese Politics and Economy,3 Units
AAAS 4100,Experiential/Service Learning Seminar,4 Units
AAAS 4999,Independent Study,1-3 Units
ACCT 2001,Principles of Financial Accounting,3 Units
ACCT 2101,Principles of Managerial Accounting,3 Units
ACCT 3201,Intermediate Accounting I,3 Units
ACCT 3202,Intermediate Accounting II,3 Units
ACCT 3210,Introduction to Accounting Analytics,3 Units
ACCT 3221,Cost Accounting,3 Units
ACCT 3260,Federal Income Taxes,3 Units
ACCT 3265,Volunteer Income Tax Assistance for Preparers,2 Units
ACCT 4243,Assurance Services,3 Units
ACCT 4265,Advanced Volunteer Income Tax Assistance for Reviewers,1 Unit
ACCT 4881,Internship in Accounting,3 Units
ACCT 4997W,Senior Thesis in Accounting,3 Units
AFRA 1100,Afrocentric Perspectives in the Arts,3 Units
AFRA 2211,Introduction to Africana Studies,3 Units
AFRA 2214,African American Literature,3 Units
AFRA 2214W,African American Literature,3 Units
AFRA 2222,"Race, Gender, Sexuality, and the Power of Looking",3 Units
AFRA 2345,Language and Racism,3 Units
AFRA 2510,Ethnicity and Race,3 Units
AFRA 2530,African Americans and Social Protest,3 Units
AFRA 2752,Africa in Global History,3 Units
AFRA 3050W,African-American Art,3 Units
AFRA 3106,Black Psychology,3 Units
AFRA 3155,Anthropology of the African Diaspora,3 Units
AFRA 3215W,Twentieth- and Twenty-First Century African American Literature,3 Units
AFRA 3299,Independent Study,1-6 Units
AFRA 3563,African American History to 1865,3 Units
AFRA 3565,African American Women's History,3 Units
AFRA 3568,"Hip Hop, Politics and Youth Culture in America",3 Units
AFRA 3569,Slavery in Film,3 Units
AFRA 3619W,History of the Caribbean,3 Units
AFRA 3652,Black Feminist Politics,3 Units
AFRA 3898,Variable Topics: Black Families,3 Units
AFRA 3898,Variable Topics: WomensHlth/Latinx&Afroamerican,3 Units
AFRA 4994W,Senior Seminar,3 Units
AH 1030,Interdisciplinary Approach to Obesity Prevention,3 Units
AH 1100,Introduction to Allied Health Professions,1 Unit
AH 1200,Introduction to the Martial Arts,1 Unit
AH 2001,Medical Terminology,2 Units
AH 3000,U.S. Healthcare System and Professional Practice,3 Units
AH 3005,Biostatistics for Health Professions,3 Units
AH 3025,Human Physiology in Health and Disease,3 Units
AH 3030,"Fundamentals of Brain, Behavior, and Health",3 Units
AH 3091,Allied Health Sciences Internship,1-6 Units
AH 3099,Independent Study In Allied Health,1-4 Units
AH 3101,Health and Wellness for Life,3 Units
AH 3173,Psychology of Workplace Safety,3 Units
AH 3175E,Environmental Health,3 Units
AH 3203,Aging: Implications for Health Professionals,3 Units
AH 3234,Fitness for Health,3 Units
AH 3278,Worker's Compensation,3 Units
AH 3289,Research in Allied Health Sciences,1-3 Units
AH 3571,Health Hazards in the Workplace,3 Units
AH 3574,Ergonomics,3 Units
AH 4092,EMT Training,4 Units
AH 4095,Special Topics: Honors Seminar: Intro to Research and Professional,1 Unit
AH 4239,Research Methods in Allied Health,2 Units
AH 4240W,Writing for Allied Health Research,1 Unit
AH 4241,Research for the Health Professional,2 Units
AH 4242,Counseling and Teaching for the Health Professional,3 Units
AH 4243,Current Issues in Health,3 Units
AH 4244,Management for the Health Professional,3 Units
AH 4288,Instructional Assistant in Allied Health Sciences,1-3 Units
AH 4289,Honors Thesis Research in Allied Health Sciences,1-3 Units
AH 4291,OSH Internship,1-6 Units
AH 4297W,Honors Thesis in Allied Health Sciences,3 Units
AH 4501,International Health,3 Units
AH 4503,Poverty and Public Health,3 Units
AH 4530,Health Equity and Social Determinants of Health,3 Units
AHNR 3095,Special Topics: Brew Crew,3 Units
AHNR 3095,Special Topics: Essential Skills,1 Unit
AHNR 3099,Independent Study,1-6 Units
AHNR 3316,Introduction to Agricultural Mechanics and Safety,2 Units
AHNR 4500,Leadership Development in Extension Education,3 Units
AIRF 1200,Heritage and Values of the United States Air Force,1 Unit
AIRF 2200,Team and Leadership Fundamentals,1 Unit
AIRF 3200,Leading People and Effective Communication,3 Units
AIRF 3500,Aviation Ground School,3 Units
AIRF 4200,National Security Affairs/Preparation for Active Duty,3 Units
AMST 1201,Introduction to American Studies,3 Units
AMST 2204,Jewish Culture in American Film,3 Units
AMST 2276,American Utopias and Dystopias,3 Units
AMST 2550,"Crime, Policing, and Punishment in the United States",3 Units
AMST 3265W,American Studies Methods,3 Units
AMST 3531,Japanese Americans and World War II,3 Units
AMST 3570,History and Theory of Digital Art,3 Units
AMST 3699,Independent Study,1-3 Units
ANSC 1111,Principles of Animal Nutrition and Feeding,3 Units
ANSC 1602,Behavior and Training of Domestic Animals,3 Units
ANSC 1645,The Science of Food,3 Units
ANSC 1676,Introduction to Companion Animals,3 Units
ANSC 2251,Horse Science,3 Units
ANSC 2271,Principles of Poultry Science,3 Units
ANSC 2276,Companion Animal Science,3 Units
ANSC 2685,Special Topics: Management Skill and Practices: Dairy,1 Unit
ANSC 2685,Special Topics: Management Skill and Practices: Equine,1 Unit
ANSC 2685,Special Topics: Management Skill and Practices: Livestock,1 Unit
ANSC 2690,Animal Science Field Excursions: NE Winter Dairy Travel Course,1 Unit
ANSC 2699,Independent Study,1-6 Units
ANSC 3122,Reproductive Physiology,4 Units
ANSC 3194,Career Paths in Animal Science,1 Unit
ANSC 3272,Laboratory Animal Science,3 Units
ANSC 3311,Comparative Exercise Physiology,3 Units
ANSC 3312W,Scientific Writing in Comparative Exercise Physiology,1 Unit
ANSC 3316,Endocrinology of Farm Animals,3 Units
ANSC 3317W,Scientific Writing in Endocrinology of Farm Animals,1 Unit
ANSC 3452,Horse Breeding Farm Management,3 Units
ANSC 3453,Pleasure Horse Appreciation and Use,1 Unit
ANSC 3457,Advanced Broodmare and Foal Management,2 Units
ANSC 3551,Equine Training I - Foundations,2 Units
ANSC 3553,Equine Training III - Advanced,2 Units
ANSC 3554,Equine Sports Rehabilitation Practicum,2 Units
ANSC 3641,Animal Food Products: Dairy Technology,3 Units
ANSC 3642W,Scientific Writing in Animal Food Products: Dairy Technology,1 Unit
ANSC 3663,Dairy Management Decision-making,1 Unit
ANSC 3674,Livestock and Carcass Evaluation,2 Units
ANSC 3691,Professional Internship,1-15 Units
ANSC 3790,Undergraduate Teaching Assistance in Animal Science,1 Unit
ANSC 4341,Food Microbiology and Safety,3 Units
ANSC 4342W,Scientific Writing in Food Microbiology and Safety,1 Unit
ANSC 4457,Methods of Equitation Instruction,2 Units
ANSC 4662W,Dairy Herd Management,3 Units
ANSC 4697W,Undergraduate Honors Thesis Writing in Animal Science,1 Unit
ANTH 1000,Peoples and Cultures of the World,3 Units
ANTH 1000W,Peoples and Cultures of the World,3 Units
ANTH 1001W,Anthropology Through Film,3 Units
ANTH 1006,Introduction to Anthropology,3 Units
ANTH 1010E,Global Climate Change and Human Societies,3 Units
ANTH 1500,Great Discoveries in Archaeology,3 Units
ANTH 2000,Social Anthropology,3 Units
ANTH 2000W,Social Anthropology,3 Units
ANTH 2502,Human Evolution,3 Units
ANTH 2510,Methods in Maritime Archaeology,3 Units
ANTH 2511,Anthropology of Museums,3 Units
ANTH 2600,Microscopy in Applied Archaeobotany Research,4 Units
ANTH 3021,Contemporary Latin America,3 Units
ANTH 3050W,Anthropology of Jews and Jewishness,3 Units
ANTH 3081,Internship in Anthropology,1-3 Units
ANTH 3091,Internship in Anthropology: Directed Study,1 Unit
ANTH 3096,Directed Research in Anthropology,1-3 Units
ANTH 3099,Independent Study,1-6 Units
ANTH 3155,Anthropology of the African Diaspora,3 Units
ANTH 3250,Cognitive Anthropology,3 Units
ANTH 3251,Psychological Anthropology,3 Units
ANTH 3300,Medical Anthropology,3 Units
ANTH 3342,Political and Legal Anthropology,3 Units
ANTH 3350,Anthropological Perspectives on Women,3 Units
ANTH 3401,World Religions,3 Units
ANTH 3532,Archaeology of the Age of Sail,3 Units
ANTH 3701,Lithic Technology,3 Units
ANTH 3902,North American Prehistory,3 Units
ANTH 3904,Ethnohistory of Native New England,3 Units
ANTH 4097W,Honors Thesis,3 Units
ARAB 1002,Elementary Arabic II,4 Units
ARAB 1004,Intermediate Arabic II,4 Units
ARAB 1771,Modern Arabic Culture,3 Units
ARAB 3299,Independent Study,1-3 Units
ARAB 3550W,Classical Arabic Literature,3 Units
ARAB 3771,Cinema in the Middle East and North Africa,3 Units
ARE 1110E,"Population, Food, and the Environment",3 Units
ARE 1333Q,Introduction to Data and Visualization,3 Units
ARE 2155,Imperfect Competition and Behavioral Economics,3 Units
ARE 2210,Essentials of Accounting and Business,3 Units
ARE 2215,Business Management,3 Units
ARE 2434E,Environmental and Resource Policy,3 Units
ARE 2435W,Writing in Environmental and Resource Policy,1 Unit
ARE 2464,Measuring Impact of Programs that Raise Human Well-being,3 Units
ARE 3221,Managerial Economics and Business Strategies,3 Units
ARE 3305E,"Economic Development, Environment, and Policy",3 Units
ARE 4205,Market Planning and Survey Research in the Food Industry,3 Units
ARE 4217,Business Finance and Investment Management,3 Units
ARE 4462E,Environmental and Resource Economics,3 Units
ARE 4900,Farm Credit Fellows Seminar,1 Unit
ARE 4999,Independent Study,1-6 Units
ARIS 1170,Women's Contemporary Writing in the Arab World,3 Units
ARIS 1211,Introduction to Islam,3 Units
ARIS 3710,Islamic Art History,3 Units
ART 1000,Art Appreciation,3 Units
ART 1020,Foundation: Criticism and Interpretation,3 Units
ART 1030,Drawing I,3 Units
ART 1040,Drawing II,3 Units
ART 2010,Life Drawing I,3 Units
ART 2011,Introduction to Digital Media,3 Units
ART 2110,Graphic Design: Process and Thinking,3 Units
ART 2210,Illustration,3 Units
ART 2220,Animation Fundamentals,3 Units
ART 2310,"Basic Studio, Painting",3 Units
ART 2410,"Basic Studio, Photography",3 Units
ART 2420,Intermediate Photography,3 Units
ART 2510,"Basic Studio, Printmaking",3 Units
ART 2610,"Basic Studio, Sculpture",3 Units
ART 3010,Life Drawing II,3 Units
ART 3030,Experimental Drawing,3 Units
ART 3110,Graphic Design 2: Visual Systems,3 Units
ART 3132,Graphic Design: Motion Graphics,3 Units
ART 3310,Intermediate Painting,3 Units
ART 3350,Aqua Media I,3 Units
ART 3455,Portrait Photography,3 Units
ART 3510,Intaglio Printmaking,3 Units
ART 3530,Printmaking Workshop,1-6 Units
ART 3615,Ceramics: Wheel Work,3 Units
ART 3701,Industrial Design: Materials and Techniques,3 Units
ART 3720,Industrial Design: Process and Practice,3 Units
ART 3730,Industrial Design: Digital Fabrication,3 Units
ART 3991,Studio Internship,3 Units
ART 3991,Studio Internship: Graphic Design,3 Units
ART 3991,Studio Internship: Illustration/Animation,3 Units
ART 3991,Studio Internship: Industrial Design,3 Units
ART 3991,Studio Internship: Photography,3 Units
ART 3991,Studio Internship: Sculpture/Ceramics,3 Units
ART 3998,Variable Topics: Intro to Painting,3 Units
ART 3999,Independent Study,1-6 Units
ART 4110,Graphic Design 4: Communication Dynamics,3 Units
ART 4130,Graphic Design: Design Center Studio,3 Units
ART 4901,Senior Project,3 Units
ARTH 1128,Global Perspectives on Western Art: Renaissance to the Present,3 Units
ARTH 1138,Introduction to Art History: 15th Century - Present,3 Units
ARTH 1141,From Sun Gods to Lowriders: Introduction to Latin American Art,3 Units
ARTH 2020,Global Jerusalem,3 Units
ARTH 2222,"Race, Gender, Sexuality, and the Power of Looking",3 Units
ARTH 2993,Foreign Study,1-12 Units
ARTH 3050W,African-American Art,3 Units
ARTH 3460,History of Photography: 1839 to World War I,3 Units
ARTH 3530W,Contemporary Art,3 Units
ARTH 3570,History and Theory of Digital Art,3 Units
ARTH 3710,Islamic Art History,3 Units
ARTH 3991,Field Studies Internship in Art History,1-12 Units
ARTH 3993,Foreign Study,1-6 Units
ARTH 3995,"Investigation of Special Topics: Image of Love: Images, Love and Human Rights",3 Units
ARTH 4099,Independent Study,1-6 Units
ASLN 1102,Elementary American Sign Language II,4 Units
ASLN 1103,Intermediate American Sign Language I,4 Units
ASLN 1104,Intermediate American Sign Language II,4 Units
ASLN 2500,Introduction to Interpreting: American Sign Language and English,3 Units
ASLN 2800,Consecutive Interpreting,3 Units
ASLN 3254,Women and Gender in the Deaf World,3 Units
ASLN 3290,Field Study,1-3 Units
ASLN 3292,Experiential Learning,1-3 Units
ASLN 3299,Independent Study,1-6 Units
ASLN 3306W,Advanced American Sign Language Level II,3 Units
ASLN 3650,Deaf Writers and American Sign Language Literature,3 Units
ASLN 3800,Structure of American Sign Language,3 Units
BADM 1801,Contemporary Issues in the World of Business: Intercultural Competency in the Global Marketplace,2 Units
BADM 2101,Principles of Managerial Accounting,3 Units
BADM 2234,The Entrepreneurial Journey,3 Units
BADM 2235,Personal Financial Literacy,3 Units
BADM 2237,Personal Brand Management,3 Units
BADM 2238,Legal Aspects of Personal Brand Management,3 Units
BADM 3103,Business Information Systems,3 Units
BADM 3104,Operations Management,3 Units
BADM 3201,Intermediate Accounting I,3 Units
BADM 3202,Intermediate Accounting II,3 Units
BADM 3221,Cost Accounting,3 Units
BADM 3234,"Opportunity Generation, Assessment, and Promotion",3 Units
BADM 3235,"Venture Planning, Management, and Growth",3 Units
BADM 3255,Global Issues in Marketing for Social Impact,3 Units
BADM 3258,Marketing Strategy for Environmental and Social Impact,3 Units
BADM 3260,Federal Income Taxes,3 Units
BADM 3274,Real Estate Law,3 Units
BADM 3301,Spreadsheet Modeling for Business Analysis,3 Units
BADM 3302,Data Visualization,3 Units
BADM 3401,Business Software Development,3 Units
BADM 3402,Mobile Application Development,3 Units
BADM 3452,Professional Selling,3 Units
BADM 3454,Sales Management and Leadership,3 Units
BADM 3601,Managerial Supply Chain Management,3 Units
BADM 3602,Supply Chain Logistics,3 Units
BADM 3603,Project Management and Planning,3 Units
BADM 3661,Marketing and Digital Analytics,3 Units
BADM 3665,Digital Marketing,3 Units
BADM 3701,Network Design and Applications,3 Units
BADM 3720,The Legal and Ethical Environment of Business,3 Units
BADM 3730,Financial Management,3 Units
BADM 3740,Managerial and Interpersonal Behavior,3 Units
BADM 3741,Foundations of Venture Capital,3 Units
BADM 3742,Venture Investment Sourcing and Analysis,3 Units
BADM 3750,Introduction to Marketing Management,3 Units
BADM 3757,Strategic Brand Management,3 Units
BADM 4243,Assurance Services,3 Units
BADM 4741,Advanced Venture Investing,3 Units
BADM 4895,Special Topics: Agile Innovation in STEM Entrepreneurship,2 Units
BADM 4895,Special Topics: BUILD Hartford,3 Units
BADM 4895,Special Topics: UConn Brewing Innovation: Brew,3 Units
BIOL 1102,Foundations of Biology,4 Units
BIOL 1107,Principles of Biology I,4 Units
BIOL 1108,Principles of Biology II,4 Units
BIOL 1109,Topics in Modern Biology,1 Unit
BIOL 1109,Topics in Modern Biology: The World of Natural History Collections,1 Unit
BLAW 2238,Legal Aspects of Personal Brand Management,3 Units
BLAW 3175,The Legal and Ethical Environment of Business,3 Units
BLAW 3252,Business and Human Rights,3 Units
BLAW 3254,Social Responsibility and Accountability in Business,3 Units
BLAW 3274,Real Estate Law,3 Units
BME 3120,LabVIEW Basics for Engineers,1 Unit
BME 3320,Biosensors and Nanodevices for Biomedical Applications,3 Units
BME 3401,Introduction to Computational and Systems Biology,3 Units
BME 3620,Failure Analysis for Biomedical Application,3 Units
BME 3700,Biomaterials,4 Units
BME 3740,Introduction to Microscopy and Biophotonics,3 Units
BME 3750,Tissue Engineering Laboratory,3 Units
BME 3760,Microfluidics and Lab-on-Chip,3 Units
BME 3780,Introduction to Biomanufacturing: Pharmaceutical Proteins,3 Units
BME 3900,Junior Design,3 Units
BME 4130,Neural Prostheses: Neural Prosthesis,3 Units
BME 4201,Introduction to Medical Imaging,3 Units
BME 4300,Physiological Control Systems,3 Units
BME 4410,Systems Biology of Cells and Tissues,3 Units
BME 4500,Bioinstrumentation,3 Units
BME 4730,"Biomicrofluidics, Biofabrication, and Biomanufacturing",3 Units
BME 4810,Machine Learning Methods for Biomedical Signal Analysis,3 Units
BME 4910W,Biomedical Engineering Design II,3 Units
BME 4985,Special Topics in Biomedical Engineering: Adv Multi-Dimensional Imaging,3 Units
BME 4985,Special Topics in Biomedical Engineering: Design of textile based wearable healthcare device,3 Units
BME 4999,Independent Study,1-6 Units
BUSN 1801,Contemporary Issues in the World of Business: CFA Mentorship,1 Unit
BUSN 2235,Personal Financial Literacy,3 Units
BUSN 3003W,Business Communications,3 Units
BUSN 3004W,Business Writing and Communication,2 Units
BUSN 3005,Career Development in Business,1 Unit
BUSN 4897W,Honors Leadership Seminar,3 Units
CAMS 1102,Roman Civilization,3 Units
CAMS 1103,Classical Mythology,3 Units
CAMS 1124,Intermediate Latin II,3 Units
CAMS 3102,Topics in Advanced Latin,3 Units
CAMS 3102,Topics in Advanced Latin: Cicero’s Pro Caelio,3 Units
CAMS 3102,Topics in Advanced Latin: Roman Lyric,3 Units
CAMS 3208,Homer,3 Units
CAMS 3213,Ovid and Mythology,3 Units
CAMS 3242W,Greek and Roman Drama,3 Units
CAMS 3257,Ancient Greek Philosophy,3 Units
CAMS 3299,Independent Study,1-6 Units
CAMS 3321,Hellenistic World: Alexander to Cleopatra,3 Units
CAMS 3326,Ancient Rome: Emperors and Barbarians,3 Units
CAMS 3330,Palestine Under the Greeks and Romans,3 Units
CAMS 4096W,Senior Thesis in Classics and Ancient Mediterranean Studies,3 Units
CE 2110,Applied Mechanics I,3 Units
CE 2211,Engineering Economics I,1 Unit
CE 2251,Probability and Statistics in Civil and Environmental Engineering,3 Units
CE 2500,Introduction to Geographic Information Systems,4 Units
CE 2710,Transportation Engineering and Planning,3 Units
CE 3110,Mechanics of Materials,3 Units
CE 3251,Civil and Environmental Engineering Applications of Probability and Statistics,1 Unit
CE 3520,Civil Engineering Materials Laboratory,3 Units
CE 3630,Design of Steel Structures,4 Units
CE 3997,Directed Research in Civil Engineering,1-3 Units
CE 4220,Principles of Construction II,3 Units
CE 4410,Computer Aided Site Design,3 Units
CE 4720,Street and Highway Design,3 Units
CE 4920W,Civil Engineering Projects II,2 Units
CE 4997,Independent Research in Civil Engineering,1-3 Units
CE 4999,Independent Study in Civil Engineering,1-4 Units
CEWP 4297,Coop Education Work Placement,0 Units
CHEG 2111,Chemical Engineering Thermodynamics I,3 Units
CHEG 2201,Chemical Engineering Professional Skills I,1 Unit
CHEG 3124,Heat and Mass Transfer,3 Units
CHEG 3128,Chemical Engineering Junior Laboratory,2 Units
CHEG 3151,Process Kinetics,3 Units
CHEG 3156,Polymeric Materials,3 Units
CHEG 3173,Introduction to Biochemical Engineering,3 Units
CHEG 4139,Chemical Engineering Senior Laboratory,2 Units
CHEG 4143W,Chemical Engineering Capstone Design II,3 Units
CHEG 4147,Process Dynamics and Control,3 Units
CHEG 4235,Air Pollution and Communities,3 Units
CHEG 4989,Introduction to Research,1-6 Units
CHEG 4995,Special Topics in Chemical Engineering: Advanced CHEG Seminar,1 Unit
CHEG 4995,Special Topics in Chemical Engineering: Intro to Brewery Engineering,3 Units
CHEG 4995,Special Topics in Chemical Engineering: Surface Chemistry & Catalysis,3 Units
CHEM 1122,Chemical Principles and Applications,4 Units
CHEM 1124Q,Fundamentals of General Chemistry I,4 Units
CHEM 1125Q,Fundamentals of General Chemistry II,3 Units
CHEM 1126Q,Fundamentals of General Chemistry III,3 Units
CHEM 1127Q,General Chemistry I,4 Units
CHEM 1128Q,General Chemistry II,4 Units
CHEM 1148Q,Honors General Chemistry II,4 Units
CHEM 1194,The Science of Chemistry,1 Unit
CHEM 2241,Organic Chemistry,3 Units
CHEM 2242,Organic Chemistry Laboratory,1 Unit
CHEM 2443,Organic Chemistry,3 Units
CHEM 2444,Organic Chemistry,3 Units
CHEM 2445,Organic Chemistry Laboratory,3 Units
CHEM 2446,Organic Chemistry Laboratory,1 Unit
CHEM 3189,Undergraduate Research,1-3 Units
CHEM 3195,Special Topics: Environmental Aquatic Chemistry,3 Units
CHEM 3195,Special Topics: Risk Assessment and Chemical Safety for Laboratory,1 Unit
CHEM 3199,Independent Study,1-3 Units
CHEM 3214,Intermediate Inorganic Chemistry,3 Units
CHEM 3215,Inorganic Chemistry Laboratory,3 Units
CHEM 3332,Quantitative Analytical Chemistry,4 Units
CHEM 3334,Instrumental Analysis I,4 Units
CHEM 3564,Physical Chemistry II,3 Units
CHEM 3565W,Physical Chemistry Laboratory,2 Units
CHEM 3661,Polymeric Materials,3 Units
CHEM 4196W,Thesis for Undergraduate Chemistry Majors,3 Units
CHIN 1111,Elementary Chinese I,4 Units
CHIN 1112,Elementary Chinese II,4 Units
CHIN 1113,Intermediate Chinese I,4 Units
CHIN 1114,Intermediate Chinese II,4 Units
CHIN 1121,Traditional Chinese Culture,3 Units
CHIN 1122,Modern Chinese Culture,3 Units
CHIN 3211,Chinese Composition and Conversation II,3 Units
CHIN 3230,Language and Identity in Greater China,3 Units
CHIN 3250W,Advanced Chinese,3 Units
CHIN 3282,Women in Chinese Literature and Film,3 Units
CHIN 3295,Special Topics: STARTALK Teaching,1 Unit
CHIN 3299,Independent Study,1-6 Units
CLCS 1102,Classics of World Literature II,3 Units
CLCS 1110,Introduction to Film Studies,3 Units
CLCS 2201,Intercultural Competency Towards Global Perspectives,3 Units
CLCS 2204,Jewish Culture in American Film,3 Units
COGS 2201,Foundations of Cognitive Science,3 Units
COGS 2345,Language and Racism,3 Units
COGS 3584,Seminar in Cognitive Science,1 Unit
COGS 3589,Undergraduate Research,1-6 Units
COGS 3599,Independent Study,3 Units
COGS 4596W,Senior Thesis in Cognitive Science,3 Units
COMM 1000,The Process of Communication,3 Units
COMM 1100,Principles of Public Speaking,3 Units
COMM 2000Q,Research Methods in Communication,3 Units
COMM 2010Q,Applied Communication Research Methods,3 Units
COMM 2100,Professional Communication,3 Units
COMM 2110,Presenting in the Digital World,3 Units
COMM 2200,Interpersonal Communication,3 Units
COMM 2300,Effects of Mass Media,3 Units
COMM 2500,Persuasion,3 Units
COMM 2600,Media in the Information Age,3 Units
COMM 2700,Fundamentals of Digital Production,3 Units
COMM 3110,Organizational Communication,3 Units
COMM 3210,Gender and Communication,3 Units
COMM 3222W,People of Color and Interpersonal Communication,3 Units
COMM 3240,Nonverbal Communication,3 Units
COMM 3310W,Media Literacy and Criticism,3 Units
COMM 3320,Media and Diverse Audiences,3 Units
COMM 3321,Latinas and Media,3 Units
COMM 3410,Political Communication,3 Units
COMM 3420,Health Communication,3 Units
COMM 3420W,Health Communication,3 Units
COMM 3430W,Science Communication,3 Units
COMM 3520,Communication Processes in Advertising,3 Units
COMM 3530,Public Relations,3 Units
COMM 3600,New Communication Technologies,3 Units
COMM 3600W,New Communication Technologies,3 Units
COMM 3610,Computer Mediated Communication,3 Units
COMM 3610W,Computer Mediated Communication,3 Units
COMM 4530W,Public Relations Writing,3 Units
COMM 4540,Crisis Communication,3 Units
COMM 4640,Social Media: Research and Practice,3 Units
COMM 4799,Independent Study in Multimedia Production,1-6 Units
COMM 4979,Digital Portfolio,1-3 Units
COMM 4981,Internship in Communication,1-3 Units
COMM 4982,Research Practicum in Communication,1-3 Units
COMM 4997W,Senior Thesis,1-6 Units
COMM 4999,Independent Study,1-6 Units
CSE 1010,Introduction to Computing for Engineers,3 Units
CSE 2050,Data Structures and Object-Oriented Design,3 Units
CSE 2102,Introduction to Software Engineering,3 Units
CSE 2301,Principles and Practice of Digital Logic Design,4 Units
CSE 2500,Introduction to Discrete Systems,3 Units
CSE 2600,Introduction to Data Science and Engineering,3 Units
CSE 3000,Contemporary Issues in Computer Science and Engineering,1 Unit
CSE 3100,Systems Programming,3 Units
CSE 3140,Cybersecurity Lab,2 Units
CSE 3150,C++ Essentials,3 Units
CSE 3160,Functional Programming Fundamentals,3 Units
CSE 3200,Mobile Application Development,3 Units
CSE 3250,Introduction to Cloud Computing,3 Units
CSE 3300,Computer Networks and Data Communication,3 Units
CSE 3400,Introduction to Computer and Network Security,3 Units
CSE 3500,Algorithms and Complexity,3 Units
CSE 3502,Theory of Computation,3 Units
CSE 3504,Probabilistic Performance Analysis of Computer Systems: Probabilistic performance analysis,3 Units
CSE 3666,Introduction to Computer Architecture,3 Units
CSE 4095,Special Topics in Computer Science and Engineering: Deep Learning,3 Units
CSE 4095,Special Topics in Computer Science and Engineering: Sentiment Analysis,1 Unit
CSE 4099,Independent Study in Computer Science and Engineering,1-4 Units
CSE 4102,Programming Languages,3 Units
CSE 4300,Operating Systems,3 Units
CSE 4400,Computer Security,3 Units
CSE 4412,"Introduction to Quantum Computing, Cryptography, and Networking",3 Units
CSE 4502,Big Data Analytics,3 Units
CSE 4701,Principles of Databases,3 Units
CSE 4705,Artificial Intelligence,3 Units
CSE 4820,Introduction to Machine Learning,3 Units
CSE 4830,Computer Vision and Machine Learning for Image Analysis,3 Units
CSE 4940,Computer Science and Engineering Design Project II,3 Units
CSE 4997,Senior Thesis in Computer Science and Engineering,3 Units
DGS 3999,Independent Study for Undergraduates,1-6 Units
DGS 4234,Diagnostic Molecular Technologies,3 Units
DGS 4234W,Diagnostic Molecular Technologies,3 Units
DGS 4235,Laboratory in Molecular Diagnostics,2 Units
DGS 4402,"Specimen Preparation, Nucleic Acid Isolation and Assessment",4 Units
DGS 4503,Amplification Methods,6 Units
DGS 4510,In Situ Hybridization Methods,2 Units
DGS 4512,Cloning Techniques,2 Units
DGS 4513,Blotting Applications,2 Units
DGS 4515,Microbiological Applications of Molecular Diagnostics,2 Units
DGS 4604,Sequencing Techniques and Data Analysis,3 Units
DGS 4850,Investigative Topics in Laboratory Genetics,1 Unit
DGS 4997,Honors Research,3 Units
DIET 3099,Independent Study for Undergraduates,1-6 Units
DIET 3215,Food Service Management Practicum I,1 Unit
DIET 3230,Community Nutrition,3 Units
DIET 3231W,Writing for Community Nutrition Research,2 Units
DIET 3235,Community Nutrition Practicum I,1 Unit
DIET 3250,Medical Nutrition Therapy II,3 Units
DIET 3255,Clinical Dietetics Practicum II,1 Unit
DIET 3272,Food Service Systems Management I,2 Units
DIET 3296,Applied Research for Dietetic Professionals,1-3 Units
DIET 4370,Advanced Nutrition for the Dietetics Practitioner,3 Units
DIET 4415,Food Service Management Practicum II,3 Units
DIET 4435,Community Nutrition Practicum II,3 Units
DIET 4455,Clinical Dietetics Practicum III,4 Units
DIET 4470,Seminar in Dietetics,2 Units
DMD 1002,Foundations in Digital Media and Design II,3 Units
DMD 1060,"Fundamentals of Programming for Game, Web, and Interactive Media Design",3 Units
DMD 1101,Design Lab I,3 Units
DMD 1102,Design Lab II,3 Units
DMD 2010,History of Digital Culture,3 Units
DMD 2200,Motion Design and Animation I,3 Units
DMD 2210,Film and Video Editing I,3 Units
DMD 2230,3D Motion I,3 Units
DMD 2300,3D Animation I,3 Units
DMD 2500,Introduction to Digital Game Design,3 Units
DMD 2542,Introduction to Game Scripting,3 Units
DMD 2550,Game Production,3 Units
DMD 2580,2D Game Art,3 Units
DMD 2710,Social Media Business Applications,3 Units
DMD 2810,Digital Cinematography I,3 Units
DMD 3010W,Critical Perspectives on Digital Media,3 Units
DMD 3030,Narrative Workshop,3 Units
DMD 3035,Interaction Design,3 Units
DMD 3099,Independent Study,1-6 Units
DMD 3200,Motion Design and Animation II,3 Units
DMD 3205,History of Animation,3 Units
DMD 3240,Animating Science,3 Units
DMD 3300,3D Animation II,3 Units
DMD 3310,"3D Modeling, Lighting and Rendering II",3 Units
DMD 3470,Advanced Web Design and Development,3 Units
DMD 3475,Coding for Web and Interactive Media Design,3 Units
DMD 3500,Interactive Storytelling,3 Units
DMD 3570,History and Theory of Digital Art,3 Units
DMD 3582,3D Game Art II - Motion and Technical Art,3 Units
DMD 3641,Human Rights Archives II: Visual Storytelling Practices,3 Units
DMD 3730,Digital Consumer Behavior,3 Units
DMD 3750,Digital Media and Technology Ethics,3 Units
DMD 3820,Documentary Film Production,3 Units
DMD 3840,Creative Producing for Independent Film,3 Units
DMD 3850,Digital Sound Design,3 Units
DMD 3998,Variable Topics: AI in Marketing Communication,3 Units
DMD 3998,Variable Topics: Advanced Documentary Film Production,3 Units
DMD 3998,Variable Topics: Diverse Perspectives in Digital Media,3 Units
DMD 3998,Variable Topics: Film Theory - Auteur Study,3 Units
DMD 4025,Portfolio and Professional Development: Putting it All Together,3 Units
DMD 4040,Agency,3 Units
DMD 4045,"Digital Content Design, Creation and Distribution Studio",3 Units
DMD 4075,Senior Project,3 Units
DMD 4081,Digital Media Internship/Co-op,3-12 Units
DMD 4086,Senior Thesis,3 Units
DMD 4310,3D Rigging,3 Units
DMD 4350,Advanced 3D Research and Production,3 Units
DMD 4500,Advanced Digital Game Design and Development,3 Units
DMD 4536,Disruptive Technologies,3 Units
DMD 4725,Advanced Digital Analytics,3 Units
DMD 4835,Narrative Short Film Production,3 Units
DMD 4860,Color Grading for Film and Video,3 Units
DRAM 1101,Introduction to the Theatre,3 Units
DRAM 1110,Introduction to Film,3 Units
DRAM 1202,Computer Drafting for the Theatre,3 Units
DRAM 1209,Drawing and Painting Techniques for the Theatre,3 Units
DRAM 1217,Theatre Production: Costumes And Makeup,3 Units
DRAM 1218,Theatre Production: Stagecraft,3 Units
DRAM 1282,Practicum in Dramatic Arts: Production Run Crew,1-6 Units
DRAM 1702,Acting II,3 Units
DRAM 1710,Exploration of Acting,3 Units
DRAM 1802,Stage Movement II,3 Units
DRAM 1902,Voice and Speech II,3 Units
DRAM 2120,Entrepreneurship in the Arts,3 Units
DRAM 2131,Histories of Drama and Performance II,3 Units
DRAM 2702,Acting IV,3 Units
DRAM 2812,Stage Movement IV,3 Units
DRAM 2902,Vocal Performance Techniques,3 Units
DRAM 3103,Stage Management for the Theatre,3 Units
DRAM 3130,Women in Theatre: Gender Identity and Expression on the Stage,3 Units
DRAM 3139,Theatre and Human Rights,3 Units
DRAM 3141W,Playwriting,3 Units
DRAM 3182,Practicum in Dramatic Arts,1-6 Units
DRAM 3194,Dramaturgy Seminar,1-3 Units
DRAM 3199,Independent Study,1-6 Units
DRAM 3201,Scene Construction,3 Units
DRAM 3219,Sound Technology and Production Audio,3 Units
DRAM 3402,Costume Design,3 Units
DRAM 3604,Puppetry in Television,3 Units
DRAM 3608,Hand Puppetry,3 Units
DRAM 3995,Special Topics in Dramatic Arts: Introduction to Acting and Directing Practices,3 Units
DRAM 3995,Special Topics in Dramatic Arts: Stagecraft for Engineers,3 Units
DRAM 4194,Seminar: Theatre Studies Senior Portfolio,1-6 Units
DRAM 4704,Acting VIII,3 Units
DRAM 4705,Acting for the Camera,1-6 Units
DRAM 4901,Senior Project,1-3 Units
DRAM 4911,Voice and Speech IV,3 Units
DRAM 4931,Stage Dialects,3 Units
DSDA 1995,Special Topics: Data Science and Society using R,3 Units
DSDA 4815,Applied Data Analysis Capstone,3 Units
ECE 1401,Programming for Electrical Engineers,3 Units
ECE 2001,Electrical Circuits,4 Units
ECE 3001,Electromagnetic Fields and Waves,3 Units
ECE 3101,Signals and Systems,3 Units
ECE 3111,Systems Analysis and Design,4 Units
ECE 3161,Introduction to Robotics,3 Units
ECE 3163,Robot Control and Dynamics,3 Units
ECE 3201,Electronic Circuit Design and Analysis,4 Units
ECE 3211,Power Electronics,4 Units
ECE 3221,Digital Integrated Circuits,3 Units
ECE 3225,Optical Engineering Laboratory,3 Units
ECE 3401,Digital Systems Design,3 Units
ECE 3411,Microprocessor Applications Laboratory,3 Units
ECE 3421,Very Large Scale Integrated (VLSI) Design and Simulation,4 Units
ECE 4079,Independent Design Laboratory,1-3 Units
ECE 4096,Independent Research in Electrical and Computer Engineering,1-3 Units
ECE 4097,Thesis in Electrical and Computer Engineering,1-3 Units
ECE 4099,Independent Study in Electrical and Computer Engineering,1-4 Units
ECE 4111,Communication Systems,3 Units
ECE 4122,Systems Laboratory,3 Units
ECE 4131,Introduction to Digital Signal Processing,3 Units
ECE 4132,Image Processing Systems Laboratory,3 Units
ECE 4141,Introduction to RF/Microwave Wireless Systems,3 Units
ECE 4161,Robotics Systems Laboratory,3 Units
ECE 4211,Semiconductor Devices and Nanostructures,3 Units
ECE 4244,Nanotechnology II,3 Units
ECE 4550,Microgrids,3 Units
ECE 4900W,Communicating Engineering Solutions in a Societal Context,1 Unit
ECE 4902,Electrical and Computer Engineering Design II,3 Units
ECON 1000,Essentials of Economics,3 Units
ECON 1108,Game Theory in the Natural and Social Sciences,3 Units
ECON 1201,Principles of Microeconomics,3 Units
ECON 1202,Principles of Macroeconomics,3 Units
ECON 2101,Economic History of Europe,3 Units
ECON 2101W,Economic History of Europe,3 Units
ECON 2102,Economic History of the United States,3 Units
ECON 2120,Honors Core: Rights and Harms,3 Units
ECON 2201,Intermediate Microeconomic Theory,3 Units
ECON 2202,Intermediate Macroeconomic Theory,3 Units
ECON 2211Q,Quantitative Intermediate Microeconomics,3 Units
ECON 2212Q,Quantitative Intermediate Macroeconomics,3 Units
ECON 2301Q,Mathematical Economics,3 Units
ECON 2311Q,Econometrics I,3 Units
ECON 2312Q,Econometrics II,3 Units
ECON 2326,Operations Research,3 Units
ECON 2411,Money and Banking,3 Units
ECON 2440,Economics of the Global Economy,3 Units
ECON 2441,Labor Economics,3 Units
ECON 2447,Economics of Sports,3 Units
ECON 2451,Economic Behavior and Health Policy,3 Units
ECON 2456,Economics of Poverty,3 Units
ECON 2481,Internship Field Study,1-6 Units
ECON 2491,Internship Research Paper,1 Unit
ECON 2491W,Internship Research Paper,1 Unit
ECON 2499,Independent Study,1-6 Units
ECON 2500W,Writing in Economics,1 Unit
ECON 3103,Global Economic History: Deep Roots of Modern Societies,3 Units
ECON 3208,Game Theory,3 Units
ECON 3315,Financial Econometrics,3 Units
ECON 3317,Machine Learning for Economists,3 Units
ECON 3321,Programming and Computation with R for Economists,3 Units
ECON 3322,Open Source Programming with Python for Economists,3 Units
ECON 3413,Financial Economics,3 Units
ECON 3422,International Finance,3 Units
ECON 3461,Organization of Industry,3 Units
ECON 3466E,Environmental Economics,3 Units
ECON 3468,Economics of the Law,3 Units
ECON 3473,Economic Development,3 Units
ECON 3492,Practicum: Fed Challenge,1-6 Units
ECON 3495,"Special Topics: Energy, Environment & Sustainability: Energy Econ",3 Units
ECON 3499,Independent Study,1-6 Units
ECON 4323,Convex Optimization with Python,3 Units
ECON 4494W,Seminar in Economics,3 Units
ECON 4497W,Senior Thesis in Economics,3 Units
EDCI 1100,"If You Love It, Teach It",3 Units
EDCI 2100,"Power, Privilege, and Public Education",3 Units
EDCI 3211,Introduction to Secondary Methods and Clinic: English: English,3 Units
EDCI 3212,Introduction to Secondary Methods and Clinic: Mathematics: Mathematics,3 Units
EDCI 3213,Introduction to Secondary Methods and Clinic: Science: Science,3 Units
EDCI 3214,Introduction to Secondary Methods and Clinic: Social Studies: Social Studies,3 Units
EDCI 3215,Teaching World Languages to the Elementary-Age Student: Seminar and Clinic: World Language,3 Units
EDCI 3305,Methods and Clinic in Elementary School Music,3 Units
EDCI 4010,"Teaching Reading and Writing in the Content Areas: English, Music, World Lang.",2 Units
EDCI 4010,"Teaching Reading and Writing in the Content Areas: Soc. Studies, Science, Math",2 Units
EDCI 4088,Variable Topics: Teaching Mathematics in the Early Childhood Grades,3 Units
EDCI 4099,Independent Study for Undergraduates,1-6 Units
EDCI 4110W,Teaching Reading and Writing in the Elementary School,3 Units
EDCI 4150,Directed Student Teaching,9 Units
EDCI 4250,Directed Student Teaching: English,9 Units
EDCI 4250,Directed Student Teaching: Mathematics,9 Units
EDCI 4250,Directed Student Teaching: Music,9 Units
EDCI 4250,Directed Student Teaching: Science,9 Units
EDCI 4250,Directed Student Teaching: Social Studies & History,9 Units
EDCI 4250,Directed Student Teaching: World Languages,9 Units
EDLR 1161,Husky Reads: Introducing Food and Nutrition to Children through Reading,2 Units
EDLR 1162,Health and Education in Urban Communities,1 Unit
EDLR 2001,Contemporary Social Issues in Sport,3 Units
EDLR 3090,Directed Observation and Participation in Sport Organizations,1-3 Units
EDLR 3091,Internship in Sport Organizations,1-6 Units
EDLR 3298,Variable Topics: The Resident Assistant Experience,1 Unit
EDLR 3299,Independent Study for Undergraduates,1-6 Units
EDLR 3300W,Sport in Society,3 Units
EDLR 3325,Sport Venue and Event Management,3 Units
EDLR 3345,Financial Management in the Sport Industry,3 Units
EDLR 3350,Introduction to Sport Communication,3 Units
EDLR 3547,Introduction to Sport Based Youth Development,4 Units
EDLR 3547W,Introduction to Sport Based Youth Development,4 Units
EEB 2100E,Global Change Ecology,3 Units
EEB 2202,Evolution and Human Diversity,3 Units
EEB 2208E,Introduction to Conservation Biology,3 Units
EEB 2222E,Plants in a Changing World,3 Units
EEB 2244E,General Ecology,4 Units
EEB 2245,Evolutionary Biology,3 Units
EEB 2254W,Current Research Topics in Ecology and Evolutionary Biology: Biodiversity on a Changing Planet,3 Units
EEB 2254W,Current Research Topics in Ecology and Evolutionary Biology: Ecology and  Evolution of Sharks,3 Units
EEB 2254W,Current Research Topics in Ecology and Evolutionary Biology: Ecology and Evolution,3 Units
EEB 2254W,Current Research Topics in Ecology and Evolutionary Biology: Ecology and Evolution of Birds,3 Units
EEB 2258W,Current Topics in Conservation and Climate Change Biology: Conservation Genetics,3 Units
EEB 3201,Animal Behavior,3 Units
EEB 3240,Biology of Bryophytes and Lichens,4 Units
EEB 3265,Herpetology,4 Units
EEB 3271,Systematic Botany,4 Units
EEB 3894,Undergraduate Seminar: Current Research in Ecology and Evolutionary,1 Unit
EEB 3895,Special Topics: Tropical Ecology,3 Units
EEB 3899,Independent Study,1-6 Units
EEB 4120,Paleobiology,4 Units
EEB 4260,Ornithology,2 Units
EEB 4896W,Senior Research Thesis in Ecology and Evolutionary Biology,3 Units
EGEN 3110,Seminar/Clinic: The Student in the School Context: MUSIC (B/B),3 Units
EGEN 3200,Peer Mentoring and Leadership,3 Units
EGEN 4110,Seminar/Clinic: Analysis of Teaching: Elem Ed- EH/ Manchest/ Windh/ Winds,3 Units
EGEN 4110,Seminar/Clinic: Analysis of Teaching: Elem Ed-Coventry/Glastonbury/Mansfield,3 Units
EGEN 4110,Seminar/Clinic: Analysis of Teaching: Elem Ed-Hartford/S. Windsor/Vernon/W. Hartford,3 Units
EGEN 4110,Seminar/Clinic: Analysis of Teaching: Music Education,3 Units
EGEN 4110,Seminar/Clinic: Analysis of Teaching: Secondary English,3 Units
EGEN 4110,Seminar/Clinic: Analysis of Teaching: Secondary Math and Science,3 Units
EGEN 4110,Seminar/Clinic: Analysis of Teaching: Secondary Social Studies,3 Units
EGEN 4110,Seminar/Clinic: Analysis of Teaching: Secondary World Language,3 Units
EGEN 4110,Seminar/Clinic: Analysis of Teaching: Special Education,3 Units
EGEN 4197,Independent Study: Honors Thesis Preparation,3 Units
ENGL 1003,Academic Literacies for Multilingual Students,3 Units
ENGL 1004,Introduction to Academic Writing,4 Units
ENGL 1007,Seminar and Studio in Writing and Multimodal Composition,4 Units
ENGL 1101,Classical and Medieval Western Literature,3 Units
ENGL 1101W,Classical and Medieval Western Literature,3 Units
ENGL 1103W,Renaissance and Modern Western Literature,3 Units
ENGL 1201,Introduction to American Studies,3 Units
ENGL 1401,Horror,3 Units
ENGL 1601W,"Race, Gender, and the Culture Industry",3 Units
ENGL 1616W,Major Works of English and American Literature,3 Units
ENGL 2013W,Introduction to Writing Studies,3 Units
ENGL 2100,British Literature I,3 Units
ENGL 2101,British Literature II,3 Units
ENGL 2200,Literature and Culture of North America before 1800,3 Units
ENGL 2201,American Literature to 1880,3 Units
ENGL 2201W,American Literature to 1880,3 Units
ENGL 2203,American Literature Since 1880,3 Units
ENGL 2203W,American Literature Since 1880,3 Units
ENGL 2214,African American Literature,3 Units
ENGL 2214W,African American Literature,3 Units
ENGL 2274W,Disability in American Literature and Culture,3 Units
ENGL 2276,American Utopias and Dystopias,3 Units
ENGL 2276W,American Utopias and Dystopias,3 Units
ENGL 2301,Anglophone Literatures,3 Units
ENGL 2301W,Anglophone Literatures,3 Units
ENGL 2401,Poetry,3 Units
ENGL 2401W,Poetry,3 Units
ENGL 2405,Drama,3 Units
ENGL 2407,The Short Story,3 Units
ENGL 2408W,Modern Drama,3 Units
ENGL 2411W,Popular Literature,3 Units
ENGL 2413,The Graphic Novel,3 Units
ENGL 2413W,The Graphic Novel,3 Units
ENGL 2600,Introduction to Literary Studies,3 Units
ENGL 2603,Literary Approaches to the Bible,3 Units
ENGL 2605W,"Capitalism, Literature, and Culture",3 Units
ENGL 2614,Writing with Algorithms,3 Units
ENGL 2635E,Literature and the Environment,3 Units
ENGL 2701,Creative Writing I,3 Units
ENGL 2730W,Travel Writing,3 Units
ENGL 3003W,Topics in Writing Studies: Writing With and About AI,3 Units
ENGL 3010W,Advanced Composition for Prospective Teachers,3 Units
ENGL 3013W,Media Publishing,3 Units
ENGL 3082,Writing Center Practicum,1 Unit
ENGL 3091,Writing Internship,1-8 Units
ENGL 3111W,Medieval English Literature,3 Units
ENGL 3122,Irish Literature in English since 1939,3 Units
ENGL 3122W,Irish Literature in English since 1939,3 Units
ENGL 3212,Asian American Literature,3 Units
ENGL 3215W,Twentieth- and Twenty-First Century African American Literature,3 Units
ENGL 3220W,Jewish American Literature and Culture,3 Units
ENGL 3240E,American Nature Writing,3 Units
ENGL 3265W,American Studies Methods,3 Units
ENGL 3301,Celtic and Norse Myth and Legend,3 Units
ENGL 3320,Literature and Culture of India,3 Units
ENGL 3420,Children's Literature,3 Units
ENGL 3422,Young Adult Literature,3 Units
ENGL 3609,Women's Literature,3 Units
ENGL 3611,Women's Literature 1900 to the Present,3 Units
ENGL 3613,LGBTQ+ Literature,3 Units
ENGL 3623,Studies in Literature and Culture: Indigenous Horror,3 Units
ENGL 3640,British Film,3 Units
ENGL 3699,Independent Study,1-6 Units
ENGL 3701,Creative Writing II,3 Units
ENGL 3703,Writing Workshop,3 Units
ENGL 3703,Writing Workshop: Creative Non-Fiction,3 Units
ENGL 3713,Literary Magazine Editing: Long River Review,3 Units
ENGL 3715E,Nature Writing Workshop,3 Units
ENGL 4101W,Advanced Study: British Literature: Thomas Hardy& Virginia Woolf,3 Units
ENGL 4301W,Advanced Study: Anglophone Literature: Transnational Subjects,3 Units
ENGL 4600W,Advanced Study: Seminars in Literature: Romantic Love in Literature,3 Units
ENGL 4897,Honors VIII: Honors Thesis,3 Units
ENGL 4965W,Advanced Studies in Early Literature: Making New: Remakes & Remixes in Cont. Pop Culture,3 Units
ENGR 1025,Engineering for Impact: Emerging Leaders,1 Unit
ENGR 1166,Foundations of Engineering,3 Units
ENGR 1166,"Foundations of Engineering: CE,CHEG,ME,ENVE,ENGR,BME,MSE,ECE",3 Units
ENGR 1195,Special Topics in Engineering: Sophomore Bridge Fundamentals,3 Units
ENGR 2215,Principles of Manufacturing Engineering,3 Units
ENGR 2300E,Engineering for Human Rights,3 Units
ENGR 3020,"EDOC: Confidence, Communication and Presentation",1 Unit
ENGR 3021,Engineering Ambassadors: Technical Communication and Presentation,1 Unit
ENGR 3024,"Adv - Building our Sistas Strength (BOSS) Leveraging Adversity, Diversity and Intellect (LADI)",3 Units
ENGR 3025,Engineering for Impact - Advanced Leaders,1 Unit
ENGR 3109,Navy STEM Professional Development Seminar,1 Unit
ENGR 3120,LabVIEW Basics for Engineers,1 Unit
ENGR 3195,Special Topics in Engineering: Design of textile based wearable healthcare device,3 Units
ENGR 3195,Special Topics in Engineering: Engineering Peer Mentors,1 Unit
ENGR 3195,Special Topics in Engineering: Human Factors in Design,3 Units
ENGR 3195,Special Topics in Engineering: Ind. Design: Process and Pract,3 Units
ENGR 3195,Special Topics in Engineering: Indust. Design: Digital Fab,3 Units
ENGR 3195,Special Topics in Engineering: STEM Venture Fund,3 Units
ENGR 3195,Special Topics in Engineering: Startup Consulting,3 Units
ENGR 3195,Special Topics in Engineering: UConn Brewing Innovation: Brew Crew,3 Units
ENGR 3209,Sustainable Energy in the 21st Century,3 Units
ENGR 3215,Statistical Quality Control and Reliability for Manufacturing,3 Units
ENGR 3281,Engineering Internship,0 Units
ENGR 3400,Engineering Data Analysis Techniques,3 Units
ENGR 3501,Technology Innovation and Entrepreneurship II,3 Units
ENGR 4002W,Multidisciplinary Engineering Design II,3 Units
ENGR 4244,Nanotechnology II,3 Units
ENGR 4299,Independent Study,1-4 Units
ENVE 1000E,Environmental Sustainability,3 Units
ENVE 2310E,Environmental Engineering Fundamentals,3 Units
ENVE 3111,Brownfield Practicum,3 Units
ENVE 3120,Fluid Mechanics,4 Units
ENVE 3202,Environmental Engineering Laboratory II,1 Unit
ENVE 3230,Air Pollution Control,3 Units
ENVE 3530,Engineering and Environmental Geology,3 Units
ENVE 3995,Special Topics in Environmental Engineering: Environmental Dynamics of Air Pollution,3 Units
ENVE 3996,Directed Research in Environmental Engineering,1-3 Units
ENVE 4310,Environmental Modeling,3 Units
ENVE 4320,Ecological Principles and Engineering,3 Units
ENVE 4530,Geoenvironmental Engineering,3 Units
ENVE 4820,Hydraulic Engineering,3 Units
ENVE 4886,Thesis I,1 Unit
ENVE 4897,Thesis in Environmental Engineering,2 Units
ENVE 4920W,Environmental Engineering Design II,2 Units
ENVE 4996,Independent Research in Environmental Engineering,1-3 Units
ENVE 4999,Independent Study in Environmental Engineering,1-6 Units
ENVS 2000,Integrating Humans and the Environment,3 Units
ENVS 3991,Internship,1-12 Units
ENVS 3999,Independent Study,3 Units
EPSY 1100,Introduction to Special Education,3 Units
EPSY 1450W,"Mind, Body, Health",3 Units
EPSY 2810,Creativity: Debunking Myths and Enhancing Innovation,3 Units
EPSY 3010,Educational Psychology,3 Units
EPSY 3030,UConn Connects Mentoring,3 Units
EPSY 3090,Field Study in Education,1-6 Units
EPSY 3098,Variable Topics: FYE Mentor,2 Units
EPSY 3098,Variable Topics: LLC:Public Health House,2 Units
EPSY 3098,Variable Topics: UConn Connects,3 Units
EPSY 3099,Independent Study for Undergraduates,1-6 Units
EPSY 3110,Exceptionality,2 Units
EPSY 3130,Methods for Teaching Students with Disabilities,4 Units
EPSY 3235,The Resident Assistant,3 Units
EPSY 4010,Assessment of Learning,2 Units
EPSY 4110,Advanced Foundations of Disability,3 Units
EPSY 4115,Directed Student Teaching: Special Education,9 Units
ERTH 1000E,The Human Epoch: Living in the Anthropocene,3 Units
ERTH 1050,Earth's Dynamic Environment,4 Units
ERTH 1051,Earth's Dynamic Environment (Lecture),3 Units
ERTH 1052,Earth's Dynamic Environment (Laboratory),1 Unit
ERTH 2050W,Communicating Earth and Environmental Science,3 Units
ERTH 2310E,Creating and Sustaining National Parks,3 Units
ERTH 2800E,Our Evolving Atmosphere,3 Units
ERTH 3010,Earth History and Global Change,3 Units
ERTH 3040,Earth Materials,3 Units
ERTH 3230,Beaches and Coasts,3 Units
ERTH 3710,Engineering and Environmental Geology,3 Units
ERTH 4110,Sedimentology and Stratigraphy,3 Units
ERTH 4120,Paleobiology,4 Units
ERTH 4230,GIS and Remote Sensing for Geoscience Applications,3 Units
ERTH 4710,Environmental Site Assessment,3 Units
ERTH 4720,Environmental Geochemistry,3 Units
ERTH 4810,Modeling the Changing Atmosphere and Ocean,3 Units
ERTH 4995,Special Topics: How to Read Rock Secrets,1 Unit
ERTH 4996W,Undergraduate Research Thesis in Geoscience,3 Units
ERTH 4999,Independent Study,1-6 Units
EVST 1000E,Introduction to Environmental Studies,3 Units
EVST 3991,Supervised Field Work,1-12 Units
EVST 3999,Independent Study,1-6 Units
EVST 4000W,Environmental Studies Capstone Research Project,3 Units
FNCE 3101,Financial Management,3 Units
FNCE 3230,Real Estate Principles,3 Units
FNCE 3302,Investments and Security Analysis,3 Units
FNCE 3303,Principles of Investments and Derivatives,3 Units
FNCE 3332,Real Estate Investments,3 Units
FNCE 3335,Commercial Real Estate Appraisal,3 Units
FNCE 3715,Personal Finance,3 Units
FNCE 4209,Applications in Financial Management,3 Units
FNCE 4302,Fixed Income Securities,3 Units
FNCE 4303,Advanced Issues in Asset Allocation and Portfolio Management,3 Units
FNCE 4304,Financial Derivatives and Risk Management,3 Units
FNCE 4305,Global Financial Management,3 Units
FNCE 4306,Financial Services,3 Units
FNCE 4309,High Frequency Trading Management,3 Units
FNCE 4410,Security Valuation and Portfolio Management,3 Units
FNCE 4430,Mergers and Acquisitions,3 Units
FNCE 4440,Financial Ethics,1 Unit
FNCE 4895,Special Topics: Applied Invest Analysis Management,3 Units
FNCE 4895,Special Topics: Build Blocks of Invest Analysis,3 Units
FNCE 4895,Special Topics: Hillside Private Capital,3 Units
FNCE 4895,Special Topics: Institutional Investment Management,3 Units
FNCE 4895,Special Topics: Real Estate Investment Fund,3 Units
FNCE 4899,Independent Study,1 Unit
FNCE 4997W,Senior Thesis in Finance,3 Units
FREN 1101,Elementary French I,4 Units
FREN 1102,Elementary French II,4 Units
FREN 1103,Intermediate French I,4 Units
FREN 1104,Intermediate French II,4 Units
FREN 1169,Modernity in Crisis: France and the Francophone World From 1850 to Today,3 Units
FREN 1171,French Cinema,3 Units
FREN 1176,Literature and Cultures of the Postcolonial Francophone World,3 Units
FREN 1177,"Magicians, Witches, Wizards: Parallel Beliefs and Popular Culture in France",3 Units
FREN 3102,French for Engineering II,1 Unit
FREN 3211W,Contemporary France,3 Units
FREN 3215,Introduction to Translation,3 Units
FREN 3218,Francophone Studies,3 Units
FREN 3250,Global Culture in French I,3 Units
FREN 3268,Grammar and Composition,3 Units
FREN 3269,Advanced French Grammar,3 Units
FREN 3270W,French Literature and Civilization in English,3 Units
GEOG 1000,Introduction to Geography,3 Units
GEOG 1010,New Digital Worlds of Geographic Information Science,3 Units
GEOG 1200,Global Urbanization,3 Units
GEOG 1300E,"Climate, Weather, and the Environment",3 Units
GEOG 1302,GIS Modeling of Environmental Change,4 Units
GEOG 1700,World Regional Geography,3 Units
GEOG 2000,Globalization,3 Units
GEOG 2100,Economic Geography,3 Units
GEOG 2200,Introduction to Human Geography,3 Units
GEOG 2300E,Introduction to Physical Geography,3 Units
GEOG 2320E,Climate Change: Current Geographic Issues,3 Units
GEOG 2400E,Introduction to Sustainable Cities,3 Units
GEOG 2500,Introduction to Geographic Information Systems,4 Units
GEOG 2505,Applications of Geographic Information Systems,3 Units
GEOG 3010,Indigenous Geographies in Abya Yala and Turtle Island (The Americas),3 Units
GEOG 3200,Urban Geography,3 Units
GEOG 3350E,"Global Change, Local Action: A Geography of Environmentalism",3 Units
GEOG 3410E,Human Modifications of Natural Environments,3 Units
GEOG 3500Q,Geographic Data Analysis,3 Units
GEOG 3510,Cartographic Techniques,3 Units
GEOG 3600,Global Dynamics of the Shipping Industry,3 Units
GEOG 4000W,Capstone Seminar in Geography,3 Units
GEOG 4095,Special Topics: Introduction to Geospatial Artificial Intelligence,3 Units
GEOG 4099,Independent Study,1-6 Units
GEOG 4230,GIS and Remote Sensing for Geoscience Applications,3 Units
GEOG 4240,"Disaster Risk, Vulnerability, and Resilience",3 Units
GEOG 4340,Biogeography,3 Units
GEOG 4518,Mobile GIS,3 Units
GERM 1001,Elementary German I,4 Units
GERM 1002,Elementary German II,4 Units
GERM 1003,Intermediate German I,4 Units
GERM 1004,Intermediate German II,4 Units
GERM 1140W,German Literature in English,3 Units
GERM 1171,The German Film,3 Units
GERM 2400E,The Environment in German Culture,3 Units
GERM 3221,Introduction to the Sciences in German,1 Unit
GERM 3234,Building Language Skills Through Culture II,3 Units
GERM 3251,German Culture and Civilization,3 Units
GERM 3255,Studies in 20th Century German Literature,3 Units
GERM 3264W,German Cinema in Cross-Cultural Perspective,3 Units
GERM 3292,German Language Practicum,1-6 Units
GERM 3299,Independent Study,1-6 Units
GERM 4246,The Finishing Touch: A Capstone in German Studies,3 Units
GPS 3099,Independent Study,1-6 Units
HCMI 3221,Risk Management and Insurance,3 Units
HCMI 3240,Introduction to Health Care Management,3 Units
HCMI 3243,Health Care Economics,3 Units
HCMI 4225,Health and Social Insurance,3 Units
HCMI 4448,Clinical and Social Issues in Health Care,3 Units
HCMI 4881,Internship in Health Care Management,1-3 Units
HCMI 4899,Independent Study for Undergraduates,1-6 Units
HCMI 4997W,Senior Thesis in Health Care Management and Insurance Studies,3 Units
HDFS 1060,Close Relationships Across the Lifespan,3 Units
HDFS 1070,Individual and Family Development,3 Units
HDFS 2001,Diversity Issues in Human Development and Family Sciences,3 Units
HDFS 2004W,Research Methods in Human Development and Family Sciences,4 Units
HDFS 2100,Human Development: Infancy Through Adolescence,3 Units
HDFS 2120,Introduction to Programs for Young Children,3 Units
HDFS 2200,Human Development: Adulthood and Aging,3 Units
HDFS 2300,Family Interaction Processes,3 Units
HDFS 3080,Supervised Field Experience,3-6 Units
HDFS 3092,Research Practicum in Human Development and Family Sciences,1-6 Units
HDFS 3095,Special Topics: Black Families,3 Units
HDFS 3095,Special Topics: Cultural Diversity in Children's Development,3 Units
HDFS 3102,Early and Middle Childhood Development,3 Units
HDFS 3103,Adolescent Development,3 Units
HDFS 3123,Integrated Curriculum Methods and Materials for Preschool and Kindergarten,3 Units
HDFS 3127,Professional Development and Advocacy in Early Childhood,3 Units
HDFS 3141,Developmental Approaches to Intergroup Relations and Victimization,3 Units
HDFS 3192,Early Childhood Development and Education: Supervised Fieldwork Practicum,4 Units
HDFS 3245,Aging in American Society,3 Units
HDFS 3252,"Death, Dying, and Bereavement",3 Units
HDFS 3261,Men and Masculinities,3 Units
HDFS 3277,Issues in Human Sexuality,3 Units
HDFS 3310,Parent Child Relations in Cross-Cultural Perspective,3 Units
HDFS 3311,Parenthood and Parenting,3 Units
HDFS 3340,Individual and Family Interventions,3 Units
HDFS 3420,Abuse and Violence in Families,3 Units
HDFS 3520,Legal Aspects of Family Life,3 Units
HDFS 3530,Public Policy and the Family,3 Units
HDFS 3540,"Child Welfare, Law and Social Policy",3 Units
HDFS 4004,Senior Seminar in Research Methods,3 Units
HDFS 4007W,Professional Communication in HDFS,3 Units
HDFS 4087W,Honors Thesis,3-6 Units
HDFS 4097,Honors Thesis Preparation Seminar,1 Unit
HDFS 4099,Independent Study for Undergraduates,1-6 Units
HEJS 1002,Elementary Modern Hebrew II,4 Units
HEJS 2204,Jewish Culture in American Film,3 Units
HEJS 3050W,Anthropology of Jews and Jewishness,3 Units
HEJS 3201,Selected Books of the Hebrew Bible,3 Units
HEJS 3298,Variable Topics: Introduction to Genocide Studies,3 Units
HEJS 3299,Independent Study,1-4 Units
HEJS 3330,Palestine Under the Greeks and Romans,3 Units
HEJS 3401W,Jewish American Literature and Culture,3 Units
HEJS 3419,Jewish Responses to the Holocaust,3 Units
HIST 1100W,The Historian as Detective,3 Units
HIST 1200,"World History, 1200-1800",3 Units
HIST 1201,Modern World History,3 Units
HIST 1203,Women in History,3 Units
HIST 1206,Living Through War in World History Since 1500,3 Units
HIST 1300,Western Traditions Before 1500,3 Units
HIST 1400,Modern Western Traditions,3 Units
HIST 1450,Global History of the Second World War,3 Units
HIST 1501,United States History to 1877,3 Units
HIST 1501W,United States History to 1877,3 Units
HIST 1502,U.S. History Since 1877,3 Units
HIST 1502W,U.S. History Since 1877,3 Units
HIST 1503,Introduction to American Studies,3 Units
HIST 1600,Introduction to Latin America and the Caribbean,3 Units
HIST 1600W,Introduction to Latin America and the Caribbean,3 Units
HIST 1805,Key Words in East Asian History and Culture,3 Units
HIST 2020,"Pyramids, Pirates, and the Polis: The Ancient Mediterranean",3 Units
HIST 2100W,The Historian's Craft,3 Units
HIST 2103W,Biography as History: Individuals in their Times,3 Units
HIST 2104W,History through Fiction,3 Units
HIST 2105,History through Film,3 Units
HIST 2205,Personality and Power in History,3 Units
HIST 2222E,Global Environmental History,3 Units
HIST 2240,History of War in the Modern World,3 Units
HIST 2350,Byzantium,3 Units
HIST 2401W,Europe in the Nineteenth Century,3 Units
HIST 2402,Europe in the Twentieth Century,3 Units
HIST 2530,Asian American Experience Since 1850,3 Units
HIST 2541W,The History of Urban America,3 Units
HIST 2550,"Crime, Policing, and Punishment in the United States",3 Units
HIST 2752,Africa in Global History,3 Units
HIST 2822,Modern China,3 Units
HIST 2868W,Foreign Relations of China Since 1949,3 Units
HIST 3207,Genocide after the Second World War,3 Units
HIST 3210,Archaeology of the Age of Sail,3 Units
HIST 3321,Hellenistic World: Alexander to Cleopatra,3 Units
HIST 3326,Ancient Rome: Emperors and Barbarians,3 Units
HIST 3330,Palestine Under the Greeks and Romans,3 Units
HIST 3361,The High and Later Middle Ages,3 Units
HIST 3375,"The Devil in German History: Magic, Evil, and Faust",3 Units
HIST 3400,Europe in the Seventeenth Century,3 Units
HIST 3419,Jewish Responses to the Holocaust,3 Units
HIST 3420,English History to 1603,3 Units
HIST 3440,France Since 1715,3 Units
HIST 3510,Civil War America,3 Units
HIST 3516,Rise of U.S. Global Power,3 Units
HIST 3520,Social and Cultural History of Connecticut and New England,3 Units
HIST 3531,Japanese Americans and World War II,3 Units
HIST 3540E,Environmental History of the Americas,3 Units
HIST 3545,"The Modern Atlantic, 1650-1950",3 Units
HIST 3559,"History of Childhood in the United States, 1620-Present",3 Units
HIST 3562,"History of Women and Gender in the United States, 1850-Present",3 Units
HIST 3563,African American History to 1865,3 Units
HIST 3564,African American History Since 1865,3 Units
HIST 3565,African American Women's History,3 Units
HIST 3568,"Hip Hop, Politics and Youth Culture in America",3 Units
HIST 3569,Slavery in Film,3 Units
HIST 3619W,History of the Caribbean,3 Units
HIST 3620,"Cuba, Puerto Rico, and the Spanish Caribbean",3 Units
HIST 3635,History of Modern Mexico,3 Units
HIST 3674,History of Latinos/as in the United States,3 Units
HIST 3705,The Modern Middle East from 1700 to the Present,3 Units
HIST 3710,Islamic Art History,3 Units
HIST 3809,East Asia Since the Mid-Nineteenth Century,3 Units
HIST 3845,The Vietnam War,3 Units
HIST 3991,Internship,1-6 Units
HIST 4989,Directed Research,3 Units
HIST 4994W,Senior Seminar,3 Units
HIST 4994W,Senior Seminar: History of Capitalism From Medieval Times On,3 Units
HIST 4994W,Senior Seminar: Slavery and Abolition,3 Units
HIST 4994W,Senior Seminar: The History of the Cold War,3 Units
HIST 4997W,Senior Thesis in History,3 Units
HIST 4999,Independent Study,1-6 Units
HRTS 1007,Introduction to Human Rights,3 Units
HRTS 2200,Introduction to Genocide Studies,3 Units
HRTS 2263,"Women, Gender, and Violence",3 Units
HRTS 2300E,Engineering for Human Rights,3 Units
HRTS 2530,African Americans and Social Protest,3 Units
HRTS 2800,Human Rights in the United States,3 Units
HRTS 2996,Directed Research I,1 Unit
HRTS 3042,Theories of Human Rights,3 Units
HRTS 3050,Approaches to Human Rights Advocacy,3 Units
HRTS 3055,Theory and Practice of International Criminal Justice,3 Units
HRTS 3139,Theatre and Human Rights,3 Units
HRTS 3149W,Human Rights through Film,3 Units
HRTS 3207,Genocide after the Second World War,3 Units
HRTS 3209,Sustainable Energy in the 21st Century,3 Units
HRTS 3219W,Topics in Philosophy and Human Rights,3 Units
HRTS 3252,Business and Human Rights,3 Units
HRTS 3254,Social Responsibility and Accountability in Business,3 Units
HRTS 3298,Variable Topics: Human Rights & US/Mex Border:Literature&Film,3 Units
HRTS 3298,"Variable Topics: Image of Love: Images, Love and Human Rights",3 Units
HRTS 3460,Human Rights and Armed Conflict,3 Units
HRTS 3475,Economic Development and Human Rights,3 Units
HRTS 3540,Topics in Human Rights Practice: Human Rights & Social Work,3 Units
HRTS 3540,Topics in Human Rights Practice: Revolution Meets Resolution,3 Units
HRTS 3563,African American History to 1865,3 Units
HRTS 3641,Human Rights Archives II: Visual Storytelling Practices,3 Units
HRTS 3807,Constitutional Rights and Liberties,3 Units
HRTS 4291,Service Learning Seminar/Internship,3 Units
ILCS 1002,Elementary Italian II,4 Units
ILCS 1004,Intermediate Italian II,4 Units
ILCS 1149,Cinema and Society in Contemporary Italy,3 Units
ILCS 1160,Culture of Fascist Italy,3 Units
ILCS 1168,Adaptation: Italian Literature into Film,3 Units
ILCS 1170,Introducing Italy through Its Regions,3 Units
ILCS 3240,Italian Composition and Conversation II,3 Units
ILCS 3248W,The Italian Novella,3 Units
ILCS 3260W,Italian Cinema,3 Units
ILCS 3291,Italian Internship,1-6 Units
ILCS 3295,Special Topics: Fascism and Antifacism in Italian Film and Literat,3 Units
ILCS 3299,Independent Study,1-6 Units
INTD 3584,Seminar in Urban Problems,3 Units
INTD 3590,Urban Field Studies,9 Units
INTD 3594,Urban Semester Field Work Seminar,3 Units
INTD 3594W,Urban Semester Field Work Seminar,3 Units
INTD 3999,Independent Study,3 Units
JAPN 1102,Elementary Japanese II,4 Units
JAPN 1104,Intermediate Japanese II,4 Units
JOUR 1002,The Press in America,3 Units
JOUR 1095,Special Topics: Introduction to Sports Journalism,3 Units
JOUR 2000W,Newswriting I,3 Units
JOUR 2001W,Newswriting II,3 Units
JOUR 2010,Journalism in the Movies,3 Units
JOUR 2065,Mobile Journalism,3 Units
JOUR 2111,Journalism Portfolio I: Multimedia Skills,1 Unit
JOUR 2575,The Art of the Interview in Documentary Filmmaking,3 Units
JOUR 3002,Journalism Ethics,3 Units
JOUR 3012W,Feature Writing,3 Units
JOUR 3015,Sports Reporting Across Multiple Platforms,3 Units
JOUR 3020,Media Law,3 Units
JOUR 3030,Multiplatform Editing,3 Units
JOUR 3030,Multiplatform Editing: Writing Course,3 Units
JOUR 3031,Design for Digital Journalists,3 Units
JOUR 3035,Podcasting,3 Units
JOUR 3040,Newswriting for Broadcast and Digital Media,3 Units
JOUR 3042,Live News Program Production,3 Units
JOUR 3046E,Environmental Journalism,3 Units
JOUR 3087,Honors Thesis Preparation Seminar,1 Unit
JOUR 3093,Foreign Study,1-6 Units
JOUR 3097,Honors Thesis,3 Units
JOUR 3111,Journalism Portfolio II: Content Development,1 Unit
JOUR 4016,Publication Practice,3 Units
JOUR 4065,Video Storytelling,3 Units
JOUR 4091,Supervised Field Internship,1-3 Units
JOUR 4099,Independent Study,1-6 Units
JOUR 4111,Journalism Portfolio III: Professional Presentation,1 Unit
KINS 1100,Exercise and Wellness for Everyone,3 Units
KINS 1160,Courses in Lifetime Sports Program: Intermediate Martial Arts,1 Unit
KINS 1200,Fundamentals of Exercise Testing,1 Unit
KINS 1300,Fundamentals of Resistance Training,1 Unit
KINS 3091,Internship,1-12 Units
KINS 3098,"Variable Topics: K Stringer Institute Health, Safety & Performance",1 Unit
KINS 3098,Variable Topics: Messing About in Boats,2 Units
KINS 3099,Independent Study for Undergraduates,1-6 Units
KINS 3099W,Independent Study for Undergraduates,1-6 Units
KINS 3212,"Field Experiences in Rehabilitation, Health Care, and Sport",3 Units
KINS 3320,Exercise Psychology,3 Units
KINS 3530,Aerobic Training for Health and Performance,3 Units
KINS 3531W,Scientific Writing in Aerobic Training for Health and Performance,1 Unit
KINS 3550,Exercise Prescription for Clinical Populations,3 Units
KINS 3610,Introduction to Honors Research,3 Units
KINS 3615,Honors Literature Review,3 Units
KINS 3697W,Honors Thesis,3 Units
KINS 4205W,Exercise Science Capstone,3 Units
KINS 4510,Advanced Topics in Health and Sport Performance,3 Units
KINS 4511W,Scientific Writing in Advanced Topics in Health and Sport Performance,1 Unit
KORE 1102,Elementary Korean II,4 Units
KORE 1104,Intermediate Korean II,4 Units
LAND 2120,Landscape Architecture: Graphics II Design Communication,4 Units
LAND 2220,History of Designed Landscapes,3 Units
LAND 2410,Landscape Architecture: Design I - Site Analysis,5 Units
LAND 3230WE,Sustainable Environmental Planning and Landscape Design,3 Units
LAND 3311,Landscape Architecture: Construction II - Planting Design,4 Units
LAND 3430,Landscape Architecture: Design III - Program Development,5 Units
LAND 3981,Landscape Architecture Internship,1-6 Units
LAND 3996,Undergraduate Research in Landscape Architecture,1-6 Units
LAND 3999,Independent Study in Landscape Architecture,1-6 Units
LAND 4294,Landscape Architecture: Seminar,3 Units
LAND 4450,Landscape Architecture: Design V - Capstone,5 Units
LING 1010,Language and Mind,3 Units
LING 1030,The Diversity of Languages,3 Units
LING 2010Q,The Science of Linguistics,3 Units
LING 3000Q,Introduction to Computational Linguistics,3 Units
LING 3410Q,Semantics,3 Units
LING 3610W,Language and Culture,3 Units
LING 3789,Undergraduate Research,1-3 Units
LING 3799,Independent Study,1-6 Units
LING 3800,Structure of American Sign Language,3 Units
LLAS 1000,Introduction to Latina/o Studies,3 Units
LLAS 1009,"Latino Literature, Culture, and Society",3 Units
LLAS 1190,Introduction to Latin America and the Caribbean,3 Units
LLAS 1190W,Introduction to Latin America and the Caribbean,3 Units
LLAS 2001,"Latinos, Leadership and Mentoring",3 Units
LLAS 2011W,Introduction to Latino-American Writing and Research,3 Units
LLAS 2012,Latinos in Connecticut: Writing for the Community,4 Units
LLAS 3021,Contemporary Latin America,3 Units
LLAS 3107,Latinx Psychology,3 Units
LLAS 3210,Contemporary Issues in Latino Studies,3 Units
LLAS 3220,History of Latinos/as in the United States,3 Units
LLAS 3230,Latina Narrative,3 Units
LLAS 3265,Literature of Puerto Rico and the Spanish Caribbean,3 Units
LLAS 3320,Media and Diverse Audiences,3 Units
LLAS 3321,Latinas and Media,3 Units
LLAS 3525,Latino Sociology,3 Units
LLAS 3619W,History of the Caribbean,3 Units
LLAS 3635,History of Modern Mexico,3 Units
LLAS 3998,Variable Topics in Latino and Latin American Studies: Anti-imperialism,3 Units
LLAS 3998,Variable Topics in Latino and Latin American Studies: Human Rights on the US/Mexican Border,3 Units
LLAS 3998,Variable Topics in Latino and Latin American Studies: Perspectives on Civilian Law,3 Units
LLAS 3998,Variable Topics in Latino and Latin American Studies: WomensHlth/Latinx&Afroamerican,3 Units
LLAS 3999,Independent Study in Latino and Latin American Studies,1-3 Units
LLAS 4212,Field Internship in Latino Studies,1-3 Units
LLAS 4994W,Latin American Studies Research Seminar,3 Units
MARN 1002E,Introduction to Oceanography,3 Units
MARN 1003E,Introduction to Oceanography with Laboratory,4 Units
MARN 1004,Oceanography Laboratory,1 Unit
MARN 2801WE,Marine Sciences and Society,3 Units
MARN 3000E,The Oceans and Global Climate,3 Units
MARN 3002,Foundations of Marine Sciences,3 Units
MARN 3812,Seminar in Marine Biodiversity and Conservation,3 Units
MARN 3899,Independent Study,1-6 Units
MARN 3995,Special Topics: Environmental Chemistry-Hydrosphere,3 Units
MARN 3996,Directed Research 2,1-6 Units
MARN 4002,Science and the Coastal Environment,3 Units
MARN 4010,Biological Oceanography,3 Units
MARN 4019,Algae and the Environment,3 Units
MARN 4050,Geological Oceanography,3 Units
MARN 4066,River Influences on the Marine Environment,3 Units
MARN 4210Q,Experimental Design in Marine Ecology,4 Units
MARN 4891,Internship in Marine Sciences,1-3 Units
MARN 4897W,Senior Research Thesis,3 Units
MAST 1200,Introduction to Maritime Culture,3 Units
MAST 3532,Archaeology of the Age of Sail,3 Units
MAST 3545,"The Modern Atlantic, 1650-1950",3 Units
MAST 3600,Global Dynamics of the Shipping Industry,3 Units
MAST 4994W,Maritime Studies Capstone Seminar,3 Units
MATH 1011Q,Introductory College Algebra and Mathematical Modeling,3 Units
MATH 1020Q,Problem Solving,3 Units
MATH 1030Q,Elementary Discrete Mathematics,3 Units
MATH 1060Q,Precalculus,3 Units
MATH 1070Q,Mathematics for Business and Economics,3 Units
MATH 1071Q,Calculus for Business and Economics,3 Units
MATH 1131Q,Calculus I,4 Units
MATH 1132Q,Calculus II,4 Units
MATH 2011Q,Fundamentals of Algebra and Geometry,3 Units
MATH 2110Q,Multivariable Calculus,4 Units
MATH 2210Q,Applied Linear Algebra,3 Units
MATH 2360Q,Geometry,3 Units
MATH 2410Q,Elementary Differential Equations,3 Units
MATH 2620,Financial Mathematics I,3 Units
MATH 2705W,Technical Writing in Mathematics,1 Unit
MATH 2710,Transition to Advanced Mathematics,3 Units
MATH 3146,Introduction to Complex Variables,3 Units
MATH 3150,Analysis I,3 Units
MATH 3151,Analysis II,3 Units
MATH 3160,Probability,3 Units
MATH 3170,Elementary Stochastic Processes,3 Units
MATH 3180,Mathematics for Machine Learning,3 Units
MATH 3210,Abstract Linear Algebra,3 Units
MATH 3230,Abstract Algebra I,3 Units
MATH 3231,Abstract Algebra II,3 Units
MATH 3240,Introduction to Number Theory,3 Units
MATH 3250,Combinatorics,3 Units
MATH 3265,Applied Mathematical Logic,3 Units
MATH 3410,Differential Equations for Applications,3 Units
MATH 3435,Partial Differential Equations,3 Units
MATH 3511,Numerical Analysis II,3 Units
MATH 3550,Programming for Actuaries,3 Units
MATH 3615,Financial Mathematics Problems,1 Unit
MATH 3620,Foundations of Actuarial Science,3 Units
MATH 3630,Long-Term Actuarial Mathematics I,4 Units
MATH 3631,Long-Term Actuarial Mathematics II,3 Units
MATH 3636,Actuarial Statistical Modeling I,3 Units
MATH 3637,Actuarial Statistical Modeling II,3 Units
MATH 3639,Actuarial Loss Models,3 Units
MATH 3640,Short-Term Insurance Ratemaking,3 Units
MATH 3641,Short-Term Insurance Reserving,3 Units
MATH 3650,Financial Mathematics II,3 Units
MATH 3660,Advanced Financial Mathematics,3 Units
MATH 3670W,Technical Writing for Actuaries,3 Units
MATH 3710,Introduction to Mathematical Modeling,3 Units
MATH 3790,Field Study Internship,1-3 Units
MATH 3796W,Senior Thesis in Mathematics,3 Units
MATH 3799,Independent Study,1-6 Units
MATH 3899,Independent Study: Actuarial Case Study Competition,1-3 Units
MCB 1201,Virus Hunting: Applied Bioinformatics,4 Units
MCB 2000,Introduction to Biochemistry,4 Units
MCB 2210,Cell Biology,3 Units
MCB 2225,Cell Biology Laboratory,4 Units
MCB 2400,Human Genetics,3 Units
MCB 2410,Genetics,3 Units
MCB 2610,Fundamentals of Microbiology,4 Units
MCB 3004,Biophysical Chemistry II,3 Units
MCB 3022W,Human Disease and the Development of Therapeutic Agents,3 Units
MCB 3100,Introduction to Translational Research,3 Units
MCB 3189,Clinical Research Laboratory,3 Units
MCB 3201,Gene Expression,3 Units
MCB 3211,Cancer Cell Biology and Genetics,3 Units
MCB 3219,Developmental and Regenerative Biology,3 Units
MCB 3246,Virology,3 Units
MCB 3400,Human Evolutionary Genomics,3 Units
MCB 3412,Genetic Engineering and Functional Genomics,3 Units
MCB 3413,Concepts of Genetic Analysis,4 Units
MCB 3417,The Molecular Genetics of Inherited Human Disease,2 Units
MCB 3841W,Research Literature in Molecular and Cell Biology: Anti-Aging Therapeutics,3 Units
MCB 3841W,Research Literature in Molecular and Cell Biology: Molecular Evol of Infect Dis,3 Units
MCB 3843W,Research Literature in Comparative Genomics,3 Units
MCB 3844W,Microbiology and the Media,3 Units
MCB 3849W,Symbiosis: The Science of Living Together,3 Units
MCB 3895,Special Topics: Effective Presentation of Topics in MCB,2 Units
MCB 3899,Independent Study,1-6 Units
MCB 3899,Independent Study: Laboratory Assistants,1-6 Units
MCB 3899,Independent Study: Learning Support,1-6 Units
MCB 4008,Techniques of Biophysical Chemistry,3 Units
MCB 4009,Structure and Function of Biological Macromolecules,3 Units
MCB 4624,Experiments in Bacterial Genetics,3 Units
MCB 4896,Undergraduate Research,1-6 Units
MCB 4897W,Senior Research Thesis,3 Units
MCB 4996,Honors Undergraduate Research,1-6 Units
MCB 4997W,Senior Honors Research Thesis,3 Units
ME 2120,Applied Mechanics II,3 Units
ME 2233,Thermodynamic Principles,3 Units
ME 2234,Applied Thermodynamics,3 Units
ME 3161,Introduction to Robotics,3 Units
ME 3163,Robot Control and Dynamics,3 Units
ME 3220,Mechanical Vibrations,3 Units
ME 3221,Manufacturing Automation,3 Units
ME 3227,Design of Machine Elements,3 Units
ME 3242,Heat Transfer,3 Units
ME 3253,Linear Systems Theory,3 Units
ME 3255,Computational Mechanics,3 Units
ME 3256W,Data-Driven Decisions and Technical Communications,3 Units
ME 3264,Applied Measurements Laboratory,3 Units
ME 3276,Propulsion,3 Units
ME 3295,Special Topics in Mechanical Engineering: Aerodynamics,3 Units
ME 3295,Special Topics in Mechanical Engineering: Aerospace Control Systems,3 Units
ME 3295,Special Topics in Mechanical Engineering: Fundaments of Environmentally Sustainable Aviation,3 Units
ME 3295,Special Topics in Mechanical Engineering: Intro to Products & Processes,3 Units
ME 3295,Special Topics in Mechanical Engineering: Introduction to Composite Manufacturing Processes,3 Units
ME 3295,Special Topics in Mechanical Engineering: Radiation Heat Transfer,3 Units
ME 3295,Special Topics in Mechanical Engineering: Six Sigma Green Belt/Minitab,3 Units
ME 3295,Special Topics in Mechanical Engineering: Soft Robotics,3 Units
ME 3295,Special Topics in Mechanical Engineering: Structural Dynamics,3 Units
ME 3295,Special Topics in Mechanical Engineering: Topology Optimization,3 Units
ME 3296,Independent Research in Mechanical Engineering,1-4 Units
ME 3299,Problems in Mechanical Engineering,1-4 Units
ME 3396,Honors Research,1-4 Units
ME 4973W,Senior Design Project II,3 Units
MEM 1151,Introduction to the Management and Engineering for Manufacturing Program,3 Units
MEM 2211,Introduction to Manufacturing Systems,3 Units
MEM 2213,Introduction to Manufacturing Systems Lab,3 Units
MEM 3221,Introduction to Products and Processes,3 Units
MEM 3231,Computers in Manufacturing,3 Units
MEM 3281,Manufacturing Internship,0 Units
MEM 3295,Special Topics in Management and Engineering for Manufacturing: Intro to bio manuf:pharm prote,3 Units
MEM 3295,Special Topics in Management and Engineering for Manufacturing: Robotics in Manufacturing,3 Units
MEM 3295,Special Topics in Management and Engineering for Manufacturing: Six Sigma Green Belt/Minitab,3 Units
MEM 3299,Problems in Management and Engineering for Manufacturing,1-4 Units
MEM 4296,Honors Research,1-6 Units
MEM 4972W,Senior Design Project II,2 Units
MENT 2234,The Entrepreneurial Journey,3 Units
MENT 3101,Managerial and Interpersonal Behavior,3 Units
MENT 3225,International Business,3 Units
MENT 3234,"Opportunity Generation, Assessment, and Promotion",3 Units
MENT 3235,"Venture Planning, Management, and Growth",3 Units
MENT 3236,Managerial Negotiations,3 Units
MENT 3238,Leading Teams and Organizations,3 Units
MENT 3239,Managing a Diverse Workforce,3 Units
MENT 3501,Technology Innovation and Entrepreneurship II,3 Units
MENT 3741,Foundations of Venture Capital,3 Units
MENT 3742,Venture Investment Sourcing and Analysis,3 Units
MENT 4741,Advanced Venture Investing,3 Units
MENT 4742,Leading a Venture Fund,3 Units
MENT 4895,Special Topics: Advanced ECommerce Entrepreneurship,3 Units
MENT 4895,Special Topics: Agile Innovation in STEM Entrepreneurship,2 Units
MENT 4895,Special Topics: Hillside Private Capital,3 Units
MENT 4899,Independent Study,1-6 Units
MENT 4900,Strategic Management,3 Units
MENT 4902,Strategic Management,3 Units
MENT 4997,Senior Thesis in Management,1-3 Units
MGRK 1102,Elementary Modern Greek II,4 Units
MGRK 1104,Intermediate Modern Greek II,4 Units
MGRK 3295,Special Topics: Language&Culture of Byzantium,3 Units
MGRK 3299,Independent Study,1-6 Units
MISI 1102,General Military Science Ib,1 Unit
MISI 2202,General Military Science IIb,1 Unit
MISI 3302,General Military Science III,3 Units
MISI 4402,General Military Science IV,3 Units
MKTG 2237,Personal Brand Management,3 Units
MKTG 3101,Introduction to Marketing Management,3 Units
MKTG 3208,Consumer Behavior,3 Units
MKTG 3252,Business and Human Rights,3 Units
MKTG 3254,Social Responsibility and Accountability in Business,3 Units
MKTG 3255,Global Issues in Marketing for Social Impact,3 Units
MKTG 3258,Marketing Strategy for Environmental and Social Impact,3 Units
MKTG 3260,Marketing Research,3 Units
MKTG 3452,Professional Selling,3 Units
MKTG 3454,Sales Management and Leadership,3 Units
MKTG 3661,Marketing and Digital Analytics,3 Units
MKTG 3665,Digital Marketing,3 Units
MKTG 3757,Strategic Brand Management,3 Units
MKTG 4362,Marketing Planning and Strategy,3 Units
MLSC 3301,Fundamentals of Medical Laboratory Sciences,3 Units
MLSC 3333,"Mycology, Parasitology and Virology",3 Units
MLSC 4099,Independent Study for Undergraduates,1-6 Units
MLSC 4302,Clinical Chemistry Laboratory,3 Units
MLSC 4312,Hematology Laboratory,3 Units
MLSC 4322,Clinical Immunology Laboratory,1 Unit
MLSC 4342,Clinical Microbiology Laboratory,4 Units
MLSC 4352,Transfusion Services Laboratory,3 Units
MLSC 4372,Urinalysis Laboratory,1 Unit
MLSC 4500,Laboratory Operations and Professional Practice,2 Units
MSE 2002,"Introduction to Structure, Properties, and Processing of Materials II",3 Units
MSE 2053,Materials Characterization and Processing Laboratory,2 Units
MSE 2101,Materials Science and Engineering I,3 Units
MSE 3002,Transport Phenomena in Materials Processing,3 Units
MSE 3004,Mechanical Behavior of Materials,3 Units
MSE 3056,Mechanical Behavior Laboratory,2 Units
MSE 3156,Polymeric Materials,3 Units
MSE 3700,Biomaterials,3 Units
MSE 4034,Corrosion and Materials Protection,3 Units
MSE 4038,Alloy Casting Processes,3 Units
MSE 4040,Materials Selection in Mechanical Design,3 Units
MSE 4095,Special Topics in Materials Science and Engineering: ClassicalAtom-LevelSimulation,3 Units
MSE 4095,Special Topics in Materials Science and Engineering: Materials Science of Additive Manufacturing,3 Units
MSE 4097,Undergraduate Research in Materials Science and Engineering,1-3 Units
MSE 4902W,Capstone Design Project II,3 Units
MSE 4996,Thesis Research in Materials Science and Engineering,1-3 Units
MUSI 1001,Music Appreciation,3 Units
MUSI 1003,Popular Music and Diversity in American Society,3 Units
MUSI 1004,Non-Western Music,3 Units
MUSI 1006,Earthtones: Vocal Ensemble,1 Unit
MUSI 1011,Music Fundamentals and Ear Training I,3 Units
MUSI 1012,Music Fundamentals and Ear Training II,3 Units
MUSI 1101,"Convocation, Concert and Recital Repertoire",0 Units
MUSI 1109,Varsity Band,1 Unit
MUSI 1110,Band: Concert Band,1 Unit
MUSI 1110,Band: Symphonic Band,1 Unit
MUSI 1110,Band: Wind Ensemble,1 Unit
MUSI 1111,Chorus: Chamber Choir for non-majors,1 Unit
MUSI 1111,Chorus: Chamber Singers and Voices of Freedom,1 Unit
MUSI 1111,Chorus: Collegium Singers and Concert Choir,1 Unit
MUSI 1111,Chorus: Collegium Singers and Voices of Freedom,1 Unit
MUSI 1111,Chorus: Collegium Singers for Non-Majors,1 Unit
MUSI 1111,Chorus: Concert Choir for Non-Majors,1 Unit
MUSI 1111,Chorus: Concert Choir&Chamber Singers,1 Unit
MUSI 1111,Chorus: Festival Chorus,1 Unit
MUSI 1111,Chorus: Glee Club,1 Unit
MUSI 1111,Chorus: Glee Club and Voices of Freedom,1 Unit
MUSI 1111,Chorus: UConn Glee Club & Concert Choir,1 Unit
MUSI 1111,Chorus: UConntabile,1 Unit
MUSI 1111,Chorus: UConntabile & Concert Choir,1 Unit
MUSI 1111,Chorus: UConntabile and Voices of Freedom,1 Unit
MUSI 1112,University Symphony Orchestra: Orchestra,1 Unit
MUSI 1113,Chamber Ensemble,1 Unit
MUSI 1114,Voices of Freedom Gospel Choir,1 Unit
MUSI 1115,Jazz Ensembles: Jazz Ensemble,1 Unit
MUSI 1115,Jazz Ensembles: Jazz Lab Band,1 Unit
MUSI 1116,Small Ensemble: Opera Orchestra,1 Unit
MUSI 1116,Small Ensemble: Percussion Ensemble,1 Unit
MUSI 1116,Small Ensemble: Trombone Choir,1 Unit
MUSI 1118,Collegium Musicum,1 Unit
MUSI 1119,Opera Workshop: Opera Studio,1 Unit
MUSI 1119,Opera Workshop: Opera Theater,1 Unit
MUSI 1119,Opera Workshop: Stage Skills for Singers,1 Unit
MUSI 1120,Jazz Combos,1 Unit
MUSI 1221,Secondary Applied Music: Cello,1 Unit
MUSI 1221,Secondary Applied Music: Horn,1 Unit
MUSI 1221,Secondary Applied Music: Jazz Piano,1 Unit
MUSI 1221,Secondary Applied Music: Jazz Saxophone,1 Unit
MUSI 1221,Secondary Applied Music: Organ,1 Unit
MUSI 1221,Secondary Applied Music: Percussion,1 Unit
MUSI 1221,Secondary Applied Music: Piano,1 Unit
MUSI 1221,Secondary Applied Music: String Bass,1 Unit
MUSI 1221,Secondary Applied Music: Trumpet,1 Unit
MUSI 1221,Secondary Applied Music: Tuba,1 Unit
MUSI 1221,Secondary Applied Music: Viola,1 Unit
MUSI 1221,Secondary Applied Music: Violin,1 Unit
MUSI 1221,Secondary Applied Music: Voice,1 Unit
MUSI 1222,Applied Music: Bassoon,1-3 Units
MUSI 1222,Applied Music: Cello,1-3 Units
MUSI 1222,Applied Music: Clarinet,1-3 Units
MUSI 1222,Applied Music: Euphonium,1-3 Units
MUSI 1222,Applied Music: Flute,1-3 Units
MUSI 1222,Applied Music: Guitar,1-3 Units
MUSI 1222,Applied Music: Harp,1-3 Units
MUSI 1222,Applied Music: Horn,1-3 Units
MUSI 1222,Applied Music: Jazz Drum,1-3 Units
MUSI 1222,Applied Music: Jazz Piano,1-3 Units
MUSI 1222,Applied Music: Jazz Saxophone,1-3 Units
MUSI 1222,Applied Music: Jazz Trombone,1-3 Units
MUSI 1222,Applied Music: Jazz Voice,1-3 Units
MUSI 1222,Applied Music: Oboe,1-3 Units
MUSI 1222,Applied Music: Organ,1-3 Units
MUSI 1222,Applied Music: Percussion,1-3 Units
MUSI 1222,Applied Music: Piano,1-3 Units
MUSI 1222,Applied Music: Saxophone,1-3 Units
MUSI 1222,Applied Music: String Bass,1-3 Units
MUSI 1222,Applied Music: Trombone,1-3 Units
MUSI 1222,Applied Music: Trumpet,1-3 Units
MUSI 1222,Applied Music: Tuba,1-3 Units
MUSI 1222,Applied Music: Viola,1-3 Units
MUSI 1222,Applied Music: Violin,1-3 Units
MUSI 1222,Applied Music: Voice,1-3 Units
MUSI 1231,Class Instruction in Piano: Level 2,1 Unit
MUSI 1231,Class Instruction in Piano: Level 4,1 Unit
MUSI 1241,Applied Accompanying: Accompanying,1 Unit
MUSI 1252,Italian Diction for Singers,1 Unit
MUSI 1312,Ear Training and Musicianship II,1 Unit
MUSI 1314,Harmony II,3 Units
MUSI 1501,Applied Music Techniques: Applied Brass Techniques,1 Unit
MUSI 1501,Applied Music Techniques: Percussion,1 Unit
MUSI 1501,Applied Music Techniques: Strings,1 Unit
MUSI 1501,Applied Music Techniques: Voice,1 Unit
MUSI 1501,Applied Music Techniques: Woodwinds,1 Unit
MUSI 1995,Special Topics Lecture: Compositions Projects,1 Unit
MUSI 2254,French Diction for Singers,1 Unit
MUSI 3222,"Applied Music, Advanced Course",1-3 Units
MUSI 3222,"Applied Music, Advanced Course: Cello",1-3 Units
MUSI 3222,"Applied Music, Advanced Course: Clarinet",1-3 Units
MUSI 3222,"Applied Music, Advanced Course: Euphonium",1-3 Units
MUSI 3222,"Applied Music, Advanced Course: Flute",1-3 Units
MUSI 3222,"Applied Music, Advanced Course: Guitar",1-3 Units
MUSI 3222,"Applied Music, Advanced Course: Harp",1-3 Units
MUSI 3222,"Applied Music, Advanced Course: Horn",1-3 Units
MUSI 3222,"Applied Music, Advanced Course: Jazz Drumming",1-3 Units
MUSI 3222,"Applied Music, Advanced Course: Jazz Saxophone",1-3 Units
MUSI 3222,"Applied Music, Advanced Course: Oboe",1-3 Units
MUSI 3222,"Applied Music, Advanced Course: Organ",1-3 Units
MUSI 3222,"Applied Music, Advanced Course: Percussion",1-3 Units
MUSI 3222,"Applied Music, Advanced Course: Piano",1-3 Units
MUSI 3222,"Applied Music, Advanced Course: Saxophone",1-3 Units
MUSI 3222,"Applied Music, Advanced Course: String Bass",1-3 Units
MUSI 3222,"Applied Music, Advanced Course: Trombone",1-3 Units
MUSI 3222,"Applied Music, Advanced Course: Trumpet",1-3 Units
MUSI 3222,"Applied Music, Advanced Course: Tuba",1-3 Units
MUSI 3222,"Applied Music, Advanced Course: Viola",1-3 Units
MUSI 3222,"Applied Music, Advanced Course: Violin",1-3 Units
MUSI 3222,"Applied Music, Advanced Course: Voice",1-3 Units
MUSI 3231,Vocal Pedagogy,2 Units
MUSI 3233,Instrumental Pedagogy,2 Units
MUSI 3234,Instrumental Literature and Performance: Woodwinds,2 Units
MUSI 3312,Ear Training and Musicianship IV,1 Unit
MUSI 3314,Harmony IV,3 Units
MUSI 3322W,Form and Analysis II,3 Units
MUSI 3332,Composition II,2 Units
MUSI 3341,Introduction to Electronic Composition,3 Units
MUSI 3342,Arranging for Music Educators,2 Units
MUSI 3405,Music History from 1750 to the New Millennium,3 Units
MUSI 3407W,History of Jazz,3 Units
MUSI 3410W,"Music, History, and Ideas",3 Units
MUSI 3632,Jazz Arranging II,2 Units
MUSI 3722,Vocal Literature II,2 Units
MUSI 3982,Practicum in Music: Brass Conversion,1-15 Units
MUSI 3982,Practicum in Music: UCMB Leadership,1-15 Units
MUSI 3982,Practicum in Music: Winter Color Guard,1 Unit
MUSI 3982,Practicum in Music: Winter Drumline,1-15 Units
MUSI 3982,Practicum in Music: Winter Front Ensemble,1-15 Units
MUSI 4333,Composition III,2 Units
MUSI 4339,Composition Forum,1 Unit
MUSI 4732,Conducting II: Choral,2 Units
MUSI 4733,Conducting II: Instrumental,2 Units
MUSI 4979,Senior Recital,0 Units
MUSI 4995,Special Topics: Schenkerian Analysis,3 Units
MUSI 4999,Independent Study,1-12 Units
NRE 1000E,Environmental Science,3 Units
NRE 1235E,Environmental Conservation,3 Units
NRE 1250,Community Engagement for Environmental Action,1 Unit
NRE 2000,Introduction to Geomatics,4 Units
NRE 2550,Nature-based Outdoor Recreation Resource Management,3 Units
NRE 2600E,Global Sustainable Natural Resources,3 Units
NRE 3105,Wetlands Biology and Conservation,3 Units
NRE 3115,Air Pollution,3 Units
NRE 3150,Green Stormwater Infrastructure Practices,3 Units
NRE 3201,Conservation Law Enforcement,3 Units
NRE 3305,African Field Ecology and Renewable Resources Management,4 Units
NRE 3335,Wildlife Management,3 Units
NRE 3500,Exurban Silviculture,4 Units
NRE 3690,Field Study Internship,1-6 Units
NRE 3699,Independent Study,1-6 Units
NRE 4000W,Natural Resources Planning and Management,3 Units
NRE 4094,Seminar,1 Unit
NRE 4180,Climate Change Adaptation Science,3 Units
NRE 4340,Ecotoxicology,3 Units
NRE 4370,Population Dynamics,3 Units
NRE 4425,Urban and Community Forestry,3 Units
NRE 4696,Undergraduate Research in Natural Resources,2-6 Units
NRE 4697W,Undergraduate Research Thesis in Natural Resources,3 Units
NURS 1131,Introduction to the Discipline of Nursing,3 Units
NURS 1175W,The End of Life: A Multicultural Interdisciplinary Experience,3 Units
NURS 2175,Global Politics of Childbearing and Reproduction,3 Units
NURS 3110,Clinical Science II,3 Units
NURS 3120,Patient Centered Health Assessment Across the Lifespan,3 Units
NURS 3225,Ethical Ways of Knowing,3 Units
NURS 3334,Theory and Nursing Practice for Perinatal and Women's Health,6 Units
NURS 3444,Theory and Nursing Practice for Child Health,6 Units
NURS 3554,Theory and Nursing Practice for Behavioral Health,6 Units
NURS 3664,Theory and Nursing Practice for Acutely Ill Adults,6 Units
NURS 4250E,Public Health Nursing,3 Units
NURS 4282,Nursing Leadership and Capstone Practicum,9 Units
NURS 4299,Independent Study,1-6 Units
NURS 4300,Clinical Science: Pharmacology and Pathophysiology,3 Units
NURS 4304,Health Assessment and Fundamentals of Nursing Praxis,12 Units
NURS 4597W,Senior Thesis in Nursing,3 Units
NUSC 1161,Husky Reads: Introducing Food and Nutrition to Children through Reading,2 Units
NUSC 1165,Fundamentals of Nutrition,3 Units
NUSC 1167,"Food, Culture and Society",3 Units
NUSC 1645,The Science of Food,3 Units
NUSC 2200,Nutrition and Human Development,3 Units
NUSC 3180,Experience in Community Nutrition,1-6 Units
NUSC 3230,Community Nutrition,3 Units
NUSC 3250,Medical Nutrition Therapy II,3 Units
NUSC 3271,Food Services Systems Management Laboratory/Discussion,2 Units
NUSC 3272,Food Service Systems Management I,2 Units
NUSC 3291,Nutritional Sciences Internship,1-3 Units
NUSC 3350,Nutrient and Food Analysis,3 Units
NUSC 3782,Experience in Food Service Systems Management,1-6 Units
NUSC 4236,Nutritional Biochemistry and Metabolism,4 Units
NUSC 4237W,Writing in Nutritional Sciences,1 Unit
NUSC 4270,Immunological Mechanisms of Disease,3 Units
NUSC 4297W,Senior Thesis in Nutrition,3 Units
NUSC 4299,Independent Study,1-3 Units
OPIM 3103,Business Information Systems,3 Units
OPIM 3104,Operations Management,3 Units
OPIM 3203,Analytics for Business Intelligence,3 Units
OPIM 3204,Database Design and Management,3 Units
OPIM 3207,Information Security,3 Units
OPIM 3211,Systems Analysis and Design,3 Units
OPIM 3301,Spreadsheet Modeling for Business Analysis,3 Units
OPIM 3302,Data Visualization,3 Units
OPIM 3401,Business Software Development,3 Units
OPIM 3402,Mobile Application Development,3 Units
OPIM 3505,Business Database Management,3 Units
OPIM 3510,Business Data Analytics I,3 Units
OPIM 3511,Business Data Analytics II,3 Units
OPIM 3512,Project Management for Business Data Analytics,3 Units
OPIM 3601,Managerial Supply Chain Management,3 Units
OPIM 3602,Supply Chain Logistics,3 Units
OPIM 3603,Project Management and Planning,3 Units
OPIM 3701,Network Design and Applications,3 Units
OPIM 3702,"Risk, Trust, and Modern Security",3 Units
OPIM 3806,Introduction to Cryptocurrency and Blockchain Technology,3 Units
OPIM 4895,Special Topics: AI Literacy: Navigating the Future of Business,3 Units
OPIM 4899,Independent Study,1-6 Units
OPIM 4996,Independent Honors Research in OPIM,3 Units
OPIM 4997,Senior Thesis in Operations and Information Management,3 Units
PATH 1100E,"One Health: People, Animals, Plants, and the Environment",3 Units
PATH 1202,Fundamental Biomedical Laboratory Techniques,2 Units
PATH 2301,Health and Disease Management of Animals,3 Units
PATH 2720,Medical Microbiology: Viruses and Parasites,4 Units
PATH 3094W,Seminar,2 Units
PATH 3095,Special Topics: Systems Pathophysiology II Laboratory,1 Unit
PATH 3099,Independent Study,1-6 Units
PATH 3401,Immunobiology,3 Units
PATH 3501,Diagnostic Techniques for the Biomedical Sciences,2 Units
PATH 3700,Emerging Infectious Diseases and Pandemics,3 Units
PATH 3820,Systems Pathophysiology II,3 Units
PATH 4000,Bioinformatics in Molecular Epidemiology of Infectious Diseases,3 Units
PATH 4197W,Pathobiology Honors Thesis,3 Units
PHAR 3097W,Honors Thesis in Pharmacy,3 Units
PHAR 3099,Undergraduate Research,1-6 Units
PHIL 1101,Problems of Philosophy,3 Units
PHIL 1102,Philosophy and Logic,3 Units
PHIL 1104,Philosophy and Social Ethics,3 Units
PHIL 1107,Philosophy and Gender,3 Units
PHIL 1108E,Environmental Philosophy,3 Units
PHIL 1109,Global Existentialism,3 Units
PHIL 1165W,Philosophy and Literature,3 Units
PHIL 1175,Ethical Issues in Health Care,3 Units
PHIL 2208,Epistemology,3 Units
PHIL 2211Q,Symbolic Logic I,3 Units
PHIL 2215,Ethics,3 Units
PHIL 2215W,Ethics,3 Units
PHIL 2217,Social and Political Philosophy,3 Units
PHIL 2221,Ancient Greek Philosophy,3 Units
PHIL 2222,Early Modern European Philosophy,3 Units
PHIL 2410,Know Thyself,3 Units
PHIL 3212E,Philosophy and Global Climate Change,3 Units
PHIL 3214,Symbolic Logic II,3 Units
PHIL 3218,Feminist Theory,3 Units
PHIL 3219W,Topics in Philosophy and Human Rights,3 Units
PHIL 3228,American Philosophy,3 Units
PHIL 3250W,Philosophy of Mind,3 Units
PHIL 3298,Variable Topics: Paradoxes,3 Units
PHIL 4297W,Senior Thesis in Philosophy,3 Units
PHRX 3001,Immunology,2 Units
PHRX 3003,Nutrition,2 Units
PHRX 3007,Drug Information II,2 Units
PHRX 3031,Foundations in Pharmaceutics I,4 Units
PHRX 3032,Non-Sterile Pharmaceutical Compounding,1 Unit
PHRX 3040,Neurology Module,4 Units
PHRX 3057,Discovering the Leader Within,1 Unit
PHRX 3058,Future Pharmacy Leaders,1 Unit
PHRX 3061,Pharmaceutical Industry Fundamentals for Pharmacists,1 Unit
PHRX 3065,Pharmacy Skills Development II,2 Units
PHRX 3095,Special Topics: Fundamentals of Managed Care Pharmacy,1 Unit
PHRX 3097W,Honors Thesis in Pharmacy,3 Units
PHRX 3099,Undergraduate Research,1-6 Units
PHRX 4000,Pharmacoeconomics,1 Unit
PHRX 4001W,Current Topics in Pharmacy: Benefit and Harms  Assoc. with,3 Units
PHRX 4001W,Current Topics in Pharmacy: Discovering the Leader Within,3 Units
PHRX 4001W,Current Topics in Pharmacy: Drugs & Society,3 Units
PHRX 4042,Gastroenterology Module,2 Units
PHRX 4043,Endocrine Module,3 Units
PHRX 4044,Dermatology Module,1 Unit
PHRX 4054,Urban Service Track,1 Unit
PHRX 4059,Follow the Money: Impact of Payment Reform and Health Policy on Pharmacy Practice,2 Units
PHRX 4060,Leadership in Pharmacy,2 Units
PHRX 4062,Healthcare Ethics and History,2 Units
PHRX 4065,Pharmacy Skills Development IV,2 Units
PHRX 5043,Infectious Disease Module,4 Units
PHRX 5044,Hematology/Oncology Module,3 Units
PHRX 5045,Special Populations,4 Units
PHRX 5048,Patient Assessment,2 Units
PHRX 5052,Pharmacotherapy of Diabetes Mellitus,2 Units
PHRX 5065,Pharmacy Skills Development VI,2 Units
PHRX 5070,Continuous Registration,0 Units
PHRX 5100,Professional Experience in Community Pharmacy,4 Units
PHRX 5101,Professional Experience in Health System Pharmacy,4 Units
PHRX 5102,Professional Experience in Ambulatory Care,4 Units
PHRX 5103,Professional Experience in General Medicine,4 Units
PHRX 5104,Professional Experience in Cardiology,4 Units
PHRX 5105,Professional Experience in Infectious Disease,4 Units
PHRX 5106,Professional Experience in Oncology,4 Units
PHRX 5107,Professional Experience in Psychiatry,4 Units
PHRX 5108,Professional Experience in Pediatrics,4 Units
PHRX 5109,Professional Experience in Geriatrics,4 Units
PHRX 5110,Professional Experience in Community Pharmacy II,4 Units
PHRX 5111,Professional Experience in Critical Care,4 Units
PHRX 5114,Professional Experience in Emergency Medicine,4 Units
PHRX 5115,Professional Experience in Home Health Care,4 Units
PHRX 5116,Professional Experience in Health System Pharmacy II,4 Units
PHRX 5117,Professional Experience in Industry,4 Units
PHRX 5118,Professional Experience in Managed Care,4 Units
PHRX 5119,Professional Experience in Nuclear Pharmacy,4 Units
PHRX 5122,Professional Experience in Long-term Care,4 Units
PHRX 5123,Professional Experience in Surgery,4 Units
PHRX 5124,Professional Experience In General Medicine II,4 Units
PHRX 5125,Professional Experience in Ambulatory Care II,4 Units
PHRX 5126,Professional Experience in Anticoagulation Service,4 Units
PHRX 5128,Professional Experience in Hospice Care,4 Units
PHRX 5133,Professional Experience in Clinical Toxicology,4 Units
PHRX 5135,Professional Experience in Investigational Drug Service,4 Units
PHRX 5136,Professional Experience in Drug Information,4 Units
PHRX 5137,Professional Experience in Pediatrics II,4 Units
PHRX 5138,Professional Experience in Industry II,4 Units
PHRX 5139,Professional Experience in a Professional Organization,4 Units
PHRX 5140,Professional Experience at Food and Drug Administration (FDA),4 Units
PHRX 5141,Professional Experience in Oncology II,4 Units
PHRX 5143,Professional Experience in Psychiatry II,4 Units
PHRX 5146,Professional Experience in Managed Care II,4 Units
PHRX 5147,Professional Experience in International Pharmacy,4 Units
PHRX 5149,Professional Experience in Critical Care II,4 Units
PHRX 5150,Professional Experience in Pain Management,4 Units
PHRX 5152,Professional Experience in Patient Safety,4 Units
PHRX 5153,Professional Experience in Academia,4 Units
PHRX 5154,Professional Experience in Organ Transplant,4 Units
PHRX 5155,Professional Experience in International Pharmacy II,4 Units
PHRX 5157,Professional Experience in Clinical-based Community Practice,4 Units
PHRX 5161,Professional Experience in Pharmacy Informatics,4 Units
PHRX 5164,Professional Experience in Infectious Disease II,4 Units
PHRX 5165,Professional Experience in Management,4 Units
PHRX 5166,Professional Experience in Research I,4 Units
PHRX 5167,Professional Experience in Urban Service,4 Units
PHRX 5169,Professional Experience in Leadership,4 Units
PHRX 5170,Professional Experience in Medical Writing,4 Units
PHRX 5171,Professional Experience in Antimicrobial Stewardship,4 Units
PHRX 5172,Professional Experience in Health System-based Clinical Practice,4 Units
PHRX 5173,Professional Experience Academic Leadership,4 Units
PHRX 5175,Professional Experience in Population Health,4 Units
PHRX 5195,Special Topics in Clinical Rotations: Veterinary Medicine,4 Units
PHRX 5199,Professional Experience in Research II,4 Units
PHRX 5265,P4 Professional Development II,0 Units
PHYS 1010Q,Elements Of Physics,4 Units
PHYS 1025Q,Introductory Astronomy with Laboratory,4 Units
PHYS 1030Q,Physics of the Environment,3 Units
PHYS 1040QE,Cosmic Origins of Life,3 Units
PHYS 1201Q,General Physics I,4 Units
PHYS 1202Q,General Physics II,4 Units
PHYS 1230,General Physics Problems,3 Units
PHYS 1401Q,General Physics with Calculus I,4 Units
PHYS 1402Q,General Physics with Calculus II,4 Units
PHYS 1501Q,Physics for Engineers I,4 Units
PHYS 1502Q,Physics for Engineers II,4 Units
PHYS 1601Q,Fundamentals of Physics I,4 Units
PHYS 1601Q,Fundamentals of Physics I: Honors Section,4 Units
PHYS 2300,The Development of Quantum Physics,3 Units
PHYS 2400,Mathematical Methods for the Physical Sciences,3 Units
PHYS 2501W,Advanced Undergraduate Laboratory,4 Units
PHYS 2702,Techniques of Modern Astrophysics,3 Units
PHYS 3101,Mechanics I,3 Units
PHYS 3150,Electronics,3 Units
PHYS 3201,Electricity and Magnetism I,3 Units
PHYS 3202,Electricity and Magnetism II,3 Units
PHYS 3300,Statistical and Thermal Physics,3 Units
PHYS 3401,Quantum Mechanics I,3 Units
PHYS 3402,Quantum Mechanics II,3 Units
PHYS 3989,Undergraduate Research,1-3 Units
PHYS 4095,Special Topics: Quantum Computation and Quantum Information,3 Units
PHYS 4096W,Research Thesis in Physics,3 Units
PHYS 4099,Independent Study,1-3 Units
PHYS 4140,Principles of Lasers,3 Units
PHYS 4710,Stars and Compact Objects,3 Units
PNB 1195,Special Topics: Introduction to Academic Research in PNB,1-6 Units
PNB 2201,Learning by Experiencing and Applying Physiological Principles II,2 Units
PNB 2250,Comparative Animal Physiology,3 Units
PNB 2265,Human Physiology and Anatomy,4 Units
PNB 2774,Enhanced Human Physiology and Anatomy I,4 Units
PNB 2775,Enhanced Human Physiology and Anatomy II,4 Units
PNB 2776,Enhanced Human Physiology and Anatomy Laboratory,2 Units
PNB 3120W,Public Communication of Physiology and Neurobiology,3 Units
PNB 3179,Molecular Physiology in Drosophila Models,2 Units
PNB 3180,Field Study in Physiology and Neurobiology,1-4 Units
PNB 3251,Biology of the Brain,3 Units
PNB 3253W,Current Topics in Molecular and Developmental Neurobiology,3 Units
PNB 3255,Human Neuroanatomy,2 Units
PNB 3260,Stem Cell Biology,3 Units
PNB 3264W,Molecular Principles of Physiology,4 Units
PNB 3265,Comparative Endocrinology,3 Units
PNB 3275,Biology of Synaptic Transmission,2 Units
PNB 3278,Patient and the Healer,2 Units
PNB 3295,Special Topics: Human Physiology in Environmental Extremes,1 Unit
PNB 3296,Undergraduate Research in Physiology and Neurobiology,1-4 Units
PNB 3299,Independent Study,1-6 Units
PNB 3700,Sensory Physiology,3 Units
PNB 4296,Honors Undergraduate Research In Physiology and Neurobiology,1-3 Units
PNB 4297W,Senior Research Thesis in Physiology and Neurobiology,3 Units
POLS 1002,Introduction to Political Theory,3 Units
POLS 1202,Introduction to Comparative Politics,3 Units
POLS 1207,Introduction to Nonwestern Politics,3 Units
POLS 1402,Introduction to International Relations,3 Units
POLS 1602,Introduction to American Politics,3 Units
POLS 1996,Introduction to Research,1-4 Units
POLS 2023,Political Theory in Film,3 Units
POLS 2072Q,Quantitative Analysis in Political Science,3 Units
POLS 2073Q,Advanced Quantitative Methods in Political Science,3 Units
POLS 2221,Introduction to Government and Politics in the Middle East and North Africa,3 Units
POLS 2429,Political Violence,3 Units
POLS 2450,Nuclear Security,3 Units
POLS 2602W,Religion and Politics in America,3 Units
POLS 2622,State and Local Government,3 Units
POLS 2807,Women and the Law,3 Units
POLS 2996,Directed Research I,1-4 Units
POLS 2998,Variable Topics in Contemporary Political Issues: Civil Wars and World Politics,3 Units
POLS 2998,Variable Topics in Contemporary Political Issues: LGBTQ+ Politics in the US,3 Units
POLS 2998,Variable Topics in Contemporary Political Issues: Perspectives on Civilian Law,3 Units
POLS 2998,Variable Topics in Contemporary Political Issues: Political Psychology in International Relations,3 Units
POLS 2998,"Variable Topics in Contemporary Political Issues: Prisons, Policing, and Punishment",3 Units
POLS 2998W,Variable Topics in Contemporary Political Issues: Comparative Political Theory,3 Units
POLS 2998W,Variable Topics in Contemporary Political Issues: Politics of Horror,3 Units
POLS 2998W,Variable Topics in Contemporary Political Issues: Surveillance and the Politics of Visibility,3 Units
POLS 3012,Modern Political Theory,3 Units
POLS 3017,Contemporary Political Theory,3 Units
POLS 3025,Political Theory and Popular Music,3 Units
POLS 3042,Theories of Human Rights,3 Units
POLS 3202,Comparative Political Parties and Electoral Systems,3 Units
POLS 3209,Sustainable Energy in the 21st Century,3 Units
POLS 3245,Chinese Politics and Economy,3 Units
POLS 3410,International Political Economy,3 Units
POLS 3418W,International Organizations and Law,3 Units
POLS 3434W,Honors Core: Excavating the International in Everyday Practices,3 Units
POLS 3464W,Arab-Israeli Conflict,3 Units
POLS 3610W,American Politics in Film,3 Units
POLS 3612,Electoral Behavior,3 Units
POLS 3617,American Political Economy,3 Units
POLS 3628,Connecticut General Assembly,3 Units
POLS 3652,Black Feminist Politics,3 Units
POLS 3662,Latino Political Behavior,3 Units
POLS 3710,Political Science Fiction,3 Units
POLS 3802,Constitutional Law,3 Units
POLS 3807,Constitutional Rights and Liberties,3 Units
POLS 3817,Law and Society,3 Units
POLS 3827,Politics of Crime and Justice,3 Units
POLS 3842,Public Administration,3 Units
POLS 3991,Supervised Field Work,1-12 Units
POLS 3991,Supervised Field Work: CGA Legislative Internship,1-12 Units
POLS 3999,Independent Study,1-6 Units
POLS 4894,Political Science Colloquium,1 Unit
POLS 4997W,Senior Thesis,3 Units
PP 1001,Introduction to Public Policy,3 Units
PP 3020W,Cases in Public Policy,3 Units
PP 3032,Budgeting in Public Service Organizations,3 Units
PP 3033,Race and Policy,3 Units
PP 3098,Public Policy Issues: Local Gov. Mgmt and Leadership,3 Units
PP 3098,Public Policy Issues: Policymaking and Legislation,3 Units
PP 3098,Public Policy Issues: Principles and Methods of Survey Research II,3 Units
PP 3098,Public Policy Issues: Program Development & Evaluation,3 Units
PP 3098,"Public Policy Issues: Public Policy, Diversity, and Inclusion",3 Units
PP 3098,Public Policy Issues: Survey Research Analysis & Reporting,3 Units
PP 3098,Public Policy Issues: Urban and Regional Policy,3 Units
PP 4346,Child and Family Policy,3 Units
PSYC 1100,General Psychology I,3 Units
PSYC 1101,General Psychology II,3 Units
PSYC 1103,General Psychology II (Enhanced),4 Units
PSYC 2100WQ,Principles of Research in Psychology,4 Units
PSYC 2101,Introduction to Multicultural Psychology,3 Units
PSYC 2200,Physiological Psychology,3 Units
PSYC 2201,Drugs And Behavior,3 Units
PSYC 2208,Sensory Systems Neuroscience,3 Units
PSYC 2209,Learning and Memory: From Brain to Behavior,3 Units
PSYC 2300,Abnormal Psychology,3 Units
PSYC 2301,The Study of Personality,3 Units
PSYC 2400,Developmental Psychology,3 Units
PSYC 2500,Learning,3 Units
PSYC 2501,Cognitive Psychology,3 Units
PSYC 2600,Industrial/Organizational Psychology,3 Units
PSYC 2700,Social Psychology,3 Units
PSYC 3100,The History and Systems of Psychology,3 Units
PSYC 3101,Psychological Testing,3 Units
PSYC 3102,Psychology of Women,3 Units
PSYC 3104E,Environmental Psychology,3 Units
PSYC 3105,Health Psychology,3 Units
PSYC 3106,Black Psychology,3 Units
PSYC 3107,Latinx Psychology,3 Units
PSYC 3201,Animal Behavior,3 Units
PSYC 3251,Laboratory in Physiological Psychology,3 Units
PSYC 3252,Drugs and Behavior Laboratory,3 Units
PSYC 3253,Sensory Neuroscience Laboratory,3 Units
PSYC 3300,Abnormal Child Psychology,3 Units
PSYC 3301,Introduction to Clinical Psychology,3 Units
PSYC 3450W,Laboratory in Developmental Psychology,4 Units
PSYC 3470,Current Topics in Developmental Psychology: Cognitive Development,3 Units
PSYC 3470,Current Topics in Developmental Psychology: Language Development,3 Units
PSYC 3500,The Psychology of Language,3 Units
PSYC 3501,Sensation and Perception,3 Units
PSYC 3502,Psychology of Consciousness,3 Units
PSYC 3503,Computer Modeling of Cognitive Processes,3 Units
PSYC 3504,Music Perception and Cognition,3 Units
PSYC 3600,Social-Organizational Psychology,3 Units
PSYC 3701W,Psychology of the Arts,3 Units
PSYC 3770,Current Topics in Social Psychology: Psychology of Identity,3 Units
PSYC 3880,Field Experience,1-6 Units
PSYC 3884,Seminar in Psychology,3 Units
PSYC 3884,Seminar in Psychology: Latino/a/e Psychology,3 Units
PSYC 3889,Undergraduate Research,1-6 Units
PSYC 3889,Undergraduate Research: Behavioral Neuroscience,1-6 Units
PSYC 3889,Undergraduate Research: Behavioral Neuroscience Research,1-6 Units
PSYC 3889,Undergraduate Research: Child & Adolescent Social-Emotional Development,1-6 Units
PSYC 3889,Undergraduate Research: Developmental Cognitive Neuroscience Research,1-6 Units
PSYC 3889,Undergraduate Research: Health Behavior Research,1-6 Units
PSYC 3889,Undergraduate Research: Human Behavioral Neuroscience Research,1-6 Units
PSYC 3889,Undergraduate Research: Neuropsychopharmacology Research,1-6 Units
PSYC 3889,Undergraduate Research: Psycholinguistics,1-6 Units
PSYC 3889,Undergraduate Research: Research in Cognitive Neurscience,1-6 Units
PSYC 3889,Undergraduate Research: Stressful Work Experience Lab,1-6 Units
PSYC 3899,Independent Study,1-6 Units
PSYC 4197W,Senior Thesis in Psychology,3 Units
PUBH 3001,Introduction to Epidemiology,3 Units
SLHS 1150,Introduction to Communication Disorders,3 Units
SLHS 1150W,Introduction to Communication Disorders,3 Units
SLHS 2156Q,Speech and Hearing Science,3 Units
SLHS 2203,"Anatomy and Physiology of Speech, Hearing, and Swallowing",3 Units
SLHS 2204,Speech and Language Acquisition,3 Units
SLHS 3247,Introduction to Phonetic Principles,3 Units
SLHS 3248,Introduction to Audiology,3 Units
SLHS 3295,Special Topics: Collaborative Learning and Academic Engagement,1 Unit
SLHS 3299,Independent Study,1-6 Units
SLHS 4245,Neuroscience of Cognitive and Communication Disorders,3 Units
SLHS 4249,Introduction to Aural Rehabilitation,3 Units
SLHS 4249W,Introduction to Aural Rehabilitation,4 Units
SLHS 4251,"Introduction to Articulation, Voice, and Fluency Disorders",3 Units
SLHS 4254,Introduction to Language Disorders in Children,3 Units
SLHS 4254W,Introduction to Language Disorders in Children,4 Units
SLHS 4296W,Senior Thesis,1-6 Units
SOCI 1001,Introduction to Sociology,3 Units
SOCI 1001W,Introduction to Sociology,3 Units
SOCI 1251,Social Problems,3 Units
SOCI 1251,Social Problems: Health and Society,3 Units
SOCI 1251W,Social Problems,3 Units
SOCI 1501,"Race, Class, and Gender",3 Units
SOCI 1501W,"Race, Class, and Gender",3 Units
SOCI 2240W,Sociology of Race and Religion,3 Units
SOCI 2271,The Social Construction of Happiness,3 Units
SOCI 2275,Social Well-Being,3 Units
SOCI 2280,Sociology of Mental Illness,3 Units
SOCI 2301,Criminology,3 Units
SOCI 2310,Introduction to Criminal Justice,3 Units
SOCI 2411,Work and Occupations,3 Units
SOCI 2510,Ethnicity and Race,3 Units
SOCI 2530,African Americans and Social Protest,3 Units
SOCI 2651,Sociology of the Family,3 Units
SOCI 2651W,Sociology of the Family,3 Units
SOCI 2655W,Sociology of Carework,3 Units
SOCI 2660,Sociology of Health,3 Units
SOCI 2670,Sociology of Religion,3 Units
SOCI 2680W,Sociology of Sexualities,3 Units
SOCI 2701E,Sustainable Societies,3 Units
SOCI 2800,Human Rights in the United States,3 Units
SOCI 2901,Urban Sociology,3 Units
SOCI 2996,Directed Research I,1-6 Units
SOCI 3201,Methods of Social Research,3 Units
SOCI 3211Q,Quantitative Methods in Social Research,4 Units
SOCI 3251,Social Theory,3 Units
SOCI 3251W,Social Theory,3 Units
SOCI 3425,Social Welfare and Social Work,3 Units
SOCI 3453W,Women and Health,3 Units
SOCI 3525,Latino Sociology,3 Units
SOCI 3601,Sociology of Gender,3 Units
SOCI 3823W,The Sociology of Law: Global and Comparative Perspectives,3 Units
SOCI 3990,Internship: Field Experience,1-6 Units
SOCI 3991,Internship: Research Paper,1-2 Units
SOCI 3991W,Internship: Research Paper,1-2 Units
SOCI 3996W,Senior Thesis in Sociology,3 Units
SOCI 3999,Independent Study,1-6 Units
SOWK 2995,Special Topics in Social Work: Human Rights and Social Work,3 Units
SOWK 3101,Human Behavior and Social Environment II,3 Units
SOWK 3201,Advocacy for Social Policy Change,3 Units
SOWK 3350,Research Methods for Social Work Practice,3 Units
SOWK 3503,Social Work Practice with Communities and Organizations,3 Units
SOWK 3701,Field Education II,3 Units
SOWK 3801,Field Seminar II,3 Units
SPAN 1001,Elementary Spanish I,4 Units
SPAN 1002,Elementary Spanish II,4 Units
SPAN 1003,Intermediate Spanish I,4 Units
SPAN 1004,Intermediate Spanish II,4 Units
SPAN 1007,Major Works of Hispanic Literature in Translation,3 Units
SPAN 1009,"Latino Literature, Culture, and Society",3 Units
SPAN 1010,Contemporary Spanish Culture and Society through Film,3 Units
SPAN 3102,Spanish for Engineering II,1 Unit
SPAN 3172,Spanish for the Health Professions,3 Units
SPAN 3178,Intermediate Spanish Composition,3 Units
SPAN 3179,Spanish Conversation: Cultural Topics,3 Units
SPAN 3200,Spanish Civilization to the Modern Period,3 Units
SPAN 3206,Contemporary Spain,3 Units
SPAN 3207,Women's Studies in Spanish,3 Units
SPAN 3208,Issues in Hispanic Thought: Anti-Imperialism,3 Units
SPAN 3230,Introduction to Literary Study,3 Units
SPAN 3232,Literature of Crisis in Modern Spain,3 Units
SPAN 3240W,Advanced Spanish Composition,3 Units
SPAN 3241,Spanish Phonetics,3 Units
SPAN 3242,Spanish Communicative Grammar,3 Units
SPAN 3250,Film in Spain and Latin America,3 Units
SPAN 3260,Studies in Spanish-American Literature,3 Units
SPAN 3265,Literature of Puerto Rico and the Spanish Caribbean,3 Units
SPAN 3267W,The Spanish-American Short Story,3 Units
STAT 1000Q,Introduction to Statistics I,4 Units
STAT 1100Q,Elementary Concepts of Statistics,4 Units
STAT 2215Q,Introduction to Statistics II,3 Units
STAT 2255,Statistical Programming,3 Units
STAT 3005,Biostatistics for Health Professions,3 Units
STAT 3025Q,Statistical Methods,3 Units
STAT 3115Q,Analysis of Experiments,3 Units
STAT 3215Q,Applied Linear Regression in Data Science,3 Units
STAT 3255,Introduction to Data Science,3 Units
STAT 3345Q,Probability Models for Engineers,3 Units
STAT 3375Q,Introduction to Mathematical Statistics I,3 Units
STAT 3445,Introduction to Mathematical Statistics II,3 Units
STAT 3494W,Undergraduate Seminar,1 Unit
STAT 3515Q,Design of Experiments,3 Units
STAT 3675Q,Statistical Computing,4 Units
STAT 4190,Field Study Internship,1-3 Units
STAT 4195,Special Topics: Causal Inference,3 Units
STAT 4195,Special Topics: Deep Learning,3 Units
STAT 4299,Independent Study,1-6 Units
STAT 4389,Undergraduate Research,3 Units
STAT 4625,Introduction to Biostatistics,3 Units
STAT 4825,Applied Time Series,3 Units
STAT 4915,Data Science in Action,3 Units
STAT 4916W,Writing in Data Science,1 Unit
TRST 3011,The Art of Literary Translation,3 Units
UNIV 1730,Holster Research Proposal Development,1 Unit
UNIV 1800,FYE University Learning Skills,1 Unit
UNIV 1800,FYE University Learning Skills: University Learning Skills,1 Unit
UNIV 1810,FYE Learning Community Seminar: LC:  Psychological Sciences,1 Unit
UNIV 1810,FYE Learning Community Seminar: LC: Contemp Issues in the World of Business,1 Unit
UNIV 1810,FYE Learning Community Seminar: LC: Ideas and Impact,1 Unit
UNIV 1810,FYE Learning Community Seminar: LCI Latin American Art and Culture,1 Unit
UNIV 1810,FYE Learning Community Seminar: LLC:  Business Connections House,1 Unit
UNIV 1810,FYE Learning Community Seminar: LLC:  Connecting with the Arts House,1 Unit
UNIV 1810,FYE Learning Community Seminar: LLC:  Innovation House,1 Unit
UNIV 1810,FYE Learning Community Seminar: LLC:  Leadership House,1 Unit
UNIV 1810,FYE Learning Community Seminar: LLC:  Nursing House,1 Unit
UNIV 1810,FYE Learning Community Seminar: LLC:  Public Health House,1 Unit
UNIV 1810,FYE Learning Community Seminar: LLC:  ScHOLA2RS House,1 Unit
UNIV 1810,FYE Learning Community Seminar: LLC:  WiMSE House,1 Unit
UNIV 1810,FYE Learning Community Seminar: LLC: BSOUL House,1 Unit
UNIV 1810,FYE Learning Community Seminar: LLC: Engineering House,1 Unit
UNIV 1810,FYE Learning Community Seminar: LLC: Global House,1 Unit
UNIV 1810,FYE Learning Community Seminar: LLC: Humanities House,1 Unit
UNIV 1810,FYE Learning Community Seminar: LLC: La Comunidad Intelectual,1 Unit
UNIV 1810,FYE Learning Community Seminar: LLC: Pharmacy House,1 Unit
UNIV 1810,FYE Learning Community Seminar: LLC:EcoHouse,1 Unit
UNIV 1810,FYE Learning Community Seminar: LLC:Human Rights & Action,1 Unit
UNIV 1810,FYE Learning Community Seminar: La Comunidad Intelectual:Building Empowered Future,1 Unit
UNIV 1820,First Year Seminar: Conversations in Entrepreneurial Leadership,1 Unit
UNIV 1820,First Year Seminar: Defining Happiness,1 Unit
UNIV 1820,First Year Seminar: Develop the Counselor Within,1 Unit
UNIV 1820,First Year Seminar: Education for Social Change,1 Unit
UNIV 1820,First Year Seminar: FirstGEN Connects: Peer Mentor Leadership Developm,1 Unit
UNIV 1820,First Year Seminar: Holistic Dev in Intercollegiate Athletics,1 Unit
UNIV 1820,First Year Seminar: Introduction to Emerging Technologies,1 Unit
UNIV 1820,First Year Seminar: Introduction to Making,1 Unit
UNIV 1820,First Year Seminar: Making 'Major' Decisions,1 Unit
UNIV 1820,First Year Seminar: Mindset for Personal Growth,1 Unit
UNIV 1820,First Year Seminar: Performance Poetry,1 Unit
UNIV 1820,First Year Seminar: Resilience in Healthcare,1 Unit
UNIV 1820,First Year Seminar: S-STEM Scholars Student Success,1 Unit
UNIV 1820,First Year Seminar: Stamford Art Creative Connections,1 Unit
UNIV 1820,First Year Seminar: TYE: Transition Year Experience,1 Unit
UNIV 1820,First Year Seminar: Ucan cook at UConn,1 Unit
UNIV 1820,First Year Seminar: Using Your Entrepreneurial Skills,1 Unit
UNIV 1840,Learning Community Service-Learning: LLC: EcoHouse-Service,1 Unit
UNIV 1840,Learning Community Service-Learning: LLC: Human Rights& Action House-Service,1 Unit
UNIV 1840,Learning Community Service-Learning: LLC: Public Health House-Service,1 Unit
UNIV 1881,Supervised Internship Experience,1 Unit
UNIV 2600,Individualized Study Across Academic Disciplines,1 Unit
UNIV 3294,Entrepreneurial Approaches to Community-Centered Innovation,2 Units
UNIV 3784,Interdisciplinary Honors Seminar,3 Units
UNIV 3784,Interdisciplinary Honors Seminar: Intro to Physical Examination,3 Units
UNIV 3784,Interdisciplinary Honors Seminar: The Health of Communities,3 Units
UNIV 3820,Learning Community Advanced Seminar: LLC:  Humanities House,1 Unit
UNIV 3820,Learning Community Advanced Seminar: LLC:  Innovation House,1 Unit
UNIV 3820,Learning Community Advanced Seminar: LLC:  Leadership House,1 Unit
UNIV 3820,Learning Community Advanced Seminar: LLC:  ScHOLA2RS House,1 Unit
UNIV 3820,Learning Community Advanced Seminar: LLC: BSOUL House,1 Unit
UNIV 3820,Learning Community Advanced Seminar: LLC: EcoHouse,1 Unit
UNIV 3820,Learning Community Advanced Seminar: LLC: Engineering House,1 Unit
UNIV 3820,Learning Community Advanced Seminar: LLC: Global House,1 Unit
UNIV 3820,Learning Community Advanced Seminar: LLC: LaComunidad Intelectual,1 Unit
UNIV 3820,Learning Community Advanced Seminar: LLC: WiMSE House,1 Unit
UNIV 3820,Learning Community Advanced Seminar: LLC:Human Rights&Action House,1 Unit
UNIV 3995,Special Topics: Post-Bacc Sem:Preparing for Health Professions II,1 Unit
UNIV 3999,Independent Study,1-6 Units
UNIV 4600W,Capstone Course,3 Units
UNIV 4697W,Senior Thesis,3-6 Units
UNIV 4800,Senior Year Experience,1 Unit
UNIV 4820,SYE Seminars,1 Unit
UNIV 4840,Senior Year Experience,1 Unit
URBN 1200,Global Urbanization,3 Units
URBN 1300,Exploring Your Community,3 Units
URBN 1300W,Exploring Your Community,3 Units
URBN 2000,Introduction to Urban and Community Studies,3 Units
URBN 2302W,Qualitative Analysis of Urban and Community Studies,3 Units
URBN 2600,Work and Economic Justice,3 Units
URBN 2901,Urban Sociology,3 Units
URBN 3200,Urban Geography,3 Units
URBN 3981,Internship in Urban Studies: Seminar,1-3 Units
URBN 3991,Internship in Urban Studies: Field Study,1-3 Units
URBN 3993,Foreign Study,1-6 Units
URBN 4000,Understanding Your Community,3 Units
URBN 4497W,Senior Thesis,3 Units
URBN 4999,Independent Study,1-6 Units
WGSS 1105,Gender and Sexuality in Everyday Life,3 Units
WGSS 1121,Women in History,3 Units
WGSS 2105W,Gender and Science,3 Units
WGSS 2124,Gender and Globalization,3 Units
WGSS 2204,Feminisms and the Arts,3 Units
WGSS 2217,"Women, Gender and Film",3 Units
WGSS 2217W,"Women, Gender and Film",3 Units
WGSS 2250,"Critical Approaches to Women's, Gender, and Sexuality Studies",3 Units
WGSS 2263,"Women, Gender, and Violence",3 Units
WGSS 2680W,Sociology of Sexualities,3 Units
WGSS 3247,Gender and War,3 Units
WGSS 3253W,Gender Representations in U.S. Popular Culture,3 Units
WGSS 3254,Women and Gender in the Deaf World,3 Units
WGSS 3258,Latina Narrative,3 Units
WGSS 3269,"Gender, Sexuality, and Social Movements",3 Units
WGSS 3271,Seminar on Rape Education and Awareness I,1 Unit
WGSS 3350,Anthropological Perspectives on Women,3 Units
WGSS 3562,"History of Women and Gender in the United States, 1850-Present",3 Units
WGSS 3613,LGBTQ+ Literature,3 Units
WGSS 3652,Black Feminist Politics,3 Units
WGSS 3718W,Feminism and Science Fiction,3 Units
WGSS 3891,Internship Program,1-9 Units
WGSS 3998,Variable Topics: Intro. Native Amer. & Indigen,3 Units
WGSS 3998,Variable Topics: WomensHlth/Latinx&Afroamerican,3 Units
WGSS 3999,Independent Study,1-6 Units
WGSS 4994W,Capstone Seminar,3 Units
