a,Course_Title,Course_Credit
ACCT 2001.,Principles of Financial Accounting.,(3 Credits)
ACCT 2101.,Principles of Managerial Accounting.,(3 Credits)
ACCT 3005.,Introduction to a Profession.,(1 Credit)
ACCT 3201.,Intermediate Accounting I.,(3 Credits)
ACCT 3202.,Intermediate Accounting II.,(3 Credits)
ACCT 3210.,Introduction to Accounting Analytics.,(3 Credits)
ACCT 3221.,Cost Accounting.,(3 Credits)
ACCT 3260.,Federal Income Taxes.,(3 Credits)
ACCT 3265.,Volunteer Income Tax Assistance for Preparers.,(2 Credits)
ACCT 4203.,Advanced Accounting.,(3 Credits)
ACCT 4204.,Financial Statement Analysis and Business Valuation.,(3 Credits)
ACCT 4243.,Assurance Services.,(3 Credits)
ACCT 4265.,Advanced Volunteer Income Tax Assistance for Reviewers.,(1 Credit)
ACCT 4881.,Internship in Accounting.,(1-6 Credits)
ACCT 4893.,Foreign Study.,(1-6 Credits)
ACCT 4895.,Special Topics.,(1-6 Credits)
ACCT 4899.,Independent Study.,(1-6 Credits)
ACCT 4997W.,Senior Thesis in Accounting.,(3 Credits)
AFRI 3995.,Special Topics.,(1-3 Credits)
AFRI 3999.,Independent Study.,(1-6 Credits)
AFRA 1100.,Afrocentric Perspectives in the Arts.,(3 Credits)
AFRA 2211.,Introduction to Africana Studies.,(3 Credits)
AFRA 2214.,African American Literature.,(3 Credits)
AFRA 2214W.,African American Literature.,(3 Credits)
AFRA 2222.,"Race, Gender, Sexuality, and the Power of Looking.",(3 Credits)
AFRA 2345.,Language and Racism.,(3 Credits)
AFRA 2461.,"Race, Gender, and U.S. Health Care.",(3 Credits)
AFRA 2510.,Ethnicity and Race.,(3 Credits)
AFRA 2520.,White Racism.,(3 Credits)
AFRA 2530.,African Americans and Social Protest.,(3 Credits)
AFRA 2621.,Cuba in Local and Global Perspective.,(3 Credits)
AFRA 2622.,History of Gender and Sexuality in Latin America and the Caribbean.,(3 Credits)
AFRA 2752.,Africa in Global History.,(3 Credits)
AFRA 2753.,History of Modern Africa.,(3 Credits)
AFRA 3025.,Contemporary Africa.,(3 Credits)
AFRA 3033.,Race and Policy.,(3 Credits)
AFRA 3050W.,African-American Art.,(3 Credits)
AFRA 3106.,Black Psychology.,(3 Credits)
AFRA 3131.,African-American Theatre.,(3 Credits)
AFRA 3132.,"African-American Women Playwrights, 1900 to the present.",(3 Credits)
AFRA 3152.,"Race, Ethnicity, and Nationalism.",(3 Credits)
AFRA 3155.,Anthropology of the African Diaspora.,(3 Credits)
AFRA 3206.,Black Experience in the Americas.,(3 Credits)
AFRA 3208.,Making the Black Atlantic.,(3 Credits)
AFRA 3213.,Eighteenth- and Nineteenth-Century African American Literature.,(3 Credits)
AFRA 3215.,Twentieth- and Twenty-First Century African American Literature.,(3 Credits)
AFRA 3215W.,Twentieth- and Twenty-First Century African American Literature.,(3 Credits)
AFRA 3217.,Studies in African American Literature and Culture.,(3 Credits)
AFRA 3224.,History of Pan Africanism.,(3 Credits)
AFRA 3252.,Politics In Africa.,(3 Credits)
AFRA 3293.,Foreign Study.,(1-15 Credits)
AFRA 3295.,Special Topics.,(1-6 Credits)
AFRA 3299.,Independent Study.,(1-6 Credits)
AFRA 3320.,"Race, Culture, and Reproductive Health.",(3 Credits)
AFRA 3512.,African Archaeology.,(3 Credits)
AFRA 3563.,African American History to 1865.,(3 Credits)
AFRA 3564.,African American History Since 1865.,(3 Credits)
AFRA 3565.,African American Women's History.,(3 Credits)
AFRA 3568.,"Hip Hop, Politics and Youth Culture in America.",(3 Credits)
AFRA 3569.,Slavery in Film.,(3 Credits)
AFRA 3575.,Black Documentary Film Archival Practices.,(3 Credits)
AFRA 3618.,Comparative Slavery in the Americas.,(3 Credits)
AFRA 3619.,History of the Caribbean.,(3 Credits)
AFRA 3619W.,History of the Caribbean.,(3 Credits)
AFRA 3620.,"Cuba, Puerto Rico, and the Spanish Caribbean.",(3 Credits)
AFRA 3642.,African-American Politics.,(3 Credits)
AFRA 3647.,Black Leadership and Civil Rights.,(3 Credits)
AFRA 3652.,Black Feminist Politics.,(3 Credits)
AFRA 3898.,Variable Topics.,(3 Credits)
AFRA 4100.,Experiential/Service Learning Seminar.,(4 Credits)
AFRA 4994W.,Senior Seminar.,(3 Credits)
AFRA 4996.,Honors Thesis Preparation.,(3 Credits)
AFRA 4997W.,Senior Thesis in Africana Studies.,(3 Credits)
ARE 1110E.,"Population, Food, and the Environment.",(3 Credits)
ARE 1150.,Principles of Applied and Resource Economics.,(3 Credits)
ARE 1333Q.,Introduction to Data and Visualization.,(3 Credits)
ARE 2150.,Intermediate Applied and Resource Economics.,(3 Credits)
ARE 2155.,Imperfect Competition and Behavioral Economics.,(3 Credits)
ARE 2210.,Essentials of Accounting and Business.,(3 Credits)
ARE 2215.,Business Management.,(3 Credits)
ARE 2250E.,Energy Economics: Sustainable Transitions.,(3 Credits)
ARE 2260.,Food Policy.,(3 Credits)
ARE 2261W.,Writing in Food Policy.,(1 Credit)
ARE 2434E.,Environmental and Resource Policy.,(3 Credits)
ARE 2435W.,Writing in Environmental and Resource Policy.,(1 Credit)
ARE 2464.,Measuring Impact of Programs that Raise Human Well-being.,(3 Credits)
ARE 2525.,Sustainability Policy and Management.,(3 Credits)
ARE 3221.,Managerial Economics and Business Strategies.,(3 Credits)
ARE 3222.,Marketing and Consumer Behavior.,(3 Credits)
ARE 3223.,Business Organization and Labor Markets.,(3 Credits)
ARE 3225.,Price Analysis and Futures Trading.,(3 Credits)
ARE 3305E.,"Economic Development, Environment, and Policy.",(3 Credits)
ARE 3333.,Computational Analysis in Applied Economics.,(3 Credits)
ARE 3437E.,Marine Fisheries Economics and Policy.,(3 Credits)
ARE 3438E.,Climate Economics.,(3 Credits)
ARE 4205.,Market Planning and Survey Research in the Food Industry.,(3 Credits)
ARE 4210.,Data Science for Decision Making in Applied and Resource Economics.,(3 Credits)
ARE 4215.,Sustainable Business Planning.,(3 Credits)
ARE 4217.,Business Finance and Investment Management.,(3 Credits)
ARE 4279.,International Commodity Trade.,(3 Credits)
ARE 4305.,Sustainable Economic Development.,(3 Credits)
ARE 4438E.,Valuing the Environment.,(3 Credits)
ARE 4444.,"Economics of Energy, Climate, and the Environment.",(3 Credits)
ARE 4462E.,Environmental and Resource Economics.,(3 Credits)
ARE 4476.,International Trade and Policy.,(3 Credits)
ARE 4897.,Honors Thesis.,(3 Credits)
ARE 4900.,Farm Credit Fellows Seminar.,(1 Credit)
ARE 4991.,Professional Internship.,(1-6 Credits)
ARE 4993.,Foreign Study.,(1-15 Credits)
ARE 4995.,Special Topics.,(1-6 Credits)
ARE 4999.,Independent Study.,(1-6 Credits)
SARE 450.,Principles of Applied and Resource Economics.,(3 Credits)
SARE 460.,Fundamentals of Accounting and Management for the Agribusiness Firm.,(3 Credits)
SARE 495.,Special Topics.,(1-3 Credits)
SARE 699.,Independent Study.,(1-6 Credits)
SAAG 250.,First Year Student Seminar.,(1 Credit)
SAAG 316.,Introduction to Agricultural Mechanics and Safety.,(2 Credits)
SAAG 350.,Hispanic Culture and Communication in Agriculture.,(3 Credits)
SAAG 495.,Special Topics.,(1-6 Credits)
SAAG 693.,Foreign Study.,(1-6 Credits)
SAAG 699.,Independent Study.,(1-6 Credits)
AHNR 1089.,Introduction to Research in Agriculture and Natural Resources.,(1-3 Credits)
AHNR 1093.,Foreign Study.,(1-6 Credits)
AHNR 3091.,Agriculture and Natural Resources Internship.,(1-6 Credits)
AHNR 3093.,Foreign Study.,(1-12 Credits)
AHNR 3095.,Special Topics.,(1-6 Credits)
AHNR 3099.,Independent Study.,(1-6 Credits)
AHNR 3316.,Introduction to Agricultural Mechanics and Safety.,(2 Credits)
AHNR 3350.,Hispanic Culture and Communication in Agriculture.,(3 Credits)
AHNR 3681.,Internship Experience.,(0 Credits)
AHNR 4100.,College to Career Transition.,(1 Credit)
AHNR 4500.,Leadership Development in Extension Education.,(3 Credits)
AHNR 5095.,Special Topics.,(1-6 Credits)
AHNR 5099.,Independent Study in Extension.,(1-6 Credits)
AHNR 5500.,Leadership Development.,(3 Credits)
AIRF 1000.,Heritage and Values of the United States Air Force.,(1 Credit)
AIRF 1200.,Heritage and Values of the United States Air Force.,(1 Credit)
AIRF 2000.,Team and Leadership Fundamentals.,(1 Credit)
AIRF 2200.,Team and Leadership Fundamentals.,(1 Credit)
AIRF 3000.,Leading People and Effective Communication.,(3 Credits)
AIRF 3200.,Leading People and Effective Communication.,(3 Credits)
AIRF 3500.,Aviation Ground School.,(3 Credits)
AIRF 4000.,National Security Affairs/Preparation for Active Duty.,(3 Credits)
AIRF 4200.,National Security Affairs/Preparation for Active Duty.,(3 Credits)
AH 1030.,Interdisciplinary Approach to Obesity Prevention.,(3 Credits)
AH 1095.,Special Topics Lecture.,(1-6 Credits)
AH 1100.,Introduction to Allied Health Professions.,(1 Credit)
AH 1200.,Introduction to the Martial Arts.,(1 Credit)
AH 2001.,Medical Terminology.,(2 Credits)
AH 2093.,International Study in Allied Health.,(1-6 Credits)
AH 2330.,Italy's Mediterranean Food and Our Health.,(3 Credits)
AH 3000.,U.S. Healthcare System and Professional Practice.,(3 Credits)
AH 3005.,Biostatistics for Health Professions.,(3 Credits)
AH 3021.,"Environment, Genetics and Cancer.",(3 Credits)
AH 3025.,Human Physiology in Health and Disease.,(3 Credits)
AH 3030.,"Fundamentals of Brain, Behavior, and Health.",(3 Credits)
AH 3060.,Healthcare Genetics and Genomics.,(3 Credits)
AH 3091.,Allied Health Sciences Internship.,(1-6 Credits)
AH 3099.,Independent Study In Allied Health.,(1-4 Credits)
AH 3101.,Health and Wellness for Life.,(3 Credits)
AH 3121.,Immunology for the Medical Laboratory Sciences.,(3 Credits)
AH 3133.,Cancer and Your Health.,(3 Credits)
AH 3173.,Psychology of Workplace Safety.,(3 Credits)
AH 3175E.,Environmental Health.,(3 Credits)
AH 3203.,Aging: Implications for Health Professionals.,(3 Credits)
AH 3231.,Program Planning for Health Promotion.,(3 Credits)
AH 3234.,Fitness for Health.,(3 Credits)
AH 3275.,HAZWOPER.,(3 Credits)
AH 3278.,Worker's Compensation.,(3 Credits)
AH 3289.,Research in Allied Health Sciences.,(1-3 Credits)
AH 3303.,"Disability Law, Policy, Ethics, and Advocacy.",(3 Credits)
AH 3320.,Introduction to Infectious Diseases.,(2 Credits)
AH 3501.,Diagnostic Techniques for the Biomedical Sciences.,(2 Credits)
AH 3570.,Health and Safety Management in the Workplace.,(3 Credits)
AH 3571.,Health Hazards in the Workplace.,(3 Credits)
AH 3573.,Health and Safety Standards in the Workplace.,(3 Credits)
AH 3574.,Ergonomics.,(3 Credits)
AH 3993.,Foreign Studies.,(1-6 Credits)
AH 4025.,Sociocultural Aspects of Aging and Health.,(3 Credits)
AH 4092.,EMT Training.,(4 Credits)
AH 4093.,International Study in Allied Health.,(1-6 Credits)
AH 4095.,Special Topics.,(1-6 Credits)
AH 4239.,Research Methods in Allied Health.,(2 Credits)
AH 4240W.,Writing for Allied Health Research.,(1 Credit)
AH 4241.,Research for the Health Professional.,(2 Credits)
AH 4242.,Counseling and Teaching for the Health Professional.,(3 Credits)
AH 4243.,Current Issues in Health.,(3 Credits)
AH 4244.,Management for the Health Professional.,(3 Credits)
AH 4288.,Instructional Assistant in Allied Health Sciences.,(1-3 Credits)
AH 4289.,Honors Thesis Research in Allied Health Sciences.,(1-3 Credits)
AH 4291.,OSH Internship.,(1-6 Credits)
AH 4296.,Undergraduate Research in Allied Health.,(3 Credits)
AH 4297W.,Honors Thesis in Allied Health Sciences.,(3 Credits)
AH 4501.,International Health.,(3 Credits)
AH 4503.,Poverty and Public Health.,(3 Credits)
AH 4530.,Health Equity and Social Determinants of Health.,(3 Credits)
ASLN 1101.,Elementary American Sign Language I.,(4 Credits)
ASLN 1102.,Elementary American Sign Language II.,(4 Credits)
ASLN 1103.,Intermediate American Sign Language I.,(4 Credits)
ASLN 1104.,Intermediate American Sign Language II.,(4 Credits)
ASLN 1193.,Foreign Study.,(1-6 Credits)
ASLN 2500.,Introduction to Interpreting: American Sign Language and English.,(3 Credits)
ASLN 2600.,Process of Interpreting: American Sign Language and English.,(3 Credits)
ASLN 2700.,Interpreting in Various Settings.,(3 Credits)
ASLN 2800.,Consecutive Interpreting.,(3 Credits)
ASLN 3254.,Women and Gender in the Deaf World.,(3 Credits)
ASLN 3290.,Field Study.,(1-3 Credits)
ASLN 3292.,Experiential Learning.,(1-3 Credits)
ASLN 3293.,Foreign Study.,(1-6 Credits)
ASLN 3295.,Special Topics.,(1-6 Credits)
ASLN 3298.,Variable Topics.,(3 Credits)
ASLN 3299.,Independent Study.,(1-6 Credits)
ASLN 3305.,Advanced American Sign Language.,(3 Credits)
ASLN 3306W.,Advanced American Sign Language Level II.,(3 Credits)
ASLN 3360.,Deaf Art and Artists.,(3 Credits)
ASLN 3650.,Deaf Writers and American Sign Language Literature.,(3 Credits)
ASLN 3800.,Structure of American Sign Language.,(3 Credits)
AMST 1201.,Introduction to American Studies.,(3 Credits)
AMST 1700E.,Honors Core: American Landscapes.,(3 Credits)
AMST 2200.,Literature and Culture of North America before 1800.,(3 Credits)
AMST 2201.,Introduction to Asian American Studies.,(3 Credits)
AMST 2204.,Jewish Culture in American Film.,(3 Credits)
AMST 2207.,Empire and U.S. Culture.,(3 Credits)
AMST 2274W.,Disability in American Literature and Culture.,(3 Credits)
AMST 2276.,American Utopias and Dystopias.,(3 Credits)
AMST 2276W.,American Utopias and Dystopias.,(3 Credits)
AMST 2400.,City and Community in Film.,(3 Credits)
AMST 2550.,"Crime, Policing, and Punishment in the United States.",(3 Credits)
AMST 2993.,International Study.,(1-9 Credits)
AMST 3082.,Critical Race Theory as Political Theory.,(3 Credits)
AMST 3265W.,American Studies Methods.,(3 Credits)
AMST 3267W.,Race and the Scientific Imagination.,(3 Credits)
AMST 3271.,Immigration and Transborder Politics.,(3 Credits)
AMST 3440W.,"Visual Culture of the United States, 19th Century.",(3 Credits)
AMST 3502.,"Colonial America: Native Americans, Slaves, and Settlers, 1492-1760.",(3 Credits)
AMST 3502W.,"Colonial America: Native Americans, Slaves, and Settlers, 1492-1760.",(3 Credits)
AMST 3531.,Japanese Americans and World War II.,(3 Credits)
AMST 3542E.,New England Environmental History.,(3 Credits)
AMST 3544.,"Atlantic Voyages: European Maritime Expansion, 1400-1650.",(3 Credits)
AMST 3568.,"Hip Hop, Politics and Youth Culture in America.",(3 Credits)
AMST 3570.,History and Theory of Digital Art.,(3 Credits)
AMST 3699.,Independent Study.,(1-6 Credits)
AMST 3807.,Constitutional Rights and Liberties.,(3 Credits)
AMST 3822.,Law and Popular Culture.,(3 Credits)
AMST 3822W.,Law and Popular Culture.,(3 Credits)
AMST 4897.,Honors Thesis.,(1-3 Credits)
ANSC 1001.,Introduction to Animal Science.,(3 Credits)
ANSC 1111.,Principles of Animal Nutrition and Feeding.,(3 Credits)
ANSC 1602.,Behavior and Training of Domestic Animals.,(3 Credits)
ANSC 1645.,The Science of Food.,(3 Credits)
ANSC 1676.,Introduction to Companion Animals.,(3 Credits)
ANSC 1693.,Foreign Studies in Animal Science.,(1-15 Credits)
ANSC 1695.,Special Topics.,(1-3 Credits)
ANSC 2251.,Horse Science.,(3 Credits)
ANSC 2271.,Principles of Poultry Science.,(3 Credits)
ANSC 2276.,Companion Animal Science.,(3 Credits)
ANSC 2685.,Special Topics.,(1-6 Credits)
ANSC 2690.,Animal Science Field Excursions.,(1 Credit)
ANSC 2695.,Special Topics.,(1-6 Credits)
ANSC 2699.,Independent Study.,(1-6 Credits)
ANSC 3121.,Principles of Animal Genetics.,(3 Credits)
ANSC 3122.,Reproductive Physiology.,(4 Credits)
ANSC 3194.,Career Paths in Animal Science.,(1 Credit)
ANSC 3261.,Dairy Cattle Management.,(3 Credits)
ANSC 3272.,Laboratory Animal Science.,(3 Credits)
ANSC 3273.,Livestock Management.,(4 Credits)
ANSC 3311.,Comparative Exercise Physiology.,(3 Credits)
ANSC 3312W.,Scientific Writing in Comparative Exercise Physiology.,(1 Credit)
ANSC 3313.,Growth Biology and Metabolism in Domestic Livestock.,(3 Credits)
ANSC 3314W.,Scientific Writing in Growth Biology and Metabolism of Domestic Livestock.,(1 Credit)
ANSC 3316.,Endocrinology of Farm Animals.,(3 Credits)
ANSC 3317W.,Scientific Writing in Endocrinology of Farm Animals.,(1 Credit)
ANSC 3318.,Probiotics and Prebiotics.,(3 Credits)
ANSC 3323.,Animal Embryology and Biotechnology.,(3 Credits)
ANSC 3324W.,Scientific Writing in Embryo Biotechnology.,(1 Credit)
ANSC 3343.,Animal Food Products.,(3 Credits)
ANSC 3344W.,Scientific Writing in Animal Food Products.,(1 Credit)
ANSC 3420.,Little I Training Assistant Practicum.,(1 Credit)
ANSC 3421.,Little I Chair Practicum.,(2 Credits)
ANSC 3452.,Horse Breeding Farm Management.,(3 Credits)
ANSC 3453.,Pleasure Horse Appreciation and Use.,(1 Credit)
ANSC 3455.,Developing the Driving Horse.,(2 Credits)
ANSC 3457.,Advanced Broodmare and Foal Management.,(2 Credits)
ANSC 3551.,Equine Training I - Foundations.,(2 Credits)
ANSC 3552.,Equine Training II - Backing.,(2 Credits)
ANSC 3553.,Equine Training III - Advanced.,(2 Credits)
ANSC 3554.,Equine Sports Rehabilitation Practicum.,(2 Credits)
ANSC 3555.,Equine Rehabilitation Seminar.,(1 Credit)
ANSC 3641.,Animal Food Products: Dairy Technology.,(3 Credits)
ANSC 3642W.,Scientific Writing in Animal Food Products: Dairy Technology.,(1 Credit)
ANSC 3663.,Dairy Management Decision-making.,(1 Credit)
ANSC 3664.,Dairy Cattle Evaluation.,(1 Credit)
ANSC 3674.,Livestock and Carcass Evaluation.,(2 Credits)
ANSC 3675.,Advanced Animal and Product Evaluation.,(1 Credit)
ANSC 3681.,Summer Internship Experience.,(0 Credits)
ANSC 3691.,Professional Internship.,(1-15 Credits)
ANSC 3693.,Foreign Studies in Animal Science.,(1-15 Credits)
ANSC 3695.,Special Topics.,(1-6 Credits)
ANSC 3698.,Variable Topics.,(1-6 Credits)
ANSC 3790.,Undergraduate Teaching Assistance in Animal Science.,(1 Credit)
ANSC 4311.,Advanced Animal Nutrition.,(3 Credits)
ANSC 4312W.,Scientific Writing in Advanced Animal Nutrition.,(1 Credit)
ANSC 4341.,Food Microbiology and Safety.,(3 Credits)
ANSC 4342W.,Scientific Writing in Food Microbiology and Safety.,(1 Credit)
ANSC 4343.,Muscle Biology and Muscle Food Chemistry.,(3 Credits)
ANSC 4457.,Methods of Equitation Instruction.,(2 Credits)
ANSC 4662W.,Dairy Herd Management.,(3 Credits)
ANSC 4697W.,Undergraduate Honors Thesis Writing in Animal Science.,(1 Credit)
SAAS 101.,Introduction to Animal Science.,(3 Credits)
SAAS 111.,Anatomy and Physiology of Domestic Animals.,(3 Credits)
SAAS 112.,Anatomy and Physiology of Domestic Animals.,(3 Credits)
SAAS 113.,Principles of Animal Nutrition and Feeding.,(3 Credits)
SAAS 121.,Animal Breeding and Genetics.,(3 Credits)
SAAS 202.,Behavior and Training of Domestic Animals.,(3 Credits)
SAAS 243.,Animal Products.,(3 Credits)
SAAS 251.,Horse Science.,(3 Credits)
SAAS 252.,Management of the Horse Breeding Farm.,(3 Credits)
SAAS 255.,Foundations of Training.,(2 Credits)
SAAS 257.,Methods of Equitation Instruction.,(2 Credits)
SAAS 261.,Dairy Herd Management.,(3 Credits)
SAAS 262.,Applied Dairy Herd Management.,(3 Credits)
SAAS 271.,Introduction to Poultry Industry.,(3 Credits)
SAAS 272.,Sustainable Animal Management.,(3 Credits)
SAAS 273.,Livestock Production.,(4 Credits)
SAAS 274.,Livestock and Carcass Evaluation.,(2 Credits)
SAAS 275.,Advanced Animal and Product Evaluation.,(1 Credit)
SAAS 276.,Introduction to Companion Animals.,(3 Credits)
SAAS 290.,Animal Science Field Excursions.,(1 Credit)
SAAS 291.,Professional Internship.,(1-6 Credits)
SAAS 294.,Career Paths in the Animal Sciences.,(1 Credit)
SAAS 295.,Special Topics.,(1-6 Credits)
SAAS 298.,Variable Topics.,(1-6 Credits)
SAAS 299.,Independent Study.,(1-6 Credits)
SAAS 358.,Management Skills and Practices - Horses.,(1 Credit)
SAAS 363.,Management Skills and Practices - Dairy Cattle I.,(1 Credit)
SAAS 364.,Management Skills and Practices - Dairy Cattle II.,(1 Credit)
SAAS 373.,Management Skills and Practices - Livestock.,(1 Credit)
SAAS 375.,Management Skills and Practices - Poultry.,(1 Credit)
SAAS 420.,Little I Training Assistant.,(1 Credit)
ANTH 1000.,Peoples and Cultures of the World.,(3 Credits)
ANTH 1000W.,Peoples and Cultures of the World.,(3 Credits)
ANTH 1001W.,Anthropology Through Film.,(3 Credits)
ANTH 1006.,Introduction to Anthropology.,(3 Credits)
ANTH 1010E.,Global Climate Change and Human Societies.,(3 Credits)
ANTH 1093.,Foreign Study.,(1-17 Credits)
ANTH 1095.,Special Topics Lecture.,(1-3 Credits)
ANTH 1500.,Great Discoveries in Archaeology.,(3 Credits)
ANTH 2000.,Social Anthropology.,(3 Credits)
ANTH 2000W.,Social Anthropology.,(3 Credits)
ANTH 2200.,Race and Human Biological Diversity.,(3 Credits)
ANTH 2501.,Introduction to Archaeology.,(3 Credits)
ANTH 2502.,Human Evolution.,(3 Credits)
ANTH 2510.,Methods in Maritime Archaeology.,(3 Credits)
ANTH 2511.,Anthropology of Museums.,(3 Credits)
ANTH 2600.,Microscopy in Applied Archaeobotany Research.,(4 Credits)
ANTH 3003.,Field Research in Social Settings.,(3 Credits)
ANTH 3004.,Cultural Research.,(1-3 Credits)
ANTH 3021.,Contemporary Latin America.,(3 Credits)
ANTH 3025.,Contemporary Africa.,(3 Credits)
ANTH 3026.,Peoples and Cultures of North America.,(3 Credits)
ANTH 3027.,Contemporary Native Americans.,(3 Credits)
ANTH 3028.,Indigenous Rights and Aboriginal Australia.,(3 Credits)
ANTH 3028W.,Indigenous Rights and Aboriginal Australia.,(3 Credits)
ANTH 3029.,The Caribbean.,(3 Credits)
ANTH 3030.,Peoples of the Pacific Islands.,(3 Credits)
ANTH 3041.,Latin American Minorities in the United States.,(3 Credits)
ANTH 3050.,Anthropology of Jews and Jewishness.,(3 Credits)
ANTH 3050W.,Anthropology of Jews and Jewishness.,(3 Credits)
ANTH 3081.,Internship in Anthropology.,(1-6 Credits)
ANTH 3090.,Directed Field Research in Anthropology.,(1-12 Credits)
ANTH 3091.,Internship in Anthropology: Directed Study.,(1 Credit)
ANTH 3093.,Foreign Study.,(1-6 Credits)
ANTH 3095.,Special Topics.,(1-6 Credits)
ANTH 3096.,Directed Research in Anthropology.,(1-6 Credits)
ANTH 3098.,Variable Topics.,(3 Credits)
ANTH 3099.,Independent Study.,(1-6 Credits)
ANTH 3120.,Anthropology of Capitalism.,(3 Credits)
ANTH 3150.,Migration.,(3 Credits)
ANTH 3150W.,Migration.,(3 Credits)
ANTH 3152.,"Race, Ethnicity, and Nationalism.",(3 Credits)
ANTH 3155.,Anthropology of the African Diaspora.,(3 Credits)
ANTH 3200.,Human Behavioral Ecology.,(3 Credits)
ANTH 3202W.,Illness and Curing.,(3 Credits)
ANTH 3230.,"Propaganda, Disinformation, and Hate Speech.",(3 Credits)
ANTH 3250.,Cognitive Anthropology.,(3 Credits)
ANTH 3251.,Psychological Anthropology.,(3 Credits)
ANTH 3300.,Medical Anthropology.,(3 Credits)
ANTH 3302.,Medical Ecology.,(3 Credits)
ANTH 3303.,Parent Child Relations in Cross-Cultural Perspective.,(3 Credits)
ANTH 3304.,Anthropology of Drug Use.,(3 Credits)
ANTH 3309.,Violence and Human Rights.,(3 Credits)
ANTH 3320.,"Race, Culture, and Reproductive Health.",(3 Credits)
ANTH 3325.,Introduction to Global Health.,(3 Credits)
ANTH 3326.,Global Health and Human Rights.,(3 Credits)
ANTH 3327.,Power and Health in Latin America and the Caribbean.,(3 Credits)
ANTH 3340E.,Culture and Conservation.,(3 Credits)
ANTH 3342.,Political and Legal Anthropology.,(3 Credits)
ANTH 3350.,Anthropological Perspectives on Women.,(3 Credits)
ANTH 3351.,Sex and Gender.,(3 Credits)
ANTH 3400.,Culture and Religion.,(3 Credits)
ANTH 3401.,World Religions.,(3 Credits)
ANTH 3402.,Women in the Bible.,(3 Credits)
ANTH 3403.,Women and Religion.,(3 Credits)
ANTH 3405.,Religion and Mind.,(3 Credits)
ANTH 3420.,Archaeology of Psychoactive Substances.,(3 Credits)
ANTH 3450W.,Anthropological Perspectives on Art.,(3 Credits)
ANTH 3503.,Old World Prehistory.,(3 Credits)
ANTH 3506W.,Laboratory Techniques in Archaeology.,(3 Credits)
ANTH 3512.,African Archaeology.,(3 Credits)
ANTH 3513.,Near Eastern Prehistory.,(3 Credits)
ANTH 3514.,European Prehistory.,(3 Credits)
ANTH 3522.,Ecological Anthropology Seminar.,(3 Credits)
ANTH 3523E.,The Origins of Agriculture.,(3 Credits)
ANTH 3531.,Maritime Archaeology of the Americas.,(3 Credits)
ANTH 3532.,Archaeology of the Age of Sail.,(3 Credits)
ANTH 3555.,Archaeological Science.,(3 Credits)
ANTH 3560.,The Evolution of Human Diet.,(3 Credits)
ANTH 3701.,Lithic Technology.,(3 Credits)
ANTH 3703.,Zooarchaeological Method and Theory.,(3 Credits)
ANTH 3704.,Experimental Archaeology.,(3 Credits)
ANTH 3705.,Paleoanthropology.,(3 Credits)
ANTH 3706.,Archaeobotany.,(3 Credits)
ANTH 3710.,Technology and Society: Archaeological Perspectives.,(3 Credits)
ANTH 3720.,Lab Methods in Archaeological and Forensic Science.,(1 Credit)
ANTH 3902.,North American Prehistory.,(3 Credits)
ANTH 3904.,Ethnohistory of Native New England.,(3 Credits)
ANTH 3990.,Field Work in Archaeology.,(1-6 Credits)
ANTH 4097W.,Honors Thesis.,(3 Credits)
ANTH 4510.,The Neanderthals.,(3 Credits)
ARAB 1001.,Elementary Arabic I.,(4 Credits)
ARAB 1002.,Elementary Arabic II.,(4 Credits)
ARAB 1003.,Intermediate Arabic I.,(4 Credits)
ARAB 1004.,Intermediate Arabic II.,(4 Credits)
ARAB 1193.,Foreign Study.,(1-6 Credits)
ARAB 1751.,"Traditional Arab Literatures, Cultures, and Civilizations.",(3 Credits)
ARAB 1771.,Modern Arabic Culture.,(3 Credits)
ARAB 2170.,Levantine Arabic.,(3 Credits)
ARAB 2751.,Arabic Folk Tales and Mirrors for Princes.,(3 Credits)
ARAB 3100.,"Advanced Arabic: Composition, Style, and Vocabulary.",(3 Credits)
ARAB 3102.,Media Arabic.,(3 Credits)
ARAB 3212.,Arabic Composition and Conversation.,(3 Credits)
ARAB 3293.,Foreign Study.,(1-8 Credits)
ARAB 3295.,Special Topics.,(1-6 Credits)
ARAB 3299.,Independent Study.,(1-6 Credits)
ARAB 3550W.,Classical Arabic Literature.,(3 Credits)
ARAB 3551.,Arabic Travel Narratives.,(3 Credits)
ARAB 3559.,Arabic Poetry and Poetics.,(3 Credits)
ARAB 3560.,The Arab Spring.,(3 Credits)
ARAB 3570.,Modern Arabic Literature.,(3 Credits)
ARAB 3580.,Climate Change and Energy in the Middle East.,(3 Credits)
ARAB 3751.,"Al-Andalus: Music, Literature, and Science in Muslim Spain.",(3 Credits)
ARAB 3771.,Cinema in the Middle East and North Africa.,(3 Credits)
ARAB 3772.,Stereotypes of Arabs and Muslims.,(3 Credits)
ARIS 1170.,Women's Contemporary Writing in the Arab World.,(3 Credits)
ARIS 1170W.,Women's Contemporary Writing in the Arab World.,(3 Credits)
ARIS 1211.,Introduction to Islam.,(3 Credits)
ARIS 3000.,Classical Arabic.,(3 Credits)
ARIS 3293.,Foreign Study.,(1-15 Credits)
ARIS 3295.,Special Topics.,(1-6 Credits)
ARIS 3298.,Variable Topics.,(3 Credits)
ARIS 3299.,Independent Study.,(1-6 Credits)
ARIS 3710.,Islamic Art History.,(3 Credits)
ARIS 3710W.,Islamic Art History.,(3 Credits)
ART 1000.,Art Appreciation.,(3 Credits)
ART 1010.,Foundation: Studio Concepts.,(3 Credits)
ART 1020.,Foundation: Criticism and Interpretation.,(3 Credits)
ART 1030.,Drawing I.,(3 Credits)
ART 1040.,Drawing II.,(3 Credits)
ART 2010.,Life Drawing I.,(3 Credits)
ART 2011.,Introduction to Digital Media.,(3 Credits)
ART 2110.,Graphic Design: Process and Thinking.,(3 Credits)
ART 2120.,Graphic Design 1: Typography.,(3 Credits)
ART 2210.,Illustration.,(3 Credits)
ART 2220.,Animation Fundamentals.,(3 Credits)
ART 2310.,"Basic Studio, Painting.",(3 Credits)
ART 2410.,"Basic Studio, Photography.",(3 Credits)
ART 2420.,Intermediate Photography.,(3 Credits)
ART 2510.,"Basic Studio, Printmaking.",(3 Credits)
ART 2610.,"Basic Studio, Sculpture.",(3 Credits)
ART 2993.,Foreign Study.,(1-6 Credits)
ART 2995.,Special Topics Seminar.,(1-6 Credits)
ART 3010.,Life Drawing II.,(3 Credits)
ART 3030.,Experimental Drawing.,(3 Credits)
ART 3110.,Graphic Design 2: Visual Systems.,(3 Credits)
ART 3120.,Graphic Design 3: Relational Design.,(3 Credits)
ART 3125.,"Art Books, Book Arts, and Publishing as Radical Practice.",(3 Credits)
ART 3130.,Fundamentals of Web Design.,(3 Credits)
ART 3131.,Interactive Design.,(3 Credits)
ART 3132.,Graphic Design: Motion Graphics.,(3 Credits)
ART 3170.,Graphic Design: Survey.,(3 Credits)
ART 3210.,Topics in Illustration.,(3 Credits)
ART 3220.,Experimental Animation: Studio Processes.,(3 Credits)
ART 3235.,Scientific Visualization.,(3 Credits)
ART 3250.,Stop and Go: Explorations in Stop-Motion Animation.,(3 Credits)
ART 3270.,Going Pro.,(3 Credits)
ART 3310.,Intermediate Painting.,(3 Credits)
ART 3330.,Advanced Painting.,(3 Credits)
ART 3350.,Aqua Media I.,(3 Credits)
ART 3360.,Aqua Media II.,(3 Credits)
ART 3375.,Indian Art and Popular Culture: Independence to the Present.,(3 Credits)
ART 3410.,Introduction to Video Art.,(3 Credits)
ART 3420.,Digital Imaging.,(3 Credits)
ART 3430.,Alternative Processes (Photography).,(3 Credits)
ART 3440.,Color Photography.,(3 Credits)
ART 3450.,Documentary Photography and Video.,(3 Credits)
ART 3455.,Portrait Photography.,(3 Credits)
ART 3460.,Large Format Photography.,(3 Credits)
ART 3465.,Landscape Photography.,(3 Credits)
ART 3470.,Studio Photography.,(3 Credits)
ART 3510.,Intaglio Printmaking.,(3 Credits)
ART 3520.,Lithography.,(3 Credits)
ART 3530.,Printmaking Workshop.,(1-6 Credits)
ART 3605.,Ceramic Art: Materials and Methods.,(3 Credits)
ART 3610.,Ceramics: Vessel Constructions.,(3 Credits)
ART 3615.,Ceramics: Wheel Work.,(3 Credits)
ART 3620.,Ceramics: Sculptural Approaches.,(3 Credits)
ART 3625.,Ceramics: Surface Engagement.,(3 Credits)
ART 3630.,Sculpture: Wood.,(3 Credits)
ART 3640.,Sculpture: Metals.,(3 Credits)
ART 3650.,Sculpture: Mold Making and Casting.,(3 Credits)
ART 3655.,Ceramics: Mold Making and Casting.,(3 Credits)
ART 3665.,Ceramics: Clay and Glaze Composition.,(3 Credits)
ART 3701.,Industrial Design: Materials and Techniques.,(3 Credits)
ART 3705.,"Industrial Design: Form, Structure, and Space.",(3 Credits)
ART 3710.,Industrial Design: Drawing and Modeling for Design.,(3 Credits)
ART 3720.,Industrial Design: Process and Practice.,(3 Credits)
ART 3730.,Industrial Design: Digital Fabrication.,(3 Credits)
ART 3735.,SolidWorks for Industrial Design.,(3 Credits)
ART 3901.,Advanced Studio Art Projects.,(3 Credits)
ART 3991.,Studio Internship.,(3 Credits)
ART 3993.,Foreign Study.,(1-6 Credits)
ART 3995.,Investigation of Special Topics.,(1-6 Credits)
ART 3998.,Variable Topics.,(1-6 Credits)
ART 3999.,Independent Study.,(1-6 Credits)
ART 4110.,Graphic Design 4: Communication Dynamics.,(3 Credits)
ART 4120.,Publication Design.,(3 Credits)
ART 4130.,Graphic Design: Design Center Studio.,(3 Credits)
ART 4410.,Advanced Photography.,(3 Credits)
ART 4901.,Senior Project.,(3 Credits)
ARTH 1128.,Global Perspectives on Western Art: Renaissance to the Present.,(3 Credits)
ARTH 1137.,Introduction to Art History: Prehistoric - 14th Century.,(3 Credits)
ARTH 1138.,Introduction to Art History: 15th Century - Present.,(3 Credits)
ARTH 1140.,Introduction to Asian Art.,(3 Credits)
ARTH 1141.,From Sun Gods to Lowriders: Introduction to Latin American Art.,(3 Credits)
ARTH 1162.,Introduction to Architecture.,(3 Credits)
ARTH 1193.,Foreign Study.,(1-6 Credits)
ARTH 2020.,Global Jerusalem.,(3 Credits)
ARTH 2030.,"Art, Politics, and Propaganda.",(3 Credits)
ARTH 2198.,Variable Topics.,(3 Credits)
ARTH 2210.,Art and Activism.,(3 Credits)
ARTH 2222.,"Race, Gender, Sexuality, and the Power of Looking.",(3 Credits)
ARTH 2230.,"Curating Contemporary Art: Issues, Themes, Theories, and Practices.",(3 Credits)
ARTH 2993.,Foreign Study.,(1-12 Credits)
ARTH 3000.,Curatorial Intensive: Exhibitions Outside the Museum.,(3 Credits)
ARTH 3005.,Museums and the Interpretation of Culture.,(3 Credits)
ARTH 3005W.,Museums and the Interpretation of Culture.,(3 Credits)
ARTH 3020.,Asian American Art and Visual Culture.,(3 Credits)
ARTH 3020W.,Asian American Art and Visual Culture.,(3 Credits)
ARTH 3030.,The Artist and Society.,(3 Credits)
ARTH 3050W.,African-American Art.,(3 Credits)
ARTH 3140.,Greek Art.,(3 Credits)
ARTH 3150.,Roman Art.,(3 Credits)
ARTH 3150W.,Roman Art.,(3 Credits)
ARTH 3220W.,Early Medieval Art.,(3 Credits)
ARTH 3240W.,Gothic Art.,(3 Credits)
ARTH 3260W.,The Early Illustrated Book.,(3 Credits)
ARTH 3320.,Art of the Italian Renaissance.,(3 Credits)
ARTH 3330.,Art of the Northern Renaissance.,(3 Credits)
ARTH 3340.,Baroque Art.,(3 Credits)
ARTH 3360.,Eighteenth Century European Art.,(3 Credits)
ARTH 3430.,Nineteenth Century European Art.,(3 Credits)
ARTH 3440W.,"Visual Culture of the United States, 19th Century.",(3 Credits)
ARTH 3460.,History of Photography: 1839 to World War I.,(3 Credits)
ARTH 3460W.,History of Photography: 1839 to World War I.,(3 Credits)
ARTH 3500.,Urban Architecture: International Perspectives.,(3 Credits)
ARTH 3510.,Modern Art.,(3 Credits)
ARTH 3510W.,Modern Art.,(3 Credits)
ARTH 3530.,Contemporary Art.,(3 Credits)
ARTH 3530W.,Contemporary Art.,(3 Credits)
ARTH 3560.,History of Photography: World War I to Present.,(3 Credits)
ARTH 3560W.,History of Photography: World War I - Present.,(3 Credits)
ARTH 3570.,History and Theory of Digital Art.,(3 Credits)
ARTH 3575.,"Human Rights, Digital Media, Visual Culture.",(3 Credits)
ARTH 3580.,"Image as Witness: Testimony, Witness, Confession.",(3 Credits)
ARTH 3580W.,"Image as Witness: Testimony, Witness, Confession.",(3 Credits)
ARTH 3630.,Alternative Modernities: Visual Culture of Latin America.,(3 Credits)
ARTH 3630W.,Alternative Modernities: Visual Culture of Latin America.,(3 Credits)
ARTH 3640.,Mexican and Chicano Art from Muralism to La Raza.,(3 Credits)
ARTH 3640W.,Mexican and Chicano Art from Muralism to La Raza.,(3 Credits)
ARTH 3710.,Islamic Art History.,(3 Credits)
ARTH 3710W.,Islamic Art History.,(3 Credits)
ARTH 3720.,The Art of China.,(3 Credits)
ARTH 3720W.,The Art of China.,(3 Credits)
ARTH 3760W.,African Art.,(3 Credits)
ARTH 3991.,Field Studies Internship in Art History.,(1-12 Credits)
ARTH 3993.,Foreign Study.,(1-6 Credits)
ARTH 3995.,Investigation of Special Topics.,(1-6 Credits)
ARTH 4020.,Art History Capstone: Professional Development in Visual Culture and the Humanities.,(3 Credits)
ARTH 4099.,Independent Study.,(1-6 Credits)
AAAS 1000.,Pathways to Asian American Studies.,(3 Credits)
AAAS 1001.,Pathways to Asian Studies.,(3 Credits)
AAAS 2010.,Introduction to Refugee Studies.,(3 Credits)
AAAS 2020.,Introduction to Critical Muslim Studies.,(3 Credits)
AAAS 2030.,"Art, Politics, and Propaganda.",(3 Credits)
AAAS 2136.,Asian Theatre and Performance.,(3 Credits)
AAAS 2136W.,Asian Theatre and Performance.,(3 Credits)
AAAS 2200.,Introducing India: Diversity and Dynamism.,(3 Credits)
AAAS 2200W.,Introducing India: Diversity and Dynamism.,(3 Credits)
AAAS 2201.,Introduction to Asian American Studies.,(3 Credits)
AAAS 2210.,Sociological Perspectives on Asian American Women.,(3 Credits)
AAAS 2210W.,Sociological Perspectives on Asian American Women.,(3 Credits)
AAAS 2220.,Asian Indian Women: Activism and Social Change in India and the United States.,(3 Credits)
AAAS 2222.,"Race, Gender, Sexuality, and the Power of Looking.",(3 Credits)
AAAS 2225.,The Pacific in World History.,(3 Credits)
AAAS 2305.,Modern Japanese Literature.,(3 Credits)
AAAS 2530.,Asian American Experience Since 1850.,(3 Credits)
AAAS 2811.,Early Modern India: From Muslim Rulers to British Raj.,(3 Credits)
AAAS 2812.,Modern India.,(3 Credits)
AAAS 2821.,Early Modern China: From Mongols to Manchus.,(3 Credits)
AAAS 2822.,Modern China.,(3 Credits)
AAAS 2841.,Empire and Nation in Southeast Asia.,(3 Credits)
AAAS 2842.,History of Vietnam.,(3 Credits)
AAAS 2866.,China and the West.,(3 Credits)
AAAS 2868.,Foreign Relations of China Since 1949.,(3 Credits)
AAAS 2868W.,Foreign Relations of China Since 1949.,(3 Credits)
AAAS 3212.,Asian American Literature.,(3 Credits)
AAAS 3220.,Asian American Art and Visual Culture.,(3 Credits)
AAAS 3271.,Topics in Chinese Literature.,(3 Credits)
AAAS 3282.,Women in Chinese Literature and Film.,(3 Credits)
AAAS 3295.,Special Topics in Asian American Studies.,(1-6 Credits)
AAAS 3375.,Indian Art and Popular Culture: Independence to the Present.,(3 Credits)
AAAS 3531.,Japanese Americans and World War II.,(3 Credits)
AAAS 3554.,Immigrants and the Shaping of American History.,(3 Credits)
AAAS 3712.,The Middle East Crucible.,(3 Credits)
AAAS 3808.,East Asia to the Mid-Nineteenth Century.,(3 Credits)
AAAS 3809.,East Asia Since the Mid-Nineteenth Century.,(3 Credits)
AAAS 3820.,History of Modern Chinese Political Thought.,(3 Credits)
AAAS 3823.,History of the People's Republic of China.,(3 Credits)
AAAS 3830E.,Environmental History in East Asia.,(3 Credits)
AAAS 3845.,The Vietnam War.,(3 Credits)
AAAS 3846.,Genocide and Mass Killings in Asia.,(3 Credits)
AAAS 3846W.,Genocide and Mass Killings in Asia.,(3 Credits)
AAAS 3998.,Variable Topics.,(3 Credits)
AAAS 4100.,Experiential/Service Learning Seminar.,(4 Credits)
AAAS 4999.,Independent Study.,(1-3 Credits)
BIOL 1102.,Foundations of Biology.,(4 Credits)
BIOL 1103.,The Biology of Human Health and Disease.,(4 Credits)
BIOL 1107.,Principles of Biology I.,(4 Credits)
BIOL 1108.,Principles of Biology II.,(4 Credits)
BIOL 1109.,Topics in Modern Biology.,(1 Credit)
BIOL 1110.,Introduction to Botany.,(4 Credits)
BIOL 1195.,Special Topics.,(1-6 Credits)
BIOL 1199.,Introduction to Biological Research.,(1-3 Credits)
BIOL 2289.,Introduction to Undergraduate Research.,(1 Credit)
BME 2101.,Introduction to Biomedical Engineering.,(3 Credits)
BME 2193.,International Study.,(1-6 Credits)
BME 3100.,Physiological Modeling.,(3 Credits)
BME 3120.,LabVIEW Basics for Engineers.,(1 Credit)
BME 3193.,International Study.,(1-6 Credits)
BME 3320.,Biosensors and Nanodevices for Biomedical Applications.,(3 Credits)
BME 3400.,Biosystem Analysis.,(3 Credits)
BME 3401.,Introduction to Computational and Systems Biology.,(3 Credits)
BME 3420.,Stem Cells for Regenerative Medicine.,(3 Credits)
BME 3500.,Biomedical Engineering Measurements.,(4 Credits)
BME 3520.,Developing Mobile Apps for Healthcare.,(3 Credits)
BME 3540.,Principles of Biomedical Optical Sensing: A Laboratory-Based Course.,(3 Credits)
BME 3600.,Biomechanics.,(4 Credits)
BME 3620.,Failure Analysis for Biomedical Application.,(3 Credits)
BME 3630.,Multiphysics Finite Element Analysis.,(3 Credits)
BME 3640.,Human Factors Engineering.,(3 Credits)
BME 3700.,Biomaterials.,(4 Credits)
BME 3720.,Drug Delivery.,(3 Credits)
BME 3740.,Introduction to Microscopy and Biophotonics.,(3 Credits)
BME 3750.,Tissue Engineering Laboratory.,(3 Credits)
BME 3760.,Microfluidics and Lab-on-Chip.,(3 Credits)
BME 3780.,Introduction to Biomanufacturing: Pharmaceutical Proteins.,(3 Credits)
BME 3810.,Computational Genomics.,(3 Credits)
BME 3900.,Junior Design.,(3 Credits)
BME 4120.,Neural Information Processing and Sensory Coding.,(3 Credits)
BME 4130.,Neural Prostheses.,(3 Credits)
BME 4170.,Nanomedicine: From Concepts to Applications.,(3 Credits)
BME 4201.,Introduction to Medical Imaging.,(3 Credits)
BME 4300.,Physiological Control Systems.,(3 Credits)
BME 4410.,Systems Biology of Cells and Tissues.,(3 Credits)
BME 4500.,Bioinstrumentation.,(3 Credits)
BME 4560.,Biomedical Signal Processing Laboratory.,(3 Credits)
BME 4701.,Biomedical Materials and Implants.,(3 Credits)
BME 4710.,Tissue Engineering.,(3 Credits)
BME 4720.,Cellular Engineering.,(3 Credits)
BME 4730.,"Biomicrofluidics, Biofabrication, and Biomanufacturing.",(3 Credits)
BME 4800.,Bioinformatics.,(3 Credits)
BME 4810.,Machine Learning Methods for Biomedical Signal Analysis.,(3 Credits)
BME 4900.,Biomedical Engineering Design I.,(3 Credits)
BME 4910W.,Biomedical Engineering Design II.,(3 Credits)
BME 4985.,Special Topics in Biomedical Engineering.,(1-6 Credits)
BME 4999.,Independent Study.,(1-6 Credits)
BUSN 1801.,Contemporary Issues in the World of Business.,(1-3 Credits)
BUSN 2235.,Personal Financial Literacy.,(3 Credits)
BUSN 2891.,Foreign Study Internship.,(1-6 Credits)
BUSN 3002W.,Effective Business Writing.,(1 Credit)
BUSN 3003W.,Business Communications.,(3 Credits)
BUSN 3004W.,Business Writing and Communication.,(2 Credits)
BUSN 3005.,Career Development in Business.,(1 Credit)
BUSN 3006.,Career Development in FinTech.,(1 Credit)
BUSN 4881.,Internship in Business.,(1-6 Credits)
BUSN 4895.,Special Topics.,(1-6 Credits)
BUSN 4896.,Business Research Methods.,(3 Credits)
BUSN 4897W.,Honors Leadership Seminar.,(3 Credits)
BUSN 4997.,Senior Thesis in Business.,(3 Credits)
BADM 1801.,Contemporary Issues in the World of Business.,(1-3 Credits)
BADM 2101.,Principles of Managerial Accounting.,(3 Credits)
BADM 2234.,The Entrepreneurial Journey.,(3 Credits)
BADM 2235.,Personal Financial Literacy.,(3 Credits)
BADM 2236.,Content Entrepreneurship.,(3 Credits)
BADM 2237.,Personal Brand Management.,(3 Credits)
BADM 2238.,Legal Aspects of Personal Brand Management.,(3 Credits)
BADM 2240.,Mastering Creativity and Innovation.,(3 Credits)
BADM 2891.,Foreign Study Internship.,(1-6 Credits)
BADM 2893.,Foreign Study.,(1-15 Credits)
BADM 3103.,Business Information Systems.,(3 Credits)
BADM 3104.,Operations Management.,(3 Credits)
BADM 3201.,Intermediate Accounting I.,(3 Credits)
BADM 3202.,Intermediate Accounting II.,(3 Credits)
BADM 3221.,Cost Accounting.,(3 Credits)
BADM 3234.,"Opportunity Generation, Assessment, and Promotion.",(3 Credits)
BADM 3235.,"Venture Planning, Management, and Growth.",(3 Credits)
BADM 3252.,Business and Human Rights.,(3 Credits)
BADM 3253.,"Sustainability, Markets, and Society.",(3 Credits)
BADM 3254.,Social Responsibility and Accountability in Business.,(3 Credits)
BADM 3255.,Global Issues in Marketing for Social Impact.,(3 Credits)
BADM 3258.,Marketing Strategy for Environmental and Social Impact.,(3 Credits)
BADM 3260.,Federal Income Taxes.,(3 Credits)
BADM 3265.,Volunteer Income Tax Assistance for Preparers.,(2 Credits)
BADM 3274.,Real Estate Law.,(3 Credits)
BADM 3301.,Spreadsheet Modeling for Business Analysis.,(3 Credits)
BADM 3302.,Data Visualization.,(3 Credits)
BADM 3370.,Global Marketing Strategy.,(3 Credits)
BADM 3401.,Business Software Development.,(3 Credits)
BADM 3402.,Mobile Application Development.,(3 Credits)
BADM 3403.,UX / UI Design.,(3 Credits)
BADM 3452.,Professional Selling.,(3 Credits)
BADM 3454.,Sales Management and Leadership.,(3 Credits)
BADM 3601.,Managerial Supply Chain Management.,(3 Credits)
BADM 3602.,Supply Chain Logistics.,(3 Credits)
BADM 3603.,Project Management and Planning.,(3 Credits)
BADM 3625.,Integrated Marketing Communications in the Digital Age.,(3 Credits)
BADM 3660.,International Business Law.,(3 Credits)
BADM 3661.,Marketing and Digital Analytics.,(3 Credits)
BADM 3665.,Digital Marketing.,(3 Credits)
BADM 3677.,The Law of Business Transactions.,(3 Credits)
BADM 3701.,Network Design and Applications.,(3 Credits)
BADM 3702.,"Risk, Trust, and Modern Security.",(3 Credits)
BADM 3720.,The Legal and Ethical Environment of Business.,(3 Credits)
BADM 3730.,Financial Management.,(3 Credits)
BADM 3740.,Managerial and Interpersonal Behavior.,(3 Credits)
BADM 3741.,Foundations of Venture Capital.,(3 Credits)
BADM 3742.,Venture Investment Sourcing and Analysis.,(3 Credits)
BADM 3750.,Introduction to Marketing Management.,(3 Credits)
BADM 3757.,Strategic Brand Management.,(3 Credits)
BADM 4243.,Assurance Services.,(3 Credits)
BADM 4741.,Advanced Venture Investing.,(3 Credits)
BADM 4742.,Leading a Venture Fund.,(3 Credits)
BADM 4881.,Internship in Business Administration.,(1-6 Credits)
BADM 4882.,Practicum in Professional Sales.,(3 Credits)
BADM 4893.,Foreign Study.,(1-6 Credits)
BADM 4895.,Special Topics.,(1-6 Credits)
BLAW 2238.,Legal Aspects of Personal Brand Management.,(3 Credits)
BLAW 3175.,The Legal and Ethical Environment of Business.,(3 Credits)
BLAW 3252.,Business and Human Rights.,(3 Credits)
BLAW 3253.,"Sustainability, Markets, and Society.",(3 Credits)
BLAW 3254.,Social Responsibility and Accountability in Business.,(3 Credits)
BLAW 3274.,Real Estate Law.,(3 Credits)
BLAW 3277.,Law and Ethics for Professional Accountants.,(3 Credits)
BLAW 3660.,International Business Law.,(3 Credits)
BLAW 3677.,The Law of Business Transactions.,(3 Credits)
BLAW 4881.,Internship in Business Law.,(3 Credits)
BLAW 4893.,Foreign Study.,(1-6 Credits)
BLAW 4895.,Special Topics.,(1-6 Credits)
BLAW 4899.,Independent Study.,(3 Credits)
CHEG 2103.,Introduction to Chemical Engineering.,(3 Credits)
CHEG 2111.,Chemical Engineering Thermodynamics I.,(3 Credits)
CHEG 2193.,International Study.,(1-6 Credits)
CHEG 2201.,Chemical Engineering Professional Skills I.,(1 Credit)
CHEG 3112.,Chemical Engineering Thermodynamics II.,(3 Credits)
CHEG 3120.,Transport Phenomena I.,(4 Credits)
CHEG 3123.,Fluid Mechanics.,(3 Credits)
CHEG 3124.,Heat and Mass Transfer.,(3 Credits)
CHEG 3128.,Chemical Engineering Junior Laboratory.,(2 Credits)
CHEG 3145.,Chemical Engineering Analysis.,(3 Credits)
CHEG 3151.,Process Kinetics.,(3 Credits)
CHEG 3156.,Polymeric Materials.,(3 Credits)
CHEG 3173.,Introduction to Biochemical Engineering.,(3 Credits)
CHEG 3175.,Introduction to Computational Biomolecular Engineering.,(3 Credits)
CHEG 3193.,International Study.,(1-6 Credits)
CHEG 3201.,Chemical Engineering Professional Skills II.,(1 Credit)
CHEG 3220.,Transport Phenomena II.,(4 Credits)
CHEG 3240.,Junior Design and Process Safety.,(3 Credits)
CHEG 3376.,Bioseparations.,(3 Credits)
CHEG 4101.,Chemical Engineering Professional Skills III.,(1 Credit)
CHEG 4139.,Chemical Engineering Senior Laboratory.,(2 Credits)
CHEG 4140.,Chemical Engineering Capstone Design I.,(3 Credits)
CHEG 4142.,Unit Operations and Process Simulation.,(3 Credits)
CHEG 4143W.,Chemical Engineering Capstone Design II.,(3 Credits)
CHEG 4144.,In Silico Chemical Engineering Senior Laboratory.,(2 Credits)
CHEG 4147.,Process Dynamics and Control.,(3 Credits)
CHEG 4230.,Brewery Engineering.,(3 Credits)
CHEG 4235.,Air Pollution and Communities.,(3 Credits)
CHEG 4341.,Sustainable Fuel Processing.,(3 Credits)
CHEG 4450.,Membrane Separations.,(3 Credits)
CHEG 4989.,Introduction to Research.,(1-6 Credits)
CHEG 4995.,Special Topics in Chemical Engineering.,(1-6 Credits)
CHEM 1122.,Chemical Principles and Applications.,(4 Credits)
CHEM 1124Q.,Fundamentals of General Chemistry I.,(4 Credits)
CHEM 1125Q.,Fundamentals of General Chemistry II.,(3 Credits)
CHEM 1126Q.,Fundamentals of General Chemistry III.,(3 Credits)
CHEM 1127Q.,General Chemistry I.,(4 Credits)
CHEM 1128Q.,General Chemistry II.,(4 Credits)
CHEM 1137Q.,Enhanced General Chemistry I.,(4 Credits)
CHEM 1138Q.,Enhanced General Chemistry II.,(4 Credits)
CHEM 1147Q.,Honors General Chemistry I.,(4 Credits)
CHEM 1148Q.,Honors General Chemistry II.,(4 Credits)
CHEM 1189.,Introduction to Chemical Research.,(1-3 Credits)
CHEM 1194.,The Science of Chemistry.,(1 Credit)
CHEM 1199.,Independent Study.,(1 Credit)
CHEM 2241.,Organic Chemistry.,(3 Credits)
CHEM 2242.,Organic Chemistry Laboratory.,(1 Credit)
CHEM 2443.,Organic Chemistry.,(3 Credits)
CHEM 2444.,Organic Chemistry.,(3 Credits)
CHEM 2445.,Organic Chemistry Laboratory.,(3 Credits)
CHEM 2446.,Organic Chemistry Laboratory.,(1 Credit)
CHEM 3150.,Wine Chemistry.,(2 Credits)
CHEM 3170W.,Technical Communications.,(3 Credits)
CHEM 3189.,Undergraduate Research.,(1-3 Credits)
CHEM 3193.,Foreign Study.,(1-6 Credits)
CHEM 3194.,Undergraduate Seminar.,(1 Credit)
CHEM 3195.,Special Topics.,(1-6 Credits)
CHEM 3198.,Variable Topics.,(3 Credits)
CHEM 3199.,Independent Study.,(1-3 Credits)
CHEM 3210.,Descriptive Inorganic Chemistry.,(2 Credits)
CHEM 3214.,Intermediate Inorganic Chemistry.,(3 Credits)
CHEM 3215.,Inorganic Chemistry Laboratory.,(3 Credits)
CHEM 3332.,Quantitative Analytical Chemistry.,(4 Credits)
CHEM 3334.,Instrumental Analysis I.,(4 Credits)
CHEM 3563.,Physical Chemistry I.,(3 Credits)
CHEM 3564.,Physical Chemistry II.,(3 Credits)
CHEM 3565W.,Physical Chemistry Laboratory.,(2 Credits)
CHEM 3661.,Polymeric Materials.,(3 Credits)
CHEM 4196W.,Thesis for Undergraduate Chemistry Majors.,(3 Credits)
CHEM 4370.,Environmental Chemistry - Atmosphere.,(3 Credits)
CHEM 4371.,Environmental Chemistry - Hydrosphere.,(3 Credits)
CHEM 4551.,Introduction to Quantum Chemistry.,(3 Credits)
CHIN 1111.,Elementary Chinese I.,(4 Credits)
CHIN 1112.,Elementary Chinese II.,(4 Credits)
CHIN 1113.,Intermediate Chinese I.,(4 Credits)
CHIN 1114.,Intermediate Chinese II.,(4 Credits)
CHIN 1121.,Traditional Chinese Culture.,(3 Credits)
CHIN 1122.,Modern Chinese Culture.,(3 Credits)
CHIN 1193.,Foreign Study.,(1-6 Credits)
CHIN 2360.,Chinese Dishes and Drinks.,(3 Credits)
CHIN 2800.,Chinese Calligraphy.,(3 Credits)
CHIN 3171.,Chinese for Engineers.,(3 Credits)
CHIN 3210.,Chinese Composition and Conversation.,(3 Credits)
CHIN 3211.,Chinese Composition and Conversation II.,(3 Credits)
CHIN 3220.,Business Chinese.,(3 Credits)
CHIN 3230.,Language and Identity in Greater China.,(3 Credits)
CHIN 3230W.,Language and Identity in Greater China.,(3 Credits)
CHIN 3240.,Contemporary Chinese Film.,(3 Credits)
CHIN 3250W.,Advanced Chinese.,(3 Credits)
CHIN 3260.,Contemporary Chinese Culture.,(3 Credits)
CHIN 3270.,Chinese Film.,(3 Credits)
CHIN 3271.,Topics in Chinese Literature.,(3 Credits)
CHIN 3275.,Introduction to Chinese Linguistics.,(3 Credits)
CHIN 3280.,Networking in China.,(3 Credits)
CHIN 3282.,Women in Chinese Literature and Film.,(3 Credits)
CHIN 3293.,Foreign Study.,(1-9 Credits)
CHIN 3295.,Special Topics.,(1-6 Credits)
CHIN 3299.,Independent Study.,(1-6 Credits)
CE 2110.,Applied Mechanics I.,(3 Credits)
CE 2120.,Applied Mechanics II.,(3 Credits)
CE 2193.,International Study.,(1-6 Credits)
CE 2211.,Engineering Economics I.,(1 Credit)
CE 2251.,Probability and Statistics in Civil and Environmental Engineering.,(3 Credits)
CE 2310E.,Environmental Engineering Fundamentals.,(3 Credits)
CE 2410.,Introduction to Geospatial Analysis and Measurement.,(4 Credits)
CE 2411.,Introduction to Computer Aided Design.,(1 Credit)
CE 2500.,Introduction to Geographic Information Systems.,(4 Credits)
CE 2710.,Transportation Engineering and Planning.,(3 Credits)
CE 3110.,Mechanics of Materials.,(3 Credits)
CE 3120.,Fluid Mechanics.,(4 Credits)
CE 3193.,International Study.,(1-6 Credits)
CE 3220.,Principles of Construction I.,(3 Credits)
CE 3251.,Civil and Environmental Engineering Applications of Probability and Statistics.,(1 Credit)
CE 3300.,Environmental Engineering Laboratory.,(3 Credits)
CE 3320.,Water Quality Engineering.,(3 Credits)
CE 3510.,Soil Mechanics.,(3 Credits)
CE 3520.,Civil Engineering Materials Laboratory.,(3 Credits)
CE 3530.,Engineering and Environmental Geology.,(3 Credits)
CE 3610.,Introduction to Structural Analysis and Design.,(3 Credits)
CE 3630.,Design of Steel Structures.,(4 Credits)
CE 3640.,Design of Reinforced Concrete Structures.,(4 Credits)
CE 3995.,Special Topics in Civil Engineering.,(1-6 Credits)
CE 3997.,Directed Research in Civil Engineering.,(1-3 Credits)
CE 4210.,Operations Research in Civil and Environmental Engineering.,(3 Credits)
CE 4220.,Principles of Construction II.,(3 Credits)
CE 4310.,Environmental Modeling.,(3 Credits)
CE 4410.,Computer Aided Site Design.,(3 Credits)
CE 4510.,Foundation Design.,(3 Credits)
CE 4530.,Geoenvironmental Engineering.,(3 Credits)
CE 4541.,Advanced Soil Mechanics.,(3 Credits)
CE 4542.,Earthquake Engineering.,(3 Credits)
CE 4560.,Coastal Hazard Engineering.,(3 Credits)
CE 4610.,Advanced Structural Analysis.,(3 Credits)
CE 4710.,Case Studies in Transportation Engineering.,(3 Credits)
CE 4720.,Street and Highway Design.,(3 Credits)
CE 4730.,Transportation Planning.,(3 Credits)
CE 4740.,Traffic Engineering I.,(3 Credits)
CE 4750.,Pavement Design.,(3 Credits)
CE 4810.,Engineering Hydrology.,(3 Credits)
CE 4820.,Hydraulic Engineering.,(3 Credits)
CE 4896.,Thesis in Civil Engineering.,(1-3 Credits)
CE 4900W.,Civil Engineering Projects I.,(2 Credits)
CE 4920W.,Civil Engineering Projects II.,(2 Credits)
CE 4997.,Independent Research in Civil Engineering.,(1-3 Credits)
CE 4999.,Independent Study in Civil Engineering.,(1-6 Credits)
CAMS 1101.,Greek Civilization.,(3 Credits)
CAMS 1102.,Roman Civilization.,(3 Credits)
CAMS 1103.,Classical Mythology.,(3 Credits)
CAMS 1121.,Elementary Latin I.,(4 Credits)
CAMS 1122.,Elementary Latin II.,(4 Credits)
CAMS 1123.,Intermediate Latin I.,(3 Credits)
CAMS 1124.,Intermediate Latin II.,(3 Credits)
CAMS 1171.,Intensive Elementary Ancient Greek.,(4 Credits)
CAMS 1172.,Intensive Intermediate Ancient Greek.,(4 Credits)
CAMS 1193.,Foreign Study.,(1-6 Credits)
CAMS 2020.,"Pyramids, Pirates, and the Polis: The Ancient Mediterranean.",(3 Credits)
CAMS 3101.,Topics in Advanced Greek.,(1-6 Credits)
CAMS 3102.,Topics in Advanced Latin.,(3 Credits)
CAMS 3207.,Greek Philosophical Writings.,(3 Credits)
CAMS 3208.,Homer.,(3 Credits)
CAMS 3212.,Greek Historical Writings.,(3 Credits)
CAMS 3213.,Ovid and Mythology.,(3 Credits)
CAMS 3232.,Medieval Latin.,(3 Credits)
CAMS 3241W.,Greek and Roman Epic.,(3 Credits)
CAMS 3242W.,Greek and Roman Drama.,(3 Credits)
CAMS 3244.,Ancient Fictions.,(3 Credits)
CAMS 3245.,Ancient World in Cinema.,(3 Credits)
CAMS 3251.,Greek Art.,(3 Credits)
CAMS 3252.,Roman Art.,(3 Credits)
CAMS 3257.,Ancient Greek Philosophy.,(3 Credits)
CAMS 3257W.,Ancient Greek Philosophy.,(3 Credits)
CAMS 3293.,Foreign Study.,(1-6 Credits)
CAMS 3295.,Special Topics.,(1-6 Credits)
CAMS 3298.,Variable Topics.,(3 Credits)
CAMS 3299.,Independent Study.,(1-6 Credits)
CAMS 3301.,Ancient Near East.,(3 Credits)
CAMS 3320.,Ancient Greece: Troy to Sparta.,(3 Credits)
CAMS 3321.,Hellenistic World: Alexander to Cleopatra.,(3 Credits)
CAMS 3325.,Ancient Rome: Aeneas to Augustus.,(3 Credits)
CAMS 3326.,Ancient Rome: Emperors and Barbarians.,(3 Credits)
CAMS 3330.,Palestine Under the Greeks and Romans.,(3 Credits)
CAMS 3335.,The Early Christian Church.,(3 Credits)
CAMS 3340.,World of the Later Roman Empire.,(3 Credits)
CAMS 4096W.,Senior Thesis in Classics and Ancient Mediterranean Studies.,(3 Credits)
COGS 2201.,Foundations of Cognitive Science.,(3 Credits)
COGS 2345.,Language and Racism.,(3 Credits)
COGS 2500Q.,Coding for Cognitive Science.,(3 Credits)
COGS 3584.,Seminar in Cognitive Science.,(1 Credit)
COGS 3589.,Undergraduate Research.,(1-6 Credits)
COGS 3599.,Independent Study.,(3 Credits)
COGS 3798.,Variable Topics in Cognitive Science.,(3 Credits)
COGS 4596W.,Senior Thesis in Cognitive Science.,(3 Credits)
COMM 1000.,The Process of Communication.,(3 Credits)
COMM 1100.,Principles of Public Speaking.,(3 Credits)
COMM 1993.,Foreign Study.,(1-9 Credits)
COMM 2000Q.,Research Methods in Communication.,(3 Credits)
COMM 2010Q.,Applied Communication Research Methods.,(3 Credits)
COMM 2100.,Professional Communication.,(3 Credits)
COMM 2110.,Presenting in the Digital World.,(3 Credits)
COMM 2200.,Interpersonal Communication.,(3 Credits)
COMM 2300.,Effects of Mass Media.,(3 Credits)
COMM 2500.,Persuasion.,(3 Credits)
COMM 2600.,Media in the Information Age.,(3 Credits)
COMM 2700.,Fundamentals of Digital Production.,(3 Credits)
COMM 2993.,Foreign Study.,(1-9 Credits)
COMM 3110.,Organizational Communication.,(3 Credits)
COMM 3120.,Small Group Communication.,(3 Credits)
COMM 3120W.,Small Group Communication.,(3 Credits)
COMM 3130.,Communication in Conflict Management.,(3 Credits)
COMM 3198.,Variable Topics in Professional Communication.,(3 Credits)
COMM 3210.,Gender and Communication.,(3 Credits)
COMM 3220.,Intercultural Communication.,(3 Credits)
COMM 3220W.,Intercultural Communication.,(3 Credits)
COMM 3222.,People of Color and Interpersonal Communication.,(3 Credits)
COMM 3222W.,People of Color and Interpersonal Communication.,(3 Credits)
COMM 3230.,Family Communication.,(3 Credits)
COMM 3240.,Nonverbal Communication.,(3 Credits)
COMM 3241.,Motivation and Emotion.,(3 Credits)
COMM 3298.,Variable Topics in Interpersonal Communication.,(3 Credits)
COMM 3310.,Media Literacy and Criticism.,(3 Credits)
COMM 3310W.,Media Literacy and Criticism.,(3 Credits)
COMM 3320.,Media and Diverse Audiences.,(3 Credits)
COMM 3321.,Latinas and Media.,(3 Credits)
COMM 3322.,Soap Opera/Telenovela.,(3 Credits)
COMM 3330.,Children and Mass Media.,(3 Credits)
COMM 3330W.,Children and Mass Media.,(3 Credits)
COMM 3398.,Variable Topics in Media Effects.,(3 Credits)
COMM 3410.,Political Communication.,(3 Credits)
COMM 3410W.,Political Communication.,(3 Credits)
COMM 3415.,Protest and Communication.,(3 Credits)
COMM 3420.,Health Communication.,(3 Credits)
COMM 3420W.,Health Communication.,(3 Credits)
COMM 3430.,Science Communication.,(3 Credits)
COMM 3430W.,Science Communication.,(3 Credits)
COMM 3435.,Environmental Communication.,(3 Credits)
COMM 3460.,Sport Communication.,(3 Credits)
COMM 3498.,Variable Topics in Specialized Communication.,(3 Credits)
COMM 3510.,Marketing Communication.,(3 Credits)
COMM 3520.,Communication Processes in Advertising.,(3 Credits)
COMM 3530.,Public Relations.,(3 Credits)
COMM 3598.,Variable Topics in Persuasion and Promotion.,(3 Credits)
COMM 3600.,New Communication Technologies.,(3 Credits)
COMM 3600W.,New Communication Technologies.,(3 Credits)
COMM 3605.,Communication Technology and Social Change.,(3 Credits)
COMM 3610.,Computer Mediated Communication.,(3 Credits)
COMM 3610W.,Computer Mediated Communication.,(3 Credits)
COMM 3698.,Variable Topics in Communication Technology.,(3 Credits)
COMM 3700.,Visual Communications.,(3 Credits)
COMM 3798.,Variable Topics in Multimedia Production.,(3 Credits)
COMM 3993.,Foreign Study.,(1-9 Credits)
COMM 4200.,Advanced Interpersonal Communication.,(3 Credits)
COMM 4200W.,Advanced Interpersonal Communication.,(3 Credits)
COMM 4300.,Advanced Media Effects.,(3 Credits)
COMM 4300W.,Advanced Media Effects.,(3 Credits)
COMM 4411.,International Communication and Conflict.,(3 Credits)
COMM 4501.,Advanced Persuasion and Communication.,(3 Credits)
COMM 4510.,Communication Campaigns and Applied Research.,(3 Credits)
COMM 4530W.,Public Relations Writing.,(3 Credits)
COMM 4540.,Crisis Communication.,(3 Credits)
COMM 4640.,Social Media: Research and Practice.,(3 Credits)
COMM 4640W.,Social Media: Research and Practice.,(3 Credits)
COMM 4650.,Human-Computer Interaction.,(3 Credits)
COMM 4799.,Independent Study in Multimedia Production.,(1-6 Credits)
COMM 4979.,Digital Portfolio.,(1-3 Credits)
COMM 4981.,Internship in Communication.,(1-3 Credits)
COMM 4982.,Research Practicum in Communication.,(1-3 Credits)
COMM 4993.,Foreign Study.,(1-9 Credits)
COMM 4995.,Special Topics.,(1-6 Credits)
COMM 4996.,Undergraduate Research in Communication.,(1-3 Credits)
COMM 4997W.,Senior Thesis.,(1-6 Credits)
COMM 4998.,Variable Topics.,(3 Credits)
COMM 4999.,Independent Study.,(1-6 Credits)
CLCS 1002.,Reading Between the Arts.,(3 Credits)
CLCS 1101.,Classics of World Literature I.,(3 Credits)
CLCS 1102.,Classics of World Literature II.,(3 Credits)
CLCS 1110.,Introduction to Film Studies.,(3 Credits)
CLCS 1193.,Foreign Study.,(1-15 Credits)
CLCS 2010.,Media Literacy and Data Ethics.,(3 Credits)
CLCS 2201.,Intercultural Competency Towards Global Perspectives.,(3 Credits)
CLCS 2204.,Jewish Culture in American Film.,(3 Credits)
CLCS 2301.,Jewish Humor.,(3 Credits)
CLCS 2609.,Fascism and its Opponents.,(3 Credits)
CLCS 3201.,Comparative Literary and Cultural Studies.,(3 Credits)
CLCS 3207.,Film Genres.,(3 Credits)
CLCS 3208.,Studies in Film History.,(3 Credits)
CLCS 3293.,Foreign Study.,(1-15 Credits)
CLCS 3299.,Independent Study.,(1-6 Credits)
CLCS 3888.,Variable Topics.,(1-6 Credits)
CSE 1010.,Introduction to Computing for Engineers.,(3 Credits)
CSE 1729.,Introduction to Principles of Programming.,(3 Credits)
CSE 2050.,Data Structures and Object-Oriented Design.,(3 Credits)
CSE 2102.,Introduction to Software Engineering.,(3 Credits)
CSE 2193.,International Study.,(1-6 Credits)
CSE 2301.,Principles and Practice of Digital Logic Design.,(4 Credits)
CSE 2500.,Introduction to Discrete Systems.,(3 Credits)
CSE 2550.,Blockchain Technology I.,(3 Credits)
CSE 2600.,Introduction to Data Science and Engineering.,(3 Credits)
CSE 3000.,Contemporary Issues in Computer Science and Engineering.,(1 Credit)
CSE 3100.,Systems Programming.,(3 Credits)
CSE 3140.,Cybersecurity Lab.,(2 Credits)
CSE 3150.,C++ Essentials.,(3 Credits)
CSE 3160.,Functional Programming Fundamentals.,(3 Credits)
CSE 3193.,International Study.,(1-6 Credits)
CSE 3200.,Mobile Application Development.,(3 Credits)
CSE 3250.,Introduction to Cloud Computing.,(3 Credits)
CSE 3300.,Computer Networks and Data Communication.,(3 Credits)
CSE 3302.,Digital Systems Design.,(3 Credits)
CSE 3350.,Digital Design Laboratory.,(3 Credits)
CSE 3400.,Introduction to Computer and Network Security.,(3 Credits)
CSE 3500.,Algorithms and Complexity.,(3 Credits)
CSE 3502.,Theory of Computation.,(3 Credits)
CSE 3504.,Probabilistic Performance Analysis of Computer Systems.,(3 Credits)
CSE 3550.,Blockchain Technology.,(3 Credits)
CSE 3666.,Introduction to Computer Architecture.,(3 Credits)
CSE 3800.,Bioinformatics.,(3 Credits)
CSE 3802.,Numerical Methods in Scientific Computation.,(3 Credits)
CSE 3810.,Computational Genomics.,(3 Credits)
CSE 4095.,Special Topics in Computer Science and Engineering.,(1-6 Credits)
CSE 4099.,Independent Study in Computer Science and Engineering.,(1-4 Credits)
CSE 4100.,Programming Language Translation.,(3 Credits)
CSE 4102.,Programming Languages.,(3 Credits)
CSE 4300.,Operating Systems.,(3 Credits)
CSE 4302.,Computer Organization and Architecture.,(3 Credits)
CSE 4400.,Computer Security.,(3 Credits)
CSE 4402.,Network Security.,(3 Credits)
CSE 4412.,"Introduction to Quantum Computing, Cryptography, and Networking.",(3 Credits)
CSE 4502.,Big Data Analytics.,(3 Credits)
CSE 4701.,Principles of Databases.,(3 Credits)
CSE 4702.,Introduction to Modern Cryptography.,(3 Credits)
CSE 4704.,Computational Geometry.,(3 Credits)
CSE 4705.,Artificial Intelligence.,(3 Credits)
CSE 4709.,Networked Embedded Systems.,(3 Credits)
CSE 4820.,Introduction to Machine Learning.,(3 Credits)
CSE 4830.,Computer Vision and Machine Learning for Image Analysis.,(3 Credits)
CSE 4900.,Independent Design Laboratory.,(3 Credits)
CSE 4939W.,Computer Science and Engineering Design Project I.,(3 Credits)
CSE 4940.,Computer Science and Engineering Design Project II.,(3 Credits)
CSE 4950.,Electrical and Computer Engineering Design I.,(2 Credits)
CSE 4951.,Electrical and Computer Engineering Design II.,(3 Credits)
CSE 4997.,Senior Thesis in Computer Science and Engineering.,(3 Credits)
CEWP 4297.,Coop Education Work Placement.,(0 Credits)
CRLP 1101.,Elementary Level I.,(3 Credits)
CRLP 1193.,Foreign Study.,(1-6 Credits)
CRLP 3293.,Foreign Study.,(1-6 Credits)
CRLP 3295.,Special Topics.,(1-6 Credits)
CRLP 3298.,Variable Topics.,(3 Credits)
CRLP 3299.,Independent Study.,(1-3 Credits)
DGS 3100.,Cytogenetic Technologies.,(3 Credits)
DGS 3226.,Current Genetic Research.,(2-3 Credits)
DGS 3999.,Independent Study for Undergraduates.,(1-6 Credits)
DGS 4095.,Special Topics.,(1-6 Credits)
DGS 4234.,Diagnostic Molecular Technologies.,(3 Credits)
DGS 4234W.,Diagnostic Molecular Technologies.,(3 Credits)
DGS 4235.,Laboratory in Molecular Diagnostics.,(2 Credits)
DGS 4236.,Case Studies in Molecular Pathology.,(1 Credit)
DGS 4237.,Introductory Bioinformatics for Genomics Analysis.,(3 Credits)
DGS 4246.,Contemporary Issues in Human Genetics.,(3 Credits)
DGS 4402.,"Specimen Preparation, Nucleic Acid Isolation and Assessment.",(4 Credits)
DGS 4503.,Amplification Methods.,(6 Credits)
DGS 4510.,In Situ Hybridization Methods.,(2 Credits)
DGS 4512.,Cloning Techniques.,(2 Credits)
DGS 4513.,Blotting Applications.,(2 Credits)
DGS 4515.,Microbiological Applications of Molecular Diagnostics.,(2 Credits)
DGS 4604.,Sequencing Techniques and Data Analysis.,(3 Credits)
DGS 4850.,Investigative Topics in Laboratory Genetics.,(1 Credit)
DGS 4997.,Honors Research.,(3 Credits)
DIET 3099.,Independent Study for Undergraduates.,(1-6 Credits)
DIET 3150.,Medical Nutrition Therapy I.,(3 Credits)
DIET 3155.,Clinical Dietetics Practicum I.,(1 Credit)
DIET 3215.,Food Service Management Practicum I.,(1 Credit)
DIET 3230.,Community Nutrition.,(3 Credits)
DIET 3231W.,Writing for Community Nutrition Research.,(2 Credits)
DIET 3235.,Community Nutrition Practicum I.,(1 Credit)
DIET 3250.,Medical Nutrition Therapy II.,(3 Credits)
DIET 3255.,Clinical Dietetics Practicum II.,(1 Credit)
DIET 3272.,Food Service Systems Management I.,(2 Credits)
DIET 3296.,Applied Research for Dietetic Professionals.,(1-3 Credits)
DIET 4095.,Special Topics.,(1-6 Credits)
DIET 4272.,Food Service Systems Management II.,(2 Credits)
DIET 4296.,Applied Honors Research for Dietetic Professionals.,(1-3 Credits)
DIET 4315.,Food Service in Health Care.,(1 Credit)
DIET 4335.,Clinical Nutrition in Acute Care.,(1 Credit)
DIET 4350.,Applied Medical Nutrition Therapy III.,(3 Credits)
DIET 4360.,Contemporary Nutrition Practice.,(3 Credits)
DIET 4365.,Applied Dietetics Practicum.,(4 Credits)
DIET 4370.,Advanced Nutrition for the Dietetics Practitioner.,(3 Credits)
DIET 4415.,Food Service Management Practicum II.,(3 Credits)
DIET 4435.,Community Nutrition Practicum II.,(3 Credits)
DIET 4455.,Clinical Dietetics Practicum III.,(4 Credits)
DIET 4470.,Seminar in Dietetics.,(2 Credits)
DIET 4591.,Dietetics Internship Practicum I.,(0 Credits)
DIET 4691.,Dietetics Internship Practicum II.,(0 Credits)
DIET 4991.,Dietetics Externship.,(1-6 Credits)
DMD 1000.,Digital Foundation.,(3 Credits)
DMD 1001.,Foundations in Digital Media and Design I.,(3 Credits)
DMD 1002.,Foundations in Digital Media and Design II.,(3 Credits)
DMD 1060.,"Fundamentals of Programming for Game, Web, and Interactive Media Design.",(3 Credits)
DMD 1070.,Web Design I.,(3 Credits)
DMD 1101.,Design Lab I.,(3 Credits)
DMD 1102.,Design Lab II.,(3 Credits)
DMD 2010.,History of Digital Culture.,(3 Credits)
DMD 2020.,Design Thinking.,(3 Credits)
DMD 2095.,Special Topics in Digital Media.,(1-6 Credits)
DMD 2200.,Motion Design and Animation I.,(3 Credits)
DMD 2210.,Film and Video Editing I.,(3 Credits)
DMD 2230.,3D Motion I.,(3 Credits)
DMD 2300.,3D Animation I.,(3 Credits)
DMD 2310.,3D Modeling I.,(3 Credits)
DMD 2320.,3D Lighting and Rendering I.,(3 Credits)
DMD 2470.,User Interface Design.,(3 Credits)
DMD 2500.,Introduction to Digital Game Design.,(3 Credits)
DMD 2542.,Introduction to Game Scripting.,(3 Credits)
DMD 2550.,Game Production.,(3 Credits)
DMD 2580.,2D Game Art.,(3 Credits)
DMD 2610.,Introduction to Digital Humanities.,(3 Credits)
DMD 2620.,"Human Development, Digital Media, and Technology.",(3 Credits)
DMD 2700.,Digital Media Strategies for Business.,(3 Credits)
DMD 2710.,Social Media Business Applications.,(3 Credits)
DMD 2810.,Digital Cinematography I.,(3 Credits)
DMD 3010W.,Critical Perspectives on Digital Media.,(3 Credits)
DMD 3020.,Design Lab.,(3 Credits)
DMD 3030.,Narrative Workshop.,(3 Credits)
DMD 3035.,Interaction Design.,(3 Credits)
DMD 3095.,Special Topics in Digital Media.,(1-6 Credits)
DMD 3099.,Independent Study.,(1-6 Credits)
DMD 3102.,Brand Lab.,(3 Credits)
DMD 3200.,Motion Design and Animation II.,(3 Credits)
DMD 3205.,History of Animation.,(3 Credits)
DMD 3210.,Experimental and Alternative Techniques.,(3 Credits)
DMD 3215.,Character Animation.,(3 Credits)
DMD 3220.,Broadcast Graphics and Title Sequence.,(3 Credits)
DMD 3230.,Cinematic Storytelling.,(3 Credits)
DMD 3235.,Scientific Visualization.,(3 Credits)
DMD 3240.,Animating Science.,(3 Credits)
DMD 3250.,Visual Effects.,(3 Credits)
DMD 3300.,3D Animation II.,(3 Credits)
DMD 3305.,History of Computer Graphics.,(3 Credits)
DMD 3310.,"3D Modeling, Lighting and Rendering II.",(3 Credits)
DMD 3320.,Storyboarding and Visual Development.,(3 Credits)
DMD 3350.,3D Simulations.,(3 Credits)
DMD 3420.,Wearable Electronics and Interactive Objects.,(3 Credits)
DMD 3440.,Introduction to Mobile Application Development.,(3 Credits)
DMD 3470.,Advanced Web Design and Development.,(3 Credits)
DMD 3475.,Coding for Web and Interactive Media Design.,(3 Credits)
DMD 3500.,Interactive Storytelling.,(3 Credits)
DMD 3520.,3D Virtual World and Simulations.,(3 Credits)
DMD 3530.,Game Systems Design.,(3 Credits)
DMD 3540.,Multiplayer Game Development.,(3 Credits)
DMD 3570.,History and Theory of Digital Art.,(3 Credits)
DMD 3581.,3D Game Art I - Modeling and Texturing.,(3 Credits)
DMD 3582.,3D Game Art II - Motion and Technical Art.,(3 Credits)
DMD 3589.,Historical Fiction in Games and Film.,(3 Credits)
DMD 3610.,Collaborating with Cultural Organizations I: Methods.,(3 Credits)
DMD 3620.,Collaborating with Cultural Organizations II: Practice.,(3 Credits)
DMD 3640.,Human Rights Archives I: Documenting and Curating Community Memory.,(3 Credits)
DMD 3641.,Human Rights Archives II: Visual Storytelling Practices.,(3 Credits)
DMD 3710.,Creative Content Strategy.,(3 Credits)
DMD 3720.,Digital Media Analytics.,(3 Credits)
DMD 3730.,Digital Consumer Behavior.,(3 Credits)
DMD 3740.,Digital Sports and Entertainment Studio.,(3 Credits)
DMD 3750.,Digital Media and Technology Ethics.,(3 Credits)
DMD 3820.,Documentary Film Production.,(3 Credits)
DMD 3828.,Social Documentary in Theory and Practice.,(3 Credits)
DMD 3830.,Film Writing.,(3 Credits)
DMD 3840.,Creative Producing for Independent Film.,(3 Credits)
DMD 3850.,Digital Sound Design.,(3 Credits)
DMD 3993.,Foreign Study.,(1-12 Credits)
DMD 3998.,Variable Topics.,(1-6 Credits)
DMD 4015.,Degree Exhibition.,(1 Credit)
DMD 4025.,Portfolio and Professional Development: Putting it All Together.,(3 Credits)
DMD 4040.,Agency.,(3 Credits)
DMD 4045.,"Digital Content Design, Creation and Distribution Studio.",(3 Credits)
DMD 4075.,Senior Project.,(3 Credits)
DMD 4081.,Digital Media Internship/Co-op.,(1-12 Credits)
DMD 4086.,Senior Thesis.,(3 Credits)
DMD 4200.,Advanced Motion Media.,(3 Credits)
DMD 4310.,3D Rigging.,(3 Credits)
DMD 4340.,Advanced Compositing for Visual Effects.,(3 Credits)
DMD 4350.,Advanced 3D Research and Production.,(3 Credits)
DMD 4470.,Web 3: Expert Topics in Web Development.,(3 Credits)
DMD 4475.,Web and Interactive Media Design Practicum.,(3 Credits)
DMD 4500.,Advanced Digital Game Design and Development.,(3 Credits)
DMD 4536.,Disruptive Technologies.,(3 Credits)
DMD 4545.,Advanced Game Scripting.,(3 Credits)
DMD 4640.,Digital Public History Project.,(3 Credits)
DMD 4725.,Advanced Digital Analytics.,(3 Credits)
DMD 4810.,Advanced Digital Cinematography.,(3 Credits)
DMD 4835.,Narrative Short Film Production.,(3 Credits)
DMD 4860.,Color Grading for Film and Video.,(3 Credits)
DRAM 1101.,Introduction to the Theatre.,(3 Credits)
DRAM 1110.,Introduction to Film.,(3 Credits)
DRAM 1201.,Drafting for the Theatre.,(3 Credits)
DRAM 1202.,Computer Drafting for the Theatre.,(3 Credits)
DRAM 1207.,Design Fundamentals.,(3 Credits)
DRAM 1209.,Drawing and Painting Techniques for the Theatre.,(3 Credits)
DRAM 1210.,Computer Rendering for the Theatre.,(3 Credits)
DRAM 1215.,Theatre Production: Makeup And Wardrobe For The Actor.,(3 Credits)
DRAM 1216.,Theatre Production: Lighting And Sound.,(3 Credits)
DRAM 1217.,Theatre Production: Costumes And Makeup.,(3 Credits)
DRAM 1218.,Theatre Production: Stagecraft.,(3 Credits)
DRAM 1282.,Practicum in Dramatic Arts.,(1-6 Credits)
DRAM 1501.,Introduction to World Puppetry.,(3 Credits)
DRAM 1701.,Acting I.,(2 Credits)
DRAM 1702.,Acting II.,(3 Credits)
DRAM 1710.,Exploration of Acting.,(3 Credits)
DRAM 1801.,Stage Movement I.,(2 Credits)
DRAM 1802.,Stage Movement II.,(3 Credits)
DRAM 1811.,Dance Appreciation.,(3 Credits)
DRAM 1901.,Voice and Speech I.,(2 Credits)
DRAM 1902.,Voice and Speech II.,(3 Credits)
DRAM 2120.,Entrepreneurship in the Arts.,(3 Credits)
DRAM 2130.,Histories of Drama and Performance I.,(3 Credits)
DRAM 2131.,Histories of Drama and Performance II.,(3 Credits)
DRAM 2134.,Honors Core: Sports as Performance.,(3 Credits)
DRAM 2135.,History of Popular Theatre and Live Entertainment.,(3 Credits)
DRAM 2136.,Asian Theatre and Performance.,(3 Credits)
DRAM 2136W.,Asian Theatre and Performance.,(3 Credits)
DRAM 2141.,Script Analysis.,(3 Credits)
DRAM 2150.,Devising Theatre for Social Justice I.,(3 Credits)
DRAM 2203.,"The Holocaust in Print, Theater, and Film.",(3 Credits)
DRAM 2701.,Acting III.,(3 Credits)
DRAM 2702.,Acting IV.,(3 Credits)
DRAM 2711.,Introduction to Directing.,(3 Credits)
DRAM 2810.,Stage Movement III.,(3 Credits)
DRAM 2812.,Stage Movement IV.,(3 Credits)
DRAM 2901.,Voice and Speech III.,(3 Credits)
DRAM 2902.,Vocal Performance Techniques.,(3 Credits)
DRAM 3103.,Stage Management for the Theatre.,(3 Credits)
DRAM 3121.,"Advertising, Publicity, and Promotion in the Dramatic Arts.",(3 Credits)
DRAM 3130.,Women in Theatre: Gender Identity and Expression on the Stage.,(3 Credits)
DRAM 3131.,African-American Theatre.,(3 Credits)
DRAM 3132.,"African-American Women Playwrights, 1900 to the present.",(3 Credits)
DRAM 3133.,Latina/o Theatre.,(3 Credits)
DRAM 3138.,Trends in Contemporary Theatre.,(3 Credits)
DRAM 3139.,Theatre and Human Rights.,(3 Credits)
DRAM 3141.,Playwriting.,(3 Credits)
DRAM 3141W.,Playwriting.,(3 Credits)
DRAM 3142.,Dramaturgy I.,(3 Credits)
DRAM 3145.,Film Writing.,(3 Credits)
DRAM 3182.,Practicum in Dramatic Arts.,(1-6 Credits)
DRAM 3194.,Dramaturgy Seminar.,(1-3 Credits)
DRAM 3199.,Independent Study.,(1-6 Credits)
DRAM 3201.,Scene Construction.,(3 Credits)
DRAM 3202.,Rigging.,(3 Credits)
DRAM 3219.,Sound Technology and Production Audio.,(3 Credits)
DRAM 3220.,Sound for the Theatre.,(3 Credits)
DRAM 3301.,Scene Design.,(3 Credits)
DRAM 3302.,Scene Design.,(3 Credits)
DRAM 3320.,Scenic Painting Techniques.,(3 Credits)
DRAM 3401.,Costume History.,(3 Credits)
DRAM 3402.,Costume Design.,(3 Credits)
DRAM 3420.,Wearable Electronics and Interactive Objects.,(3 Credits)
DRAM 3501.,Lighting for the Theatre.,(3 Credits)
DRAM 3502.,Lighting for the Theatre.,(3 Credits)
DRAM 3601.,Mask Theatre.,(3 Credits)
DRAM 3602.,Paper Sculpture.,(3 Credits)
DRAM 3603.,Rod Puppetry.,(3 Credits)
DRAM 3604.,Puppetry in Television.,(3 Credits)
DRAM 3605.,Shadow Theatre.,(3 Credits)
DRAM 3607.,Materials Techniques.,(3 Credits)
DRAM 3608.,Hand Puppetry.,(3 Credits)
DRAM 3609.,UV/Czech Black Theatre.,(3 Credits)
DRAM 3610.,Movement-Based Performance for the Puppet Theatre I.,(3 Credits)
DRAM 3611.,Trends in the Contemporary Puppet Theatre.,(3 Credits)
DRAM 3612.,Plays for Puppet Theatre.,(3 Credits)
DRAM 3615.,Object Theatre.,(3 Credits)
DRAM 3721.,Performance Techniques.,(1-6 Credits)
DRAM 3995.,Special Topics in Dramatic Arts.,(3 Credits)
DRAM 3998.,Variable Topics in Dramatic Arts.,(3 Credits)
DRAM 4122.,Theatre Management.,(3 Credits)
DRAM 4135.,Advanced Topics in Theatre and Performance.,(3 Credits)
DRAM 4135W.,Advanced Topics in Theatre and Performance.,(3 Credits)
DRAM 4151.,The American Film.,(3 Credits)
DRAM 4193.,Foreign Study.,(1-6 Credits)
DRAM 4194.,Seminar.,(1-6 Credits)
DRAM 4701.,Acting V.,(3 Credits)
DRAM 4702.,Acting VI.,(3 Credits)
DRAM 4703.,Acting VII.,(3 Credits)
DRAM 4704.,Acting VIII.,(3 Credits)
DRAM 4705.,Acting for the Camera.,(1-6 Credits)
DRAM 4711W.,The Director in the Theatre.,(3 Credits)
DRAM 4811.,Stage Movement V.,(3 Credits)
DRAM 4812.,Stage Movement VI.,(3 Credits)
DRAM 4901.,Senior Project.,(1-3 Credits)
DRAM 4911.,Voice and Speech IV.,(3 Credits)
DRAM 4912.,Voice and Speech V.,(3 Credits)
DRAM 4931.,Stage Dialects.,(3 Credits)
ERTH 1000E.,The Human Epoch: Living in the Anthropocene.,(3 Credits)
ERTH 1010.,"Dinosaurs, Extinctions, and Environmental Catastrophes.",(3 Credits)
ERTH 1050.,Earth's Dynamic Environment.,(4 Credits)
ERTH 1051.,Earth's Dynamic Environment (Lecture).,(3 Credits)
ERTH 1052.,Earth's Dynamic Environment (Laboratory).,(1 Credit)
ERTH 1055.,Geoscience and the American Landscape.,(3 Credits)
ERTH 1070.,Natural Disasters and Environmental Change.,(3 Credits)
ERTH 2050W.,Communicating Earth and Environmental Science.,(3 Credits)
ERTH 2310E.,Creating and Sustaining National Parks.,(3 Credits)
ERTH 2500.,Earth System Science.,(3 Credits)
ERTH 2800E.,Our Evolving Atmosphere.,(3 Credits)
ERTH 3010.,Earth History and Global Change.,(3 Credits)
ERTH 3020.,Earth Surface Processes.,(3 Credits)
ERTH 3030.,Earth Structure.,(3 Credits)
ERTH 3040.,Earth Materials.,(3 Credits)
ERTH 3230.,Beaches and Coasts.,(3 Credits)
ERTH 3710.,Engineering and Environmental Geology.,(3 Credits)
ERTH 4050W.,Geoscience and Society.,(3 Credits)
ERTH 4110.,Sedimentology and Stratigraphy.,(3 Credits)
ERTH 4120.,Paleobiology.,(4 Credits)
ERTH 4130.,Geomicrobiology.,(3 Credits)
ERTH 4140.,Sedimentary Basin Analysis.,(3 Credits)
ERTH 4150.,Applied Data Analysis in Earth Science.,(3 Credits)
ERTH 4160.,Carbonate Platforms and Reefs.,(3 Credits)
ERTH 4210.,Glacial Processes and Materials.,(3 Credits)
ERTH 4230.,GIS and Remote Sensing for Geoscience Applications.,(3 Credits)
ERTH 4240.,Watersheds and Environmental Change.,(3 Credits)
ERTH 4330.,Active Tectonics.,(3 Credits)
ERTH 4430.,Stable Isotope Biogeochemistry.,(3 Credits)
ERTH 4440.,Dates and Rates in Earth and Environmental Science.,(3 Credits)
ERTH 4510.,Applied and Environmental Geophysics.,(3 Credits)
ERTH 4520.,Exploration Seismology.,(3 Credits)
ERTH 4550.,Physics of the Earth's Interior.,(3 Credits)
ERTH 4560.,Fundamentals of Planetary Science.,(3 Credits)
ERTH 4710.,Environmental Site Assessment.,(3 Credits)
ERTH 4720.,Environmental Geochemistry.,(3 Credits)
ERTH 4735.,Introduction to Ground Water Hydrology.,(4 Credits)
ERTH 4740.,"Energy Resources: Past, Present, and Future.",(3 Credits)
ERTH 4810.,Modeling the Changing Atmosphere and Ocean.,(3 Credits)
ERTH 4850.,Paleoclimatology.,(3 Credits)
ERTH 4989.,Undergraduate Research in Geoscience.,(3 Credits)
ERTH 4990.,Internship in Geoscience Field Study.,(1-3 Credits)
ERTH 4991.,Internship in Geoscience Research Paper.,(1 Credit)
ERTH 4995.,Special Topics.,(1-6 Credits)
ERTH 4996W.,Undergraduate Research Thesis in Geoscience.,(3 Credits)
ERTH 4998.,Variable Topics.,(3 Credits)
ERTH 4999.,Independent Study.,(1-6 Credits)
EEB 1893.,Foreign Study.,(1-6 Credits)
EEB 2100E.,Global Change Ecology.,(3 Credits)
EEB 2202.,Evolution and Human Diversity.,(3 Credits)
EEB 2208E.,Introduction to Conservation Biology.,(3 Credits)
EEB 2214.,Biology of the Vertebrates.,(3 Credits)
EEB 2222E.,Plants in a Changing World.,(3 Credits)
EEB 2244E.,General Ecology.,(4 Credits)
EEB 2244WE.,General Ecology.,(4 Credits)
EEB 2245.,Evolutionary Biology.,(3 Credits)
EEB 2245W.,Evolutionary Biology.,(4 Credits)
EEB 2250.,Introduction to Plant Physiology.,(3 Credits)
EEB 2254W.,Current Research Topics in Ecology and Evolutionary Biology.,(3 Credits)
EEB 2256W.,Current Topics in Evolutionary Medicine and Disease Ecology.,(3 Credits)
EEB 2258W.,Current Topics in Conservation and Climate Change Biology.,(3 Credits)
EEB 2893.,Foreign Study.,(1-6 Credits)
EEB 3201.,Animal Behavior.,(3 Credits)
EEB 3203.,Developmental Plant Morphology.,(4 Credits)
EEB 3205E.,Current Issues in Environmental Science.,(4 Credits)
EEB 3220.,Evolution of Green Plants.,(4 Credits)
EEB 3230.,Marine Biology.,(3 Credits)
EEB 3240.,Biology of Bryophytes and Lichens.,(4 Credits)
EEB 3244W.,Writing in Ecology.,(3 Credits)
EEB 3245.,Evolutionary Medicine.,(3 Credits)
EEB 3250.,Biology of the Algae.,(4 Credits)
EEB 3254.,Mammalogy.,(4 Credits)
EEB 3256.,Plants and Civilization.,(3 Credits)
EEB 3265.,Herpetology.,(4 Credits)
EEB 3266.,Field Herpetology.,(3 Credits)
EEB 3267.,Field Study of Animal Behavior.,(3 Credits)
EEB 3271.,Systematic Botany.,(4 Credits)
EEB 3273.,Comparative Vertebrate Anatomy.,(4 Credits)
EEB 3360.,Physiological Ecology of Plants.,(3 Credits)
EEB 3390.,South African Ecosystems and Diversity.,(4 Credits)
EEB 3490.,"Conservation, Biodiversity, Management, and Protected Area Design in South Africa.",(4 Credits)
EEB 3881.,Summer Internship Experience.,(0 Credits)
EEB 3891.,"Internship in Ecology, Conservation, or Evolutionary Biology.",(1-9 Credits)
EEB 3893.,Foreign Study.,(1-6 Credits)
EEB 3894.,Undergraduate Seminar.,(1-6 Credits)
EEB 3895.,Special Topics.,(1-6 Credits)
EEB 3898.,Variable Topics.,(3 Credits)
EEB 3899.,Independent Study.,(1-6 Credits)
EEB 4100.,Big Data Science for Biologists.,(4 Credits)
EEB 4120.,Paleobiology.,(4 Credits)
EEB 4200.,Biology of Fishes.,(4 Credits)
EEB 4215.,Physiological Ecology of Animals.,(3 Credits)
EEB 4230W.,Methods of Ecology.,(4 Credits)
EEB 4250.,General Entomology.,(4 Credits)
EEB 4260.,Ornithology.,(2 Credits)
EEB 4261.,Ornithology Laboratory.,(2 Credits)
EEB 4262.,Field Methods in Ornithology.,(3 Credits)
EEB 4272.,The Summer Flora.,(3 Credits)
EEB 4274.,Introduction to Animal Parasitology.,(4 Credits)
EEB 4275.,Invertebrate Zoology.,(4 Credits)
EEB 4276.,Plant Structural Diversity.,(4 Credits)
EEB 4490.,Tropical Biology on a Changing Planet.,(4 Credits)
EEB 4896W.,Senior Research Thesis in Ecology and Evolutionary Biology.,(3 Credits)
EEB 4990.,Directed Field Experience.,(4 Credits)
ECON 1000.,Essentials of Economics.,(3 Credits)
ECON 1101.,Economics Through Film.,(3 Credits)
ECON 1108.,Game Theory in the Natural and Social Sciences.,(3 Credits)
ECON 1200.,Principles of Economics (Intensive).,(4 Credits)
ECON 1201.,Principles of Microeconomics.,(3 Credits)
ECON 1202.,Principles of Macroeconomics.,(3 Credits)
ECON 1493.,Foreign Study.,(1-6 Credits)
ECON 1495.,Special Topics.,(1-3 Credits)
ECON 1498.,Variable Topics.,(3 Credits)
ECON 2101.,Economic History of Europe.,(3 Credits)
ECON 2101W.,Economic History of Europe.,(3 Credits)
ECON 2102.,Economic History of the United States.,(3 Credits)
ECON 2102W.,Economic History of the United States.,(3 Credits)
ECON 2103.,Deep Roots of Modern Societies.,(3 Credits)
ECON 2120.,Honors Core: Rights and Harms.,(3 Credits)
ECON 2198.,Topics in Economic History and Thought.,(3 Credits)
ECON 2201.,Intermediate Microeconomic Theory.,(3 Credits)
ECON 2202.,Intermediate Macroeconomic Theory.,(3 Credits)
ECON 2211Q.,Quantitative Intermediate Microeconomics.,(3 Credits)
ECON 2212Q.,Quantitative Intermediate Macroeconomics.,(3 Credits)
ECON 2301Q.,Mathematical Economics.,(3 Credits)
ECON 2311Q.,Econometrics I.,(3 Credits)
ECON 2312Q.,Econometrics II.,(3 Credits)
ECON 2326.,Operations Research.,(3 Credits)
ECON 2327.,Information Technology for Economics.,(3 Credits)
ECON 2411.,Money and Banking.,(3 Credits)
ECON 2413.,Economics of Financial Markets and Institutions.,(3 Credits)
ECON 2431.,Economics of Taxation and Government Spending.,(3 Credits)
ECON 2439.,Urban Development and Policy.,(3 Credits)
ECON 2440.,Economics of the Global Economy.,(3 Credits)
ECON 2441.,Labor Economics.,(3 Credits)
ECON 2441W.,Labor Economics.,(3 Credits)
ECON 2444.,Women and Minorities in the Labor Market.,(3 Credits)
ECON 2445.,Economic Foundations of Gender Inequality.,(3 Credits)
ECON 2447.,Economics of Sports.,(3 Credits)
ECON 2447W.,Economics of Sports.,(3 Credits)
ECON 2451.,Economic Behavior and Health Policy.,(3 Credits)
ECON 2456.,Economics of Poverty.,(3 Credits)
ECON 2467E.,Economics of the Oceans.,(3 Credits)
ECON 2474.,Economic Development in Latin America and the Caribbean.,(3 Credits)
ECON 2477.,Transitional Economies of Russia and Eastern Europe.,(3 Credits)
ECON 2481.,Internship Field Study.,(1-6 Credits)
ECON 2491.,Internship Research Paper.,(1 Credit)
ECON 2491W.,Internship Research Paper.,(1 Credit)
ECON 2493.,Foreign Study.,(1-6 Credits)
ECON 2495.,Special Topics.,(1-6 Credits)
ECON 2498.,Variable Topics.,(3 Credits)
ECON 2499.,Independent Study.,(1-6 Credits)
ECON 2500W.,Writing in Economics.,(1 Credit)
ECON 3103.,Global Economic History: Deep Roots of Modern Societies.,(3 Credits)
ECON 3198.,Variable Topics in Economic History.,(3 Credits)
ECON 3208.,Game Theory.,(3 Credits)
ECON 3209.,Behavioral Economics.,(3 Credits)
ECON 3210.,Game Theory for Blockchains.,(3 Credits)
ECON 3313.,Elementary Economic Forecasting.,(3 Credits)
ECON 3315.,Financial Econometrics.,(3 Credits)
ECON 3317.,Machine Learning for Economists.,(3 Credits)
ECON 3318.,Panel Data Econometrics.,(3 Credits)
ECON 3321.,Programming and Computation with R for Economists.,(3 Credits)
ECON 3322.,Open Source Programming with Python for Economists.,(3 Credits)
ECON 3413.,Financial Economics.,(3 Credits)
ECON 3416.,Special Problems in Money and Banking.,(3 Credits)
ECON 3421.,International Trade.,(3 Credits)
ECON 3422.,International Finance.,(3 Credits)
ECON 3431.,Public Economics.,(3 Credits)
ECON 3431W.,Public Economics.,(3 Credits)
ECON 3438.,Contemporary Problems in Economics.,(3 Credits)
ECON 3438W.,Contemporary Problems in Economics.,(3 Credits)
ECON 3439.,Urban and Regional Economics.,(3 Credits)
ECON 3441.,Theory of Labor Markets.,(3 Credits)
ECON 3451.,Health Economics.,(3 Credits)
ECON 3453.,Economics of Global Health.,(3 Credits)
ECON 3461.,Organization of Industry.,(3 Credits)
ECON 3466E.,Environmental Economics.,(3 Credits)
ECON 3468.,Economics of the Law.,(3 Credits)
ECON 3473.,Economic Development.,(3 Credits)
ECON 3473W.,Economic Development.,(3 Credits)
ECON 3479.,Economic Growth.,(3 Credits)
ECON 3492.,Practicum.,(1-6 Credits)
ECON 3493.,Foreign Study.,(1-6 Credits)
ECON 3495.,Special Topics.,(1-6 Credits)
ECON 3498.,Variable Topics.,(3 Credits)
ECON 3499.,Independent Study.,(1-6 Credits)
ECON 4206.,Mechanism Design.,(3 Credits)
ECON 4323.,Convex Optimization with Python.,(3 Credits)
ECON 4326.,Operations Research for Benchmarking.,(3 Credits)
ECON 4494W.,Seminar in Economics.,(3 Credits)
ECON 4497W.,Senior Thesis in Economics.,(3 Credits)
EGEN 3092.,Peer Facilitation Practicum.,(3 Credits)
EGEN 3100.,Seminar/Clinic: Teaching and Learning.,(3 Credits)
EGEN 3110.,Seminar/Clinic: The Student in the School Context.,(3 Credits)
EGEN 3120.,Teaching and Learning in School Contexts.,(1 Credit)
EGEN 3200.,Peer Mentoring and Leadership.,(3 Credits)
EGEN 4100.,Seminar/Clinic: Methods of Teaching.,(3 Credits)
EGEN 4110.,Seminar/Clinic: Analysis of Teaching.,(3 Credits)
EGEN 4194.,Honors Seminar.,(3 Credits)
EGEN 4197.,Independent Study: Honors Thesis Preparation.,(3 Credits)
EGEN 4200.,Seminar/Clinic: Methods of Teaching.,(4 Credits)
EDCI 1100.,"If You Love It, Teach It.",(3 Credits)
EDCI 2100.,"Power, Privilege, and Public Education.",(3 Credits)
EDCI 3010.,Elementary Curriculum Standards and Integration.,(1 Credit)
EDCI 3020.,Choral Music Methods.,(2 Credits)
EDCI 3100.,"Multicultural Education, Equity and Social Justice.",(3 Credits)
EDCI 3100W.,"Multicultural Education, Equity and Social Justice.",(3 Credits)
EDCI 3115.,Teaching Mathematics in the Early Childhood Grades: Methods and Clinic.,(3 Credits)
EDCI 3211.,Introduction to Secondary Methods and Clinic: English.,(3 Credits)
EDCI 3212.,Introduction to Secondary Methods and Clinic: Mathematics.,(3 Credits)
EDCI 3213.,Introduction to Secondary Methods and Clinic: Science.,(3 Credits)
EDCI 3214.,Introduction to Secondary Methods and Clinic: Social Studies.,(3 Credits)
EDCI 3215.,Teaching World Languages to the Elementary-Age Student: Seminar and Clinic.,(3 Credits)
EDCI 3305.,Methods and Clinic in Elementary School Music.,(3-4 Credits)
EDCI 4010.,Teaching Reading and Writing in the Content Areas.,(2 Credits)
EDCI 4088.,Variable Topics.,(1-6 Credits)
EDCI 4099.,Independent Study for Undergraduates.,(1-6 Credits)
EDCI 4110W.,Teaching Reading and Writing in the Elementary School.,(3 Credits)
EDCI 4115.,Teaching Mathematics in the Elementary School.,(3 Credits)
EDCI 4120.,Teaching Science in the Elementary School.,(2 Credits)
EDCI 4125.,Teaching Social Studies in the Elementary School.,(2 Credits)
EDCI 4130.,Teaching the Language Arts in the Elementary School.,(3 Credits)
EDCI 4150.,Directed Student Teaching.,(1-9 Credits)
EDCI 4205W.,Teaching World Languages to the Secondary-Age Student (7-12).,(3 Credits)
EDCI 4210W.,Instruction and Curriculum in the Secondary School.,(1-6 Credits)
EDCI 4215.,The Teaching of Reading in Middle and High Schools.,(1-6 Credits)
EDCI 4250.,Directed Student Teaching.,(1-9 Credits)
EDLR 1110.,Introduction to Sport Management.,(3 Credits)
EDLR 1161.,Husky Reads: Introducing Food and Nutrition to Children through Reading.,(2 Credits)
EDLR 1162.,Health and Education in Urban Communities.,(1 Credit)
EDLR 2001.,Contemporary Social Issues in Sport.,(3 Credits)
EDLR 3090.,Directed Observation and Participation in Sport Organizations.,(1-3 Credits)
EDLR 3091.,Internship in Sport Organizations.,(1-6 Credits)
EDLR 3262.,College Freshmen: Their Characteristics and Their Adjustment to College Life.,(3 Credits)
EDLR 3263.,Student Leadership.,(3 Credits)
EDLR 3298.,Variable Topics.,(1-6 Credits)
EDLR 3299.,Independent Study for Undergraduates.,(1-6 Credits)
EDLR 3300W.,Sport in Society.,(3 Credits)
EDLR 3310.,Management of Sport Organizations.,(3 Credits)
EDLR 3325.,Sport Venue and Event Management.,(3 Credits)
EDLR 3335.,Sport Law.,(3 Credits)
EDLR 3340.,Introduction to Sport Marketing.,(3 Credits)
EDLR 3345.,Financial Management in the Sport Industry.,(3 Credits)
EDLR 3350.,Introduction to Sport Communication.,(3 Credits)
EDLR 3547.,Introduction to Sport Based Youth Development.,(4 Credits)
EDLR 3547W.,Introduction to Sport Based Youth Development.,(4 Credits)
EDLR 3550.,Career Development in Sport Management.,(3 Credits)
EPSY 1100.,Introduction to Special Education.,(3 Credits)
EPSY 1450W.,"Mind, Body, Health.",(3 Credits)
EPSY 1830.,Critical and Creative Thinking in the Movies.,(3 Credits)
EPSY 2450.,"Whole Child, School, and Community: Linking Health and Education.",(3 Credits)
EPSY 2450W.,"Whole Child, School, and Community: Linking Health and Education.",(3 Credits)
EPSY 2810.,Creativity: Debunking Myths and Enhancing Innovation.,(3 Credits)
EPSY 3010.,Educational Psychology.,(3 Credits)
EPSY 3020.,Peer Counseling.,(3 Credits)
EPSY 3030.,UConn Connects Mentoring.,(3 Credits)
EPSY 3040.,"Learning Community Peer Mentoring, the Floor Mentor Experience.",(3 Credits)
EPSY 3090.,Field Study in Education.,(1-6 Credits)
EPSY 3098.,Variable Topics.,(1-6 Credits)
EPSY 3099.,Independent Study for Undergraduates.,(1-6 Credits)
EPSY 3110.,Exceptionality.,(2 Credits)
EPSY 3115.,Collaborative Program Planning in Special Education.,(3 Credits)
EPSY 3125.,Classroom and Behavior Management.,(3 Credits)
EPSY 3130.,Methods for Teaching Students with Disabilities.,(4 Credits)
EPSY 3235.,The Resident Assistant.,(3 Credits)
EPSY 3333.,Introduction to Counseling and Psychoeducation.,(3 Credits)
EPSY 4010.,Assessment of Learning.,(2 Credits)
EPSY 4110.,Advanced Foundations of Disability.,(3 Credits)
EPSY 4115.,Directed Student Teaching: Special Education.,(1-9 Credits)
EPSY 4120W.,Fundamentals of Assessment in Special Education.,(3 Credits)
ECE 1101.,Electrical and Computer Engineering Tools.,(1 Credit)
ECE 1401.,Programming for Electrical Engineers.,(3 Credits)
ECE 2000.,Electrical and Computer Engineering Principles.,(3 Credits)
ECE 2001.,Electrical Circuits.,(4 Credits)
ECE 2193.,International Study.,(1-6 Credits)
ECE 3001.,Electromagnetic Fields and Waves.,(3 Credits)
ECE 3096.,Directed Research in Electrical and Computer Engineering.,(1-3 Credits)
ECE 3101.,Signals and Systems.,(3 Credits)
ECE 3111.,Systems Analysis and Design.,(4 Credits)
ECE 3161.,Introduction to Robotics.,(3 Credits)
ECE 3162.,Robot Motion Planning.,(3 Credits)
ECE 3163.,Robot Control and Dynamics.,(3 Credits)
ECE 3193.,International Study.,(1-6 Credits)
ECE 3201.,Electronic Circuit Design and Analysis.,(4 Credits)
ECE 3211.,Power Electronics.,(4 Credits)
ECE 3212.,Electric Machines and Drives.,(4 Credits)
ECE 3221.,Digital Integrated Circuits.,(3 Credits)
ECE 3223.,Optical Engineering.,(3 Credits)
ECE 3225.,Optical Engineering Laboratory.,(3 Credits)
ECE 3231.,Introduction to Modern Power Systems.,(3 Credits)
ECE 3243.,Introduction to Nanotechnology.,(3 Credits)
ECE 3401.,Digital Systems Design.,(3 Credits)
ECE 3411.,Microprocessor Applications Laboratory.,(3 Credits)
ECE 3421.,Very Large Scale Integrated (VLSI) Design and Simulation.,(4 Credits)
ECE 3431.,Numerical Methods in Scientific Computation.,(3 Credits)
ECE 4079.,Independent Design Laboratory.,(1-3 Credits)
ECE 4095.,Special Topics in Electrical and Computer Engineering.,(1-6 Credits)
ECE 4096.,Independent Research in Electrical and Computer Engineering.,(1-3 Credits)
ECE 4097.,Thesis in Electrical and Computer Engineering.,(1-3 Credits)
ECE 4099.,Independent Study in Electrical and Computer Engineering.,(1-4 Credits)
ECE 4099W.,Independent Study in Electrical and Computer Engineering.,(1-4 Credits)
ECE 4111.,Communication Systems.,(3 Credits)
ECE 4112.,Digital Communications and Networks.,(3 Credits)
ECE 4114.,Software-Defined Radio Design Laboratory.,(3 Credits)
ECE 4121.,Digital Control Systems.,(3 Credits)
ECE 4122.,Systems Laboratory.,(3 Credits)
ECE 4131.,Introduction to Digital Signal Processing.,(3 Credits)
ECE 4132.,Image Processing Systems Laboratory.,(3 Credits)
ECE 4133.,Fundamentals of Optical Imaging.,(3 Credits)
ECE 4141.,Introduction to RF/Microwave Wireless Systems.,(3 Credits)
ECE 4161.,Robotics Systems Laboratory.,(3 Credits)
ECE 4201.,Electronic Circuits and Applications.,(3 Credits)
ECE 4211.,Semiconductor Devices and Nanostructures.,(3 Credits)
ECE 4223.,Nanophotonics.,(3 Credits)
ECE 4225.,Fundamentals of Electron Device Design and Characterization.,(3 Credits)
ECE 4242.,Micro/Opto-electronic Devices and Circuits Fabrication Laboratory.,(3 Credits)
ECE 4243.,Nanoscience and Nanotechnology I.,(3 Credits)
ECE 4244.,Nanotechnology II.,(3 Credits)
ECE 4261.,Introduction to Memory Device Technologies.,(3 Credits)
ECE 4401.,Digital Design Laboratory.,(3 Credits)
ECE 4550.,Microgrids.,(3 Credits)
ECE 4900W.,Communicating Engineering Solutions in a Societal Context.,(1 Credit)
ECE 4901.,Electrical and Computer Engineering Design I.,(2 Credits)
ECE 4902.,Electrical and Computer Engineering Design II.,(3 Credits)
ENGR 1000.,Orientation to Engineering.,(1 Credit)
ENGR 1025.,Engineering for Impact: Emerging Leaders.,(1 Credit)
ENGR 1166.,Foundations of Engineering.,(3 Credits)
ENGR 1195.,Special Topics in Engineering.,(1-6 Credits)
ENGR 2195.,Special Topics in Engineering.,(1-6 Credits)
ENGR 2215.,Principles of Manufacturing Engineering.,(3 Credits)
ENGR 2300E.,Engineering for Human Rights.,(3 Credits)
ENGR 3020.,"EDOC: Confidence, Communication and Presentation.",(1 Credit)
ENGR 3021.,Engineering Ambassadors: Technical Communication and Presentation.,(1 Credit)
ENGR 3022.,"Intro - Building our Sistas Strength (BOSS) Leveraging Adversity, Diversity and Intellect (LADI).",(2 Credits)
ENGR 3024.,"Adv - Building our Sistas Strength (BOSS) Leveraging Adversity, Diversity and Intellect (LADI).",(3 Credits)
ENGR 3025.,Engineering for Impact - Advanced Leaders.,(1 Credit)
ENGR 3101.,Signals and Systems.,(3 Credits)
ENGR 3109.,Navy STEM Professional Development Seminar.,(1 Credit)
ENGR 3111.,Brownfield Practicum.,(3 Credits)
ENGR 3120.,LabVIEW Basics for Engineers.,(1 Credit)
ENGR 3181.,EUROTECH Internship Abroad.,(0 Credits)
ENGR 3184.,Engineering Transition Seminar.,(1 Credit)
ENGR 3193.,Foreign Study.,(1-6 Credits)
ENGR 3195.,Special Topics in Engineering.,(1-6 Credits)
ENGR 3201.,"Undergraduate Teaching, Mentoring, and Leadership Seminar.",(3 Credits)
ENGR 3209.,Sustainable Energy in the 21st Century.,(3 Credits)
ENGR 3215.,Statistical Quality Control and Reliability for Manufacturing.,(3 Credits)
ENGR 3257.,Assessment for Human Rights and Sustainability.,(3 Credits)
ENGR 3281.,Engineering Internship.,(0 Credits)
ENGR 3283.,International Engineering Internship.,(1-6 Credits)
ENGR 3400.,Engineering Data Analysis Techniques.,(3 Credits)
ENGR 3500.,Technology Innovation and Entrepreneurship.,(3 Credits)
ENGR 3501.,Technology Innovation and Entrepreneurship II.,(3 Credits)
ENGR 3735.,SolidWorks for Industrial Design.,(3 Credits)
ENGR 4001.,Multidisciplinary Engineering Design I.,(3 Credits)
ENGR 4002W.,Multidisciplinary Engineering Design II.,(3 Credits)
ENGR 4243.,Nanoscience and Nanotechnology I.,(3 Credits)
ENGR 4244.,Nanotechnology II.,(3 Credits)
ENGR 4299.,Independent Study.,(1-4 Credits)
ENGR 4582.,Shop Safety Practicum.,(0 Credits)
ENGL 1003.,Academic Literacies for Multilingual Students.,(3 Credits)
ENGL 1004.,Introduction to Academic Writing.,(4 Credits)
ENGL 1007.,Seminar and Studio in Writing and Multimodal Composition.,(4 Credits)
ENGL 1010.,Seminar in Academic Writing.,(4 Credits)
ENGL 1011.,Seminar in Writing through Literature.,(4 Credits)
ENGL 1012W.,Business Writing I.,(3 Credits)
ENGL 1095.,Special Topics.,(1-4 Credits)
ENGL 1101.,Classical and Medieval Western Literature.,(3 Credits)
ENGL 1101W.,Classical and Medieval Western Literature.,(3 Credits)
ENGL 1103.,Renaissance and Modern Western Literature.,(3 Credits)
ENGL 1103W.,Renaissance and Modern Western Literature.,(3 Credits)
ENGL 1201.,Introduction to American Studies.,(3 Credits)
ENGL 1301.,Major Works of Eastern Literature.,(3 Credits)
ENGL 1401.,Horror.,(3 Credits)
ENGL 1503.,Introduction to Shakespeare.,(3 Credits)
ENGL 1601W.,"Race, Gender, and the Culture Industry.",(3 Credits)
ENGL 1616.,Major Works of English and American Literature.,(3 Credits)
ENGL 1616W.,Major Works of English and American Literature.,(3 Credits)
ENGL 1693.,Foreign Study.,(1-6 Credits)
ENGL 2001.,Introduction to Grant Proposal Writing.,(3 Credits)
ENGL 2013W.,Introduction to Writing Studies.,(3 Credits)
ENGL 2020W.,Technical Writing and Design.,(3 Credits)
ENGL 2049W.,Writing through Research.,(3 Credits)
ENGL 2055WE.,"Writing, Rhetoric, and Environment.",(3 Credits)
ENGL 2100.,British Literature I.,(3 Credits)
ENGL 2101.,British Literature II.,(3 Credits)
ENGL 2107.,"The British Empire, Slavery, and Resistance.",(3 Credits)
ENGL 2200.,Literature and Culture of North America before 1800.,(3 Credits)
ENGL 2201.,American Literature to 1880.,(3 Credits)
ENGL 2201W.,American Literature to 1880.,(3 Credits)
ENGL 2203.,American Literature Since 1880.,(3 Credits)
ENGL 2203W.,American Literature Since 1880.,(3 Credits)
ENGL 2207.,Empire and U.S. Culture.,(3 Credits)
ENGL 2214.,African American Literature.,(3 Credits)
ENGL 2214W.,African American Literature.,(3 Credits)
ENGL 2274W.,Disability in American Literature and Culture.,(3 Credits)
ENGL 2276.,American Utopias and Dystopias.,(3 Credits)
ENGL 2276W.,American Utopias and Dystopias.,(3 Credits)
ENGL 2301.,Anglophone Literatures.,(3 Credits)
ENGL 2301W.,Anglophone Literatures.,(3 Credits)
ENGL 2305.,Modern Japanese Literature.,(3 Credits)
ENGL 2401.,Poetry.,(3 Credits)
ENGL 2401W.,Poetry.,(3 Credits)
ENGL 2405.,Drama.,(3 Credits)
ENGL 2407.,The Short Story.,(3 Credits)
ENGL 2408.,Modern Drama.,(3 Credits)
ENGL 2408W.,Modern Drama.,(3 Credits)
ENGL 2409.,The Modern Novel.,(3 Credits)
ENGL 2411.,Popular Literature.,(3 Credits)
ENGL 2411W.,Popular Literature.,(3 Credits)
ENGL 2413.,The Graphic Novel.,(3 Credits)
ENGL 2413W.,The Graphic Novel.,(3 Credits)
ENGL 2600.,Introduction to Literary Studies.,(3 Credits)
ENGL 2603.,Literary Approaches to the Bible.,(3 Credits)
ENGL 2605.,"Capitalism, Literature, and Culture.",(3 Credits)
ENGL 2605W.,"Capitalism, Literature, and Culture.",(3 Credits)
ENGL 2607.,Literature and Science.,(3 Credits)
ENGL 2609.,Fascism and its Opponents.,(3 Credits)
ENGL 2610.,Introduction to Digital Humanities.,(3 Credits)
ENGL 2612.,Digital Literary Studies.,(3 Credits)
ENGL 2614.,Writing with Algorithms.,(3 Credits)
ENGL 2627.,Topics in Literary Studies.,(3 Credits)
ENGL 2635E.,Literature and the Environment.,(3 Credits)
ENGL 2637WE.,Environmental Justice Writing.,(3 Credits)
ENGL 2640.,Studies in Film.,(3 Credits)
ENGL 2640W.,Studies in Film.,(3 Credits)
ENGL 2701.,Creative Writing I.,(3 Credits)
ENGL 2730W.,Travel Writing.,(3 Credits)
ENGL 3003W.,Topics in Writing Studies.,(3 Credits)
ENGL 3010W.,Advanced Composition for Prospective Teachers.,(3 Credits)
ENGL 3012.,Books and Book Publishing.,(3 Credits)
ENGL 3013W.,Media Publishing.,(3 Credits)
ENGL 3015W.,Writing Across Cultures.,(3 Credits)
ENGL 3020W.,Professional and Technical Writing for Social Justice.,(3 Credits)
ENGL 3082.,Writing Center Practicum.,(1 Credit)
ENGL 3091.,Writing Internship.,(1-8 Credits)
ENGL 3111W.,Medieval English Literature.,(3 Credits)
ENGL 3113.,Renaissance English Literature.,(3 Credits)
ENGL 3113W.,Renaissance English Literature.,(3 Credits)
ENGL 3115W.,"Literature of Enlightenment, Empire, and Revolution: 1660-1800.",(3 Credits)
ENGL 3117.,Romantic British Literature.,(3 Credits)
ENGL 3117W.,Romantic British Literature.,(3 Credits)
ENGL 3118W.,Victorian British Literature.,(3 Credits)
ENGL 3120.,Irish Literature in English to 1939.,(3 Credits)
ENGL 3122.,Irish Literature in English since 1939.,(3 Credits)
ENGL 3122W.,Irish Literature in English since 1939.,(3 Credits)
ENGL 3123W.,British Literature from 1890 to the Mid-Twentieth Century.,(3 Credits)
ENGL 3207.,American Literature since the Mid-Twentieth Century.,(3 Credits)
ENGL 3210.,Native American Literature.,(3 Credits)
ENGL 3212.,Asian American Literature.,(3 Credits)
ENGL 3213.,Eighteenth- and Nineteenth-Century African American Literature.,(3 Credits)
ENGL 3215.,Twentieth- and Twenty-First Century African American Literature.,(3 Credits)
ENGL 3215W.,Twentieth- and Twenty-First Century African American Literature.,(3 Credits)
ENGL 3217.,Studies in African American Literature and Culture.,(3 Credits)
ENGL 3218.,Ethnic Literature of United States.,(3 Credits)
ENGL 3218W.,Ethnic Literatures of the United States.,(3 Credits)
ENGL 3220.,Jewish American Literature and Culture.,(3 Credits)
ENGL 3220W.,Jewish American Literature and Culture.,(3 Credits)
ENGL 3240E.,American Nature Writing.,(3 Credits)
ENGL 3265W.,American Studies Methods.,(3 Credits)
ENGL 3267W.,Race and the Scientific Imagination.,(3 Credits)
ENGL 3301.,Celtic and Norse Myth and Legend.,(3 Credits)
ENGL 3303.,Studies in Early Literature in English.,(3 Credits)
ENGL 3318.,Literature and Culture of the Third World.,(3 Credits)
ENGL 3319.,Topics in Postcolonial Studies.,(3 Credits)
ENGL 3320.,Literature and Culture of India.,(3 Credits)
ENGL 3403.,Modern and Contemporary Poetry in English.,(3 Credits)
ENGL 3420.,Children's Literature.,(3 Credits)
ENGL 3422.,Young Adult Literature.,(3 Credits)
ENGL 3501.,Chaucer.,(3 Credits)
ENGL 3503.,Shakespeare I.,(3 Credits)
ENGL 3503W.,Shakespeare I.,(3 Credits)
ENGL 3507.,Milton.,(3 Credits)
ENGL 3509.,Studies in Individual Writers.,(3 Credits)
ENGL 3509W.,Studies in Individual Writers.,(3 Credits)
ENGL 3601.,The English Language.,(3 Credits)
ENGL 3605.,Latina/o Literature.,(3 Credits)
ENGL 3607.,Studies in Latina/o Literature.,(3 Credits)
ENGL 3609.,Women's Literature.,(3 Credits)
ENGL 3611.,Women's Literature 1900 to the Present.,(3 Credits)
ENGL 3613.,LGBTQ+ Literature.,(3 Credits)
ENGL 3619.,Topics in Literature and Human Rights.,(3 Credits)
ENGL 3621.,Literature and Other Disciplines.,(3 Credits)
ENGL 3623.,Studies in Literature and Culture.,(3 Credits)
ENGL 3627.,Studies in Literature.,(3 Credits)
ENGL 3629.,Holocaust Memoir.,(3 Credits)
ENGL 3631.,"Literature, Culture, and Humanitarianism.",(3 Credits)
ENGL 3631W.,"Literature, Culture, and Humanitarianism.",(3 Credits)
ENGL 3633.,The Rhetoric of Political Discourse in Literature and Society.,(3 Credits)
ENGL 3633W.,The Rhetoric of Political Discourse in Literature and Society.,(3 Credits)
ENGL 3635.,Law and Literature.,(3 Credits)
ENGL 3640.,British Film.,(3 Credits)
ENGL 3652W.,Maritime Literature to 1800.,(3 Credits)
ENGL 3653.,Maritime Literature Since 1800.,(3 Credits)
ENGL 3653W.,Maritime Literature Since 1800.,(3 Credits)
ENGL 3693.,Foreign Study.,(1-6 Credits)
ENGL 3695.,Special Topics.,(1-6 Credits)
ENGL 3698.,Variable Topics.,(3 Credits)
ENGL 3699.,Independent Study.,(1-6 Credits)
ENGL 3701.,Creative Writing II.,(3 Credits)
ENGL 3703.,Writing Workshop.,(3 Credits)
ENGL 3705.,Playwriting.,(3 Credits)
ENGL 3705W.,Playwriting.,(3 Credits)
ENGL 3707.,Film Writing.,(3 Credits)
ENGL 3711.,Creative Writing for Child and Young Adult Readers.,(3 Credits)
ENGL 3713.,Literary Magazine Editing.,(3 Credits)
ENGL 3715E.,Nature Writing Workshop.,(3 Credits)
ENGL 4101W.,Advanced Study: British Literature.,(3 Credits)
ENGL 4201W.,Advanced Study: American Literature.,(3 Credits)
ENGL 4203W.,Advanced Study: Ethnic Literature.,(3 Credits)
ENGL 4301W.,Advanced Study: Anglophone Literature.,(3 Credits)
ENGL 4302W.,Advanced Study: Literature of Ireland.,(3 Credits)
ENGL 4401W.,Advanced Study: Poetry.,(3 Credits)
ENGL 4407W.,Advanced Study: Prose.,(3 Credits)
ENGL 4600W.,Advanced Study: Seminars in Literature.,(3 Credits)
ENGL 4613W.,Advanced Study: LGBTQ+ Literature.,(3 Credits)
ENGL 4897.,Honors VIII: Honors Thesis.,(3 Credits)
ENGL 4965W.,Advanced Studies in Early Literature.,(3 Credits)
ENVE 1000E.,Environmental Sustainability.,(3 Credits)
ENVE 2193.,International Study.,(1-6 Credits)
ENVE 2251.,Probability and Statistics in Civil and Environmental Engineering.,(3 Credits)
ENVE 2310E.,Environmental Engineering Fundamentals.,(3 Credits)
ENVE 2411.,Introduction to Computer Aided Design.,(1 Credit)
ENVE 3100.,Climate Resilience and Adaptation: Municipal Policy and Planning.,(3 Credits)
ENVE 3110E.,Brownfield Redevelopment.,(3 Credits)
ENVE 3120.,Fluid Mechanics.,(4 Credits)
ENVE 3121.,Fluid Mechanics Laboratory.,(1 Credit)
ENVE 3193.,Foreign Study.,(1-6 Credits)
ENVE 3200.,Environmental Engineering Laboratory.,(3 Credits)
ENVE 3201.,Environmental Engineering Laboratory I.,(1 Credit)
ENVE 3202.,Environmental Engineering Laboratory II.,(1 Credit)
ENVE 3220.,Water Quality Engineering.,(3 Credits)
ENVE 3230.,Air Pollution Control.,(3 Credits)
ENVE 3240.,Soil Chemistry Components.,(4 Credits)
ENVE 3270.,Environmental Microbiology.,(3 Credits)
ENVE 3530.,Engineering and Environmental Geology.,(3 Credits)
ENVE 3995.,Special Topics in Environmental Engineering.,(1-6 Credits)
ENVE 3996.,Directed Research in Environmental Engineering.,(1-3 Credits)
ENVE 4210.,Environmental Engineering Chemistry.,(3 Credits)
ENVE 4310.,Environmental Modeling.,(3 Credits)
ENVE 4320.,Ecological Principles and Engineering.,(3 Credits)
ENVE 4530.,Geoenvironmental Engineering.,(3 Credits)
ENVE 4540.,Design of Groundwater Systems.,(3 Credits)
ENVE 4810.,Engineering Hydrology.,(3 Credits)
ENVE 4820.,Hydraulic Engineering.,(3 Credits)
ENVE 4886.,Thesis I.,(1 Credit)
ENVE 4897.,Thesis in Environmental Engineering.,(1-3 Credits)
ENVE 4910W.,Environmental Engineering Design I.,(2 Credits)
ENVE 4920W.,Environmental Engineering Design II.,(2 Credits)
ENVE 4996.,Independent Research in Environmental Engineering.,(1-3 Credits)
ENVE 4999.,Independent Study in Environmental Engineering.,(1-6 Credits)
ENVS 2000.,Integrating Humans and the Environment.,(3 Credits)
ENVS 3100.,Climate Resilience and Adaptation: Municipal Policy and Planning.,(3 Credits)
ENVS 3110E.,Brownfield Redevelopment.,(3 Credits)
ENVS 3991.,Internship.,(1-12 Credits)
ENVS 3993.,Foreign Study.,(1-15 Credits)
ENVS 3999.,Independent Study.,(1-6 Credits)
EVST 1000E.,Introduction to Environmental Studies.,(3 Credits)
EVST 2998.,Variable Topics in Environmental Studies.,(3 Credits)
EVST 3100.,Climate Resilience and Adaptation: Municipal Policy and Planning.,(3 Credits)
EVST 3110E.,Brownfield Redevelopment.,(3 Credits)
EVST 3200.,Sustainable Community Food Systems Seminar.,(3 Credits)
EVST 3340E.,Culture and Conservation.,(3 Credits)
EVST 3412.,Global Environmental Politics.,(3 Credits)
EVST 3991.,Supervised Field Work.,(1-12 Credits)
EVST 3993.,Foreign Study.,(1-15 Credits)
EVST 3999.,Independent Study.,(1-6 Credits)
EVST 4000W.,Environmental Studies Capstone Research Project.,(3 Credits)
ES 3293.,Foreign Study.,(1-6 Credits)
ES 3398.,Variable Topics.,(1-3 Credits)
ES 3995.,Special Topics in European Studies.,(3 Credits)
ES 3999.,Independent Study.,(1-6 Credits)
FNCE 3101.,Financial Management.,(3 Credits)
FNCE 3230.,Real Estate Principles.,(3 Credits)
FNCE 3240.,Foundations of FinTech.,(3 Credits)
FNCE 3302.,Investments and Security Analysis.,(3 Credits)
FNCE 3303.,Principles of Investments and Derivatives.,(3 Credits)
FNCE 3332.,Real Estate Investments.,(3 Credits)
FNCE 3333.,Real Estate Finance.,(3 Credits)
FNCE 3334.,Real Estate Markets and Valuation.,(3 Credits)
FNCE 3335.,Commercial Real Estate Appraisal.,(3 Credits)
FNCE 3336.,Real Estate: A Practical Approach.,(3 Credits)
FNCE 3715.,Personal Finance.,(3 Credits)
FNCE 4209.,Applications in Financial Management.,(3 Credits)
FNCE 4230.,FinTech Economics and Business Models.,(3 Credits)
FNCE 4301.,Advanced Issues in Security Valuation.,(3 Credits)
FNCE 4302.,Fixed Income Securities.,(3 Credits)
FNCE 4303.,Advanced Issues in Asset Allocation and Portfolio Management.,(3 Credits)
FNCE 4304.,Financial Derivatives and Risk Management.,(3 Credits)
FNCE 4305.,Global Financial Management.,(3 Credits)
FNCE 4306.,Financial Services.,(3 Credits)
FNCE 4307.,Financial Modeling.,(3 Credits)
FNCE 4308.,Introduction to Algorithmic Trading.,(3 Credits)
FNCE 4309.,High Frequency Trading Management.,(3 Credits)
FNCE 4319.,Entrepreneurial Finance.,(3 Credits)
FNCE 4410.,Security Valuation and Portfolio Management.,(3 Credits)
FNCE 4430.,Mergers and Acquisitions.,(3 Credits)
FNCE 4440.,Financial Ethics.,(1 Credit)
FNCE 4881.,Internship in Finance.,(1-3 Credits)
FNCE 4893.,Foreign Study.,(1-6 Credits)
FNCE 4895.,Special Topics.,(1-6 Credits)
FNCE 4899.,Independent Study.,(1-6 Credits)
FNCE 4997W.,Senior Thesis in Finance.,(3 Credits)
FINA 1001.,Earthtones: Vocal Ensemble.,(1 Credit)
FINA 1100.,Afrocentric Perspectives in the Arts.,(3 Credits)
FINA 3510.,Foundation: Exploring Digital Arts.,(3 Credits)
FINA 3995.,Investigation of Special Topics.,(1-6 Credits)
FREN 1101.,Elementary French I.,(4 Credits)
FREN 1102.,Elementary French II.,(4 Credits)
FREN 1103.,Intermediate French I.,(4 Credits)
FREN 1104.,Intermediate French II.,(4 Credits)
FREN 1169.,Modernity in Crisis: France and the Francophone World From 1850 to Today.,(3 Credits)
FREN 1171.,French Cinema.,(3 Credits)
FREN 1176.,Literature and Cultures of the Postcolonial Francophone World.,(3 Credits)
FREN 1177.,"Magicians, Witches, Wizards: Parallel Beliefs and Popular Culture in France.",(3 Credits)
FREN 1193.,Foreign Study.,(1-6 Credits)
FREN 3101.,French for Engineering I.,(1 Credit)
FREN 3102.,French for Engineering II.,(1 Credit)
FREN 3103.,French for Engineering III.,(1 Credit)
FREN 3210.,French Art and Civilization.,(3 Credits)
FREN 3211W.,Contemporary France.,(3 Credits)
FREN 3215.,Introduction to Translation.,(3 Credits)
FREN 3217.,Business French.,(3 Credits)
FREN 3218.,Francophone Studies.,(3 Credits)
FREN 3221.,Classics of French Literature.,(3 Credits)
FREN 3224.,"Issues in Cultural Studies, the Media, and the Social Sciences.",(3 Credits)
FREN 3226.,French and Francophone Cinema.,(3 Credits)
FREN 3234.,"Romanticism, Realism, Fin de Siecle: 19th-Century Literature.",(3 Credits)
FREN 3235.,French Modernity.,(3 Credits)
FREN 3250.,Global Culture in French I.,(3 Credits)
FREN 3251.,Global Culture in French II.,(3 Credits)
FREN 3257.,French Phonetics.,(3 Credits)
FREN 3261.,From the Holy Grail to the Revolution: Introduction to Literature.,(3 Credits)
FREN 3262.,From the Romantics to the Moderns: Introduction to Literature.,(3 Credits)
FREN 3267.,Grammar and Culture.,(3 Credits)
FREN 3268.,Grammar and Composition.,(3 Credits)
FREN 3268W.,Grammar and Composition.,(3 Credits)
FREN 3269.,Advanced French Grammar.,(3 Credits)
FREN 3270W.,French Literature and Civilization in English.,(3 Credits)
FREN 3272.,French Literary Theory.,(3 Credits)
FREN 3274.,"Diversity in France: Migration, Refugees, and Minorities.",(3 Credits)
FREN 3280.,Fiction and Nonfiction by French and Francophone Women.,(3 Credits)
FREN 3293.,Foreign Study.,(1-6 Credits)
FREN 3295.,Special Topics.,(1-3 Credits)
FREN 3298.,Variable Topics.,(3 Credits)
FREN 3299.,Independent Study.,(1-6 Credits)
FREN 3381.,French Internship.,(1-6 Credits)
GPS 3081.,BGS Internship.,(1-6 Credits)
GPS 3099.,Independent Study.,(1-6 Credits)
GPS 4278W.,Integrating General Studies.,(3 Credits)
GEOG 1000.,Introduction to Geography.,(3 Credits)
GEOG 1010.,New Digital Worlds of Geographic Information Science.,(3 Credits)
GEOG 1070.,Natural Disasters and Environmental Change.,(3 Credits)
GEOG 1093.,International Study.,(1-6 Credits)
GEOG 1200.,Global Urbanization.,(3 Credits)
GEOG 1300E.,"Climate, Weather, and the Environment.",(3 Credits)
GEOG 1302.,GIS Modeling of Environmental Change.,(4 Credits)
GEOG 1700.,World Regional Geography.,(3 Credits)
GEOG 2000.,Globalization.,(3 Credits)
GEOG 2100.,Economic Geography.,(3 Credits)
GEOG 2200.,Introduction to Human Geography.,(3 Credits)
GEOG 2300E.,Introduction to Physical Geography.,(3 Credits)
GEOG 2310E.,Creating and Sustaining National Parks.,(3 Credits)
GEOG 2320E.,Climate Change: Current Geographic Issues.,(3 Credits)
GEOG 2350E.,Geography of Energy for Sustainability.,(3 Credits)
GEOG 2400E.,Introduction to Sustainable Cities.,(3 Credits)
GEOG 2500.,Introduction to Geographic Information Systems.,(4 Credits)
GEOG 2505.,Applications of Geographic Information Systems.,(3 Credits)
GEOG 2996.,Research.,(1-6 Credits)
GEOG 3000.,"Race, Sex, Space, and Place.",(3 Credits)
GEOG 3010.,Indigenous Geographies in Abya Yala and Turtle Island (The Americas).,(3 Credits)
GEOG 3200.,Urban Geography.,(3 Credits)
GEOG 3240.,"Health Geography: Connecting People, Place, and Health.",(3 Credits)
GEOG 3320W.,Environmental Evaluation and Assessment.,(3 Credits)
GEOG 3340.,Environmental Planning and Management.,(3 Credits)
GEOG 3350E.,"Global Change, Local Action: A Geography of Environmentalism.",(3 Credits)
GEOG 3400.,Climate and Weather.,(3 Credits)
GEOG 3410E.,Human Modifications of Natural Environments.,(3 Credits)
GEOG 3420.,Field Methods in Geography.,(4 Credits)
GEOG 3500Q.,Geographic Data Analysis.,(3 Credits)
GEOG 3505.,Remote Sensing of Marine Geography.,(3 Credits)
GEOG 3510.,Cartographic Techniques.,(3 Credits)
GEOG 3512.,Introduction to Spatial Data Science.,(3 Credits)
GEOG 3530.,Introduction to GeoComputing.,(3 Credits)
GEOG 3600.,Global Dynamics of the Shipping Industry.,(3 Credits)
GEOG 4000W.,Capstone Seminar in Geography.,(3 Credits)
GEOG 4001W.,Writing in Geography.,(1 Credit)
GEOG 4090.,Internship in Geography: Field Study.,(1-3 Credits)
GEOG 4091.,Internship in Geography: Seminar.,(1-3 Credits)
GEOG 4093.,International Study.,(1-6 Credits)
GEOG 4095.,Special Topics.,(1-6 Credits)
GEOG 4096.,Senior Thesis.,(3 Credits)
GEOG 4096W.,Senior Thesis.,(3 Credits)
GEOG 4098.,Variable Topics.,(3 Credits)
GEOG 4099.,Independent Study.,(1-6 Credits)
GEOG 4150.,Applied Data Analysis in Earth Science.,(3 Credits)
GEOG 4210.,Urban and Regional Planning.,(3 Credits)
GEOG 4230.,GIS and Remote Sensing for Geoscience Applications.,(3 Credits)
GEOG 4240.,"Disaster Risk, Vulnerability, and Resilience.",(3 Credits)
GEOG 4340.,Biogeography.,(3 Credits)
GEOG 4515.,Web GIS.,(3 Credits)
GEOG 4516.,Fundamentals of Spatial Database Systems.,(3 Credits)
GEOG 4518.,Mobile GIS.,(3 Credits)
GEOG 4519.,Spatial Big Data Analytics.,(3 Credits)
GERM 1001.,Elementary German I.,(4 Credits)
GERM 1002.,Elementary German II.,(4 Credits)
GERM 1003.,Intermediate German I.,(4 Credits)
GERM 1004.,Intermediate German II.,(4 Credits)
GERM 1140W.,German Literature in English.,(3 Credits)
GERM 1169.,Contemporary Germany in Europe.,(3 Credits)
GERM 1171.,The German Film.,(3 Credits)
GERM 1175.,Human Rights and German Culture.,(3 Credits)
GERM 1193.,Foreign Study.,(1-6 Credits)
GERM 1295.,Special Topics.,(1-6 Credits)
GERM 1920.,"Cyborgs, Robots, and Androids in the German Imaginary.",(3 Credits)
GERM 2400E.,The Environment in German Culture.,(3 Credits)
GERM 3200.,Intensive Language Practice.,(3 Credits)
GERM 3220.,German Recitation in Applied Mechanics.,(1 Credit)
GERM 3221.,Introduction to the Sciences in German.,(1 Credit)
GERM 3222.,Fields of Technology.,(1 Credit)
GERM 3231.,German for Professional Use I.,(3 Credits)
GERM 3232.,German for Professional Use II.,(3 Credits)
GERM 3233.,Building Language Skills Through Culture I.,(3 Credits)
GERM 3234.,Building Language Skills Through Culture II.,(3 Credits)
GERM 3245.,German Grammar and Etymology.,(3 Credits)
GERM 3251.,German Culture and Civilization.,(3 Credits)
GERM 3254W.,Studies in 19th Century German Literature.,(3 Credits)
GERM 3255.,Studies in 20th Century German Literature.,(3 Credits)
GERM 3255W.,Studies in 20th Century German Literature.,(3 Credits)
GERM 3258.,"Germans in Africa, Blacks in German-Speaking Countries, Colonial and Post-Colonial Perspectives.",(3 Credits)
GERM 3261W.,German Film and Culture.,(3 Credits)
GERM 3264W.,German Cinema in Cross-Cultural Perspective.,(3 Credits)
GERM 3265.,Topics in German Culture.,(3 Credits)
GERM 3292.,German Language Practicum.,(1-6 Credits)
GERM 3293.,Foreign Study.,(1-7 Credits)
GERM 3295.,Special Topics.,(1-6 Credits)
GERM 3298.,Variable Topics.,(3 Credits)
GERM 3299.,Independent Study.,(1-6 Credits)
GERM 4246.,The Finishing Touch: A Capstone in German Studies.,(3 Credits)
HCHE 1051.,Taken Cap Comm-Tech.,(1-4 Credits)
HCHE 1052.,Taken At CCSU.,(1-6 Credits)
HCHE 1053.,Taken at St. Joseph Col.,(1-6 Credits)
HCHE 1054.,Taken At Trinity Col.,(1-4 Credits)
HCHE 1055.,Taken At U Of Htfd.,(1-4 Credits)
HCHE 1056.,Taken at MCC.,(1-4 Credits)
HCHE 2051.,Taken Cap Comm-Tech.,(1-4 Credits)
HCHE 2052.,Taken At CCSU.,(1-4 Credits)
HCHE 2053.,Taken St. Joseph Col.,(1-4 Credits)
HCHE 2054.,Taken At Trinity Col.,(1-6 Credits)
HCHE 2055.,Taken At U Of Htfd.,(1-4 Credits)
HCHE 2056.,Taken at MCC.,(1-4 Credits)
HCHE 3051.,Taken Cap Comm-Tech.,(1-4 Credits)
HCHE 3052.,Taken At CCSU.,(1-4 Credits)
HCHE 3053.,Taken at St. Joseph Col.,(1-4 Credits)
HCHE 3054.,Taken At Trinity Col.,(1-6 Credits)
HCHE 3055.,Taken At U Of Htfd.,(1-4 Credits)
HCHE 3056.,Taken at MCC.,(1-4 Credits)
HCHE 4000.,Taken Cap Comm-Tech.,(1-4 Credits)
HCHE 4051.,Taken Cap Comm-Tech.,(1-4 Credits)
HCHE 4052.,Taken At CCSU.,(1-4 Credits)
HCHE 4053.,Taken at St. Joseph Col.,(1-4 Credits)
HCHE 4054.,Taken At Trinity Col.,(1-6 Credits)
HCHE 4055.,Taken At U Of Htfd.,(1-4 Credits)
HCHE 4056.,Taken at MCC.,(1-4 Credits)
HCMI 3221.,Risk Management and Insurance.,(3 Credits)
HCMI 3240.,Introduction to Health Care Management.,(3 Credits)
HCMI 3243.,Health Care Economics.,(3 Credits)
HCMI 4225.,Health and Social Insurance.,(3 Credits)
HCMI 4243.,Health Law and Policy.,(3 Credits)
HCMI 4250.,Cost-Benefit Analysis for Healthcare Business and Policy.,(3 Credits)
HCMI 4448.,Clinical and Social Issues in Health Care.,(3 Credits)
HCMI 4881.,Internship in Health Care Management.,(1-3 Credits)
HCMI 4895.,Special Topics.,(1-6 Credits)
HCMI 4899.,Independent Study for Undergraduates.,(1-6 Credits)
HCMI 4997W.,Senior Thesis in Health Care Management and Insurance Studies.,(3 Credits)
HEJS 1001.,Elementary Modern Hebrew I.,(4 Credits)
HEJS 1002.,Elementary Modern Hebrew II.,(4 Credits)
HEJS 1003.,Intermediate Modern Hebrew I.,(4 Credits)
HEJS 1004.,Intermediate Modern Hebrew II.,(4 Credits)
HEJS 1103.,Who Are the Jews? Jewish Identity through the Ages.,(3 Credits)
HEJS 1193.,Foreign Study.,(1-6 Credits)
HEJS 2104.,Modern Jewish Thought.,(3 Credits)
HEJS 2200.,Israel: History and Society.,(3 Credits)
HEJS 2201.,Diversity and Inclusion in Israeli Society: A Cinematic View.,(3 Credits)
HEJS 2203.,"The Holocaust in Print, Theater, and Film.",(3 Credits)
HEJS 2204.,Jewish Culture in American Film.,(3 Credits)
HEJS 2301.,Jewish Humor.,(3 Credits)
HEJS 3050.,Anthropology of Jews and Jewishness.,(3 Credits)
HEJS 3050W.,Anthropology of Jews and Jewishness.,(3 Credits)
HEJS 3201.,Selected Books of the Hebrew Bible.,(3 Credits)
HEJS 3202.,Sects and Movements in Judaism.,(3 Credits)
HEJS 3203.,The Holocaust.,(3 Credits)
HEJS 3205.,Introduction to Holocaust Studies.,(3 Credits)
HEJS 3241.,Jewish Magic: from Late Antiquity through the Early Modern Period.,(3 Credits)
HEJS 3251.,Advanced Hebrew.,(3 Credits)
HEJS 3252.,Advanced Hebrew.,(3 Credits)
HEJS 3293.,Foreign Study.,(1-6 Credits)
HEJS 3295.,Special Topics.,(1-6 Credits)
HEJS 3298.,Variable Topics.,(3 Credits)
HEJS 3299.,Independent Study.,(1-6 Credits)
HEJS 3301.,The Jewish Middle Ages.,(3 Credits)
HEJS 3330.,Palestine Under the Greeks and Romans.,(3 Credits)
HEJS 3362.,The Black Death: Medieval and Modern Responses to Catastrophe.,(3 Credits)
HEJS 3401.,Jewish American Literature and Culture.,(3 Credits)
HEJS 3401W.,Jewish American Literature and Culture.,(3 Credits)
HEJS 3419.,Jewish Responses to the Holocaust.,(3 Credits)
HEJS 3629.,Holocaust Memoir.,(3 Credits)
HIND 1101.,Elementary Hindi I.,(4 Credits)
HIND 1102.,Elementary Hindi II.,(4 Credits)
HIND 1103.,Intermediate Hindi I.,(4 Credits)
HIND 1104.,Intermediate Hindi II.,(4 Credits)
HIND 1193.,Foreign Study.,(1-6 Credits)
HIND 3293.,Foreign Study.,(1-6 Credits)
HIND 3295.,Special Topics.,(1-6 Credits)
HIND 3298.,Variable Topics.,(3 Credits)
HIND 3299.,Independent Study.,(1-6 Credits)
HIST 1100.,The Historian as Detective.,(3 Credits)
HIST 1100W.,The Historian as Detective.,(3 Credits)
HIST 1200.,"World History, 1200-1800.",(3 Credits)
HIST 1201.,Modern World History.,(3 Credits)
HIST 1203.,Women in History.,(3 Credits)
HIST 1206.,Living Through War in World History Since 1500.,(3 Credits)
HIST 1250.,Sports in History.,(3 Credits)
HIST 1300.,Western Traditions Before 1500.,(3 Credits)
HIST 1400.,Modern Western Traditions.,(3 Credits)
HIST 1450.,Global History of the Second World War.,(3 Credits)
HIST 1501.,United States History to 1877.,(3 Credits)
HIST 1501W.,United States History to 1877.,(3 Credits)
HIST 1502.,U.S. History Since 1877.,(3 Credits)
HIST 1502W.,U.S. History Since 1877.,(3 Credits)
HIST 1503.,Introduction to American Studies.,(3 Credits)
HIST 1570.,Migrant Workers in Connecticut.,(4 Credits)
HIST 1600.,Introduction to Latin America and the Caribbean.,(3 Credits)
HIST 1600W.,Introduction to Latin America and the Caribbean.,(3 Credits)
HIST 1801.,History of Asia in the World to 1500.,(3 Credits)
HIST 1805.,Key Words in East Asian History and Culture.,(3 Credits)
HIST 1993.,Foreign Study.,(1-6 Credits)
HIST 1995.,Special Topics Lecture.,(3 Credits)
HIST 2020.,"Pyramids, Pirates, and the Polis: The Ancient Mediterranean.",(3 Credits)
HIST 2100.,The Historian's Craft.,(3 Credits)
HIST 2100W.,The Historian's Craft.,(3 Credits)
HIST 2102.,Introduction to Digital Humanities.,(3 Credits)
HIST 2103W.,Biography as History: Individuals in their Times.,(3 Credits)
HIST 2104W.,History through Fiction.,(3 Credits)
HIST 2105.,History through Film.,(3 Credits)
HIST 2204.,History of Technology.,(3 Credits)
HIST 2205.,Personality and Power in History.,(3 Credits)
HIST 2205W.,Personality and Power in History.,(3 Credits)
HIST 2206.,History of Science.,(3 Credits)
HIST 2207.,Empire and U.S. Culture.,(3 Credits)
HIST 2208.,"Science, Technology, and Society.",(3 Credits)
HIST 2208W.,"Science, Technology, and Society.",(3 Credits)
HIST 2210E.,History of the Ocean.,(3 Credits)
HIST 2222E.,Global Environmental History.,(3 Credits)
HIST 2225.,The Pacific in World History.,(3 Credits)
HIST 2230.,Global History of Capitalism.,(3 Credits)
HIST 2230W.,Global History of Capitalism.,(3 Credits)
HIST 2240.,History of War in the Modern World.,(3 Credits)
HIST 2350.,Byzantium.,(3 Credits)
HIST 2401.,Europe in the Nineteenth Century.,(3 Credits)
HIST 2401W.,Europe in the Nineteenth Century.,(3 Credits)
HIST 2402.,Europe in the Twentieth Century.,(3 Credits)
HIST 2402W.,Europe in the Twentieth Century.,(3 Credits)
HIST 2412.,From Revolution to Nihilism: Ideas and Ideologies in Nineteenth-Century Europe.,(3 Credits)
HIST 2412W.,From Revolution to Nihilism: Ideas and Ideologies in Nineteenth-Century Europe.,(3 Credits)
HIST 2413W.,From Nietzsche to Neo-liberalism: Ideas and Ideologies in Twentieth-Century Europe.,(3 Credits)
HIST 2421.,History of Modern England.,(3 Credits)
HIST 2451.,Germany Since 1815.,(3 Credits)
HIST 2456.,Power and Resistance: History of Eastern Europe.,(3 Credits)
HIST 2471.,History of Russia Since 1855.,(3 Credits)
HIST 2507.,"New England and the Caribbean Plantation Complex, 1650-1900.",(3 Credits)
HIST 2525.,LGBTQ+ History in the United States.,(3 Credits)
HIST 2530.,Asian American Experience Since 1850.,(3 Credits)
HIST 2541.,The History of Urban America.,(3 Credits)
HIST 2541W.,The History of Urban America.,(3 Credits)
HIST 2550.,"Crime, Policing, and Punishment in the United States.",(3 Credits)
HIST 2570.,American Indian History.,(3 Credits)
HIST 2621.,Cuba in Local and Global Perspective.,(3 Credits)
HIST 2622.,History of Gender and Sexuality in Latin America and the Caribbean.,(3 Credits)
HIST 2650.,History of Urban Latin America.,(3 Credits)
HIST 2752.,Africa in Global History.,(3 Credits)
HIST 2753.,History of Modern Africa.,(3 Credits)
HIST 2811.,Early Modern India: From Muslim Rulers to British Raj.,(3 Credits)
HIST 2812.,Modern India.,(3 Credits)
HIST 2821.,Early Modern China: From Mongols to Manchus.,(3 Credits)
HIST 2822.,Modern China.,(3 Credits)
HIST 2832.,Modern Japan.,(3 Credits)
HIST 2841.,Empire and Nation in Southeast Asia.,(3 Credits)
HIST 2842.,History of Vietnam.,(3 Credits)
HIST 2866.,China and the West.,(3 Credits)
HIST 2868.,Foreign Relations of China Since 1949.,(3 Credits)
HIST 2868W.,Foreign Relations of China Since 1949.,(3 Credits)
HIST 2993.,Foreign Study.,(1-12 Credits)
HIST 3095.,Special Topics.,(1-6 Credits)
HIST 3098.,Variable Topics.,(3 Credits)
HIST 3102.,Topics in Public History.,(3 Credits)
HIST 3103.,Collaborating with Cultural Organizations I: Methods.,(3 Credits)
HIST 3104.,Collaborating with Cultural Organizations II: Practice.,(3 Credits)
HIST 3107.,Historical Fiction in Games and Film.,(3 Credits)
HIST 3201.,The History of Human Rights.,(3 Credits)
HIST 3202.,International Human Rights.,(3 Credits)
HIST 3203.,History of the Family.,(3 Credits)
HIST 3206.,Black Experience in the Americas.,(3 Credits)
HIST 3207.,Genocide after the Second World War.,(3 Credits)
HIST 3208.,Making the Black Atlantic.,(3 Credits)
HIST 3209.,Maritime Archaeology of the Americas.,(3 Credits)
HIST 3210.,Archaeology of the Age of Sail.,(3 Credits)
HIST 3232.,"History of Refugees, Migration, and Statelessness.",(3 Credits)
HIST 3300.,Near Eastern Prehistory.,(3 Credits)
HIST 3301.,Ancient Near East.,(3 Credits)
HIST 3320.,Ancient Greece: Troy to Sparta.,(3 Credits)
HIST 3321.,Hellenistic World: Alexander to Cleopatra.,(3 Credits)
HIST 3325.,Ancient Rome: Aeneas to Augustus.,(3 Credits)
HIST 3326.,Ancient Rome: Emperors and Barbarians.,(3 Credits)
HIST 3330.,Palestine Under the Greeks and Romans.,(3 Credits)
HIST 3335.,The Early Christian Church.,(3 Credits)
HIST 3340.,World of the Later Roman Empire.,(3 Credits)
HIST 3360.,Early Middle Ages.,(3 Credits)
HIST 3361.,The High and Later Middle Ages.,(3 Credits)
HIST 3362.,The Black Death: Medieval and Modern Responses to Catastrophe.,(3 Credits)
HIST 3370.,The Renaissance.,(3 Credits)
HIST 3371.,The Reformation.,(3 Credits)
HIST 3375.,"The Devil in German History: Magic, Evil, and Faust.",(3 Credits)
HIST 3375W.,"The Devil in German History: Magic, Evil, and Faust.",(3 Credits)
HIST 3400.,Europe in the Seventeenth Century.,(3 Credits)
HIST 3416.,Gender and Sexuality in Modern Europe.,(3 Credits)
HIST 3418.,The Holocaust.,(3 Credits)
HIST 3419.,Jewish Responses to the Holocaust.,(3 Credits)
HIST 3420.,English History to 1603.,(3 Credits)
HIST 3430.,History of Ireland.,(3 Credits)
HIST 3440.,France Since 1715.,(3 Credits)
HIST 3450.,Germany from the Reformation to 1815.,(3 Credits)
HIST 3460.,Italy 1250-1600.,(3 Credits)
HIST 3463.,The Modernization of Italy from 1815 to Present.,(3 Credits)
HIST 3501.,Mariners' Skills for Interpreting the Maritime Humanities.,(3 Credits)
HIST 3502.,"Colonial America: Native Americans, Slaves, and Settlers, 1492-1760.",(3 Credits)
HIST 3502W.,"Colonial America: Native Americans, Slaves, and Settlers, 1492-1760.",(3 Credits)
HIST 3504.,The American Revolution.,(3 Credits)
HIST 3510.,Civil War America.,(3 Credits)
HIST 3516.,Rise of U.S. Global Power.,(3 Credits)
HIST 3519.,Contemporary America.,(3 Credits)
HIST 3520.,Social and Cultural History of Connecticut and New England.,(3 Credits)
HIST 3531.,Japanese Americans and World War II.,(3 Credits)
HIST 3535.,The History of American Medicine.,(3 Credits)
HIST 3540E.,Environmental History of the Americas.,(3 Credits)
HIST 3540WE.,Environmental History of the Americas.,(3 Credits)
HIST 3542E.,New England Environmental History.,(3 Credits)
HIST 3544.,"Atlantic Voyages: European Maritime Expansion, 1400-1650.",(3 Credits)
HIST 3545.,"The Modern Atlantic, 1650-1950.",(3 Credits)
HIST 3551.,Topics in U.S. Legal History.,(3 Credits)
HIST 3551W.,Topics in U.S. Legal History.,(3 Credits)
HIST 3554.,Immigrants and the Shaping of American History.,(3 Credits)
HIST 3555.,Work and Workers in American Society.,(3 Credits)
HIST 3555W.,Work and Workers in American Society.,(3 Credits)
HIST 3556W.,History Workshop: Topics in American Society and Culture.,(3 Credits)
HIST 3559.,"History of Childhood in the United States, 1620-Present.",(3 Credits)
HIST 3560.,"Constructions of Race, Gender, and Sexuality in U.S. History.",(3 Credits)
HIST 3561.,History of Women and Gender in the U.S. to 1850.,(3 Credits)
HIST 3562.,"History of Women and Gender in the United States, 1850-Present.",(3 Credits)
HIST 3563.,African American History to 1865.,(3 Credits)
HIST 3564.,African American History Since 1865.,(3 Credits)
HIST 3565.,African American Women's History.,(3 Credits)
HIST 3568.,"Hip Hop, Politics and Youth Culture in America.",(3 Credits)
HIST 3569.,Slavery in Film.,(3 Credits)
HIST 3575.,Latinos/as and Human Rights.,(3 Credits)
HIST 3607.,Latin America in the Colonial Period.,(3 Credits)
HIST 3608W.,The Hispanic World in the Ages of Reason and Revolution.,(3 Credits)
HIST 3609.,Latin America in the National Period.,(3 Credits)
HIST 3618.,Comparative Slavery in the Americas.,(3 Credits)
HIST 3619.,History of the Caribbean.,(3 Credits)
HIST 3619W.,History of the Caribbean.,(3 Credits)
HIST 3620.,"Cuba, Puerto Rico, and the Spanish Caribbean.",(3 Credits)
HIST 3635.,History of Modern Mexico.,(3 Credits)
HIST 3640.,Andean Societies.,(3 Credits)
HIST 3660W.,History of Migration in Las Americas.,(3 Credits)
HIST 3662.,Borderlands of the Americas.,(3 Credits)
HIST 3674.,History of Latinos/as in the United States.,(3 Credits)
HIST 3675.,Latina History and Biography.,(3 Credits)
HIST 3704.,Medieval Islamic Civilization to 1700.,(3 Credits)
HIST 3705.,The Modern Middle East from 1700 to the Present.,(3 Credits)
HIST 3710.,Islamic Art History.,(3 Credits)
HIST 3710W.,Islamic Art History.,(3 Credits)
HIST 3712.,The Middle East Crucible.,(3 Credits)
HIST 3760.,History of Southern Africa.,(3 Credits)
HIST 3770.,History of Pan Africanism.,(3 Credits)
HIST 3808.,East Asia to the Mid-Nineteenth Century.,(3 Credits)
HIST 3809.,East Asia Since the Mid-Nineteenth Century.,(3 Credits)
HIST 3820.,History of Modern Chinese Political Thought.,(3 Credits)
HIST 3823.,History of the People's Republic of China.,(3 Credits)
HIST 3830E.,Environmental History in East Asia.,(3 Credits)
HIST 3845.,The Vietnam War.,(3 Credits)
HIST 3846.,Genocide and Mass Killings in Asia.,(3 Credits)
HIST 3846W.,Genocide and Mass Killings in Asia.,(3 Credits)
HIST 3863.,War and Diplomacy in East Asia.,(3 Credits)
HIST 3880.,Field Experience.,(1-6 Credits)
HIST 3991.,Internship.,(1-12 Credits)
HIST 3993.,Foreign Study.,(1-9 Credits)
HIST 3994W.,Junior Seminar.,(3 Credits)
HIST 4640.,Digital Public History Project.,(3 Credits)
HIST 4989.,Directed Research.,(3 Credits)
HIST 4994W.,Senior Seminar.,(3 Credits)
HIST 4996.,Honors Thesis Preparation.,(3 Credits)
HIST 4997W.,Senior Thesis in History.,(3 Credits)
HIST 4999.,Independent Study.,(1-6 Credits)
HDFS 1060.,Close Relationships Across the Lifespan.,(3 Credits)
HDFS 1070.,Individual and Family Development.,(3 Credits)
HDFS 1083.,Foreign Study.,(1-6 Credits)
HDFS 1095.,Special Topics Lecture.,(1-6 Credits)
HDFS 2001.,Diversity Issues in Human Development and Family Sciences.,(3 Credits)
HDFS 2004W.,Research Methods in Human Development and Family Sciences.,(4 Credits)
HDFS 2083.,Foreign Study.,(1-6 Credits)
HDFS 2095.,Special Topics.,(1-6 Credits)
HDFS 2100.,Human Development: Infancy Through Adolescence.,(3 Credits)
HDFS 2120.,Introduction to Programs for Young Children.,(3 Credits)
HDFS 2142E.,Exploring Conservation and Sustainability with Preschoolers.,(3 Credits)
HDFS 2200.,Human Development: Adulthood and Aging.,(3 Credits)
HDFS 2300.,Family Interaction Processes.,(3 Credits)
HDFS 2620.,"Human Development, Digital Media, and Technology.",(3 Credits)
HDFS 3080.,Supervised Field Experience.,(3-6 Credits)
HDFS 3083.,Foreign Study.,(1-6 Credits)
HDFS 3087.,Honors Proseminar.,(1 Credit)
HDFS 3090.,Fieldwork in Community Settings.,(3 Credits)
HDFS 3092.,Research Practicum in Human Development and Family Sciences.,(1-6 Credits)
HDFS 3095.,Special Topics.,(1-6 Credits)
HDFS 3098.,Variable Topics in Human Development and Family Sciences.,(1-6 Credits)
HDFS 3101.,Infant and Toddler Development.,(3 Credits)
HDFS 3102.,Early and Middle Childhood Development.,(3 Credits)
HDFS 3103.,Adolescent Development.,(3 Credits)
HDFS 3110.,Social and Community Influence on Children in the United States.,(3 Credits)
HDFS 3122.,Integrated Curriculum Methods and Materials for Infants and Toddlers.,(3 Credits)
HDFS 3123.,Integrated Curriculum Methods and Materials for Preschool and Kindergarten.,(3 Credits)
HDFS 3127.,Professional Development and Advocacy in Early Childhood.,(3 Credits)
HDFS 3141.,Developmental Approaches to Intergroup Relations and Victimization.,(3 Credits)
HDFS 3180.,Programs for Young Children: Introductory Laboratory.,(1 Credit)
HDFS 3181.,Observing Infant and Toddler Development.,(1 Credit)
HDFS 3182.,Observing Early Childhood Development.,(1 Credit)
HDFS 3192.,Early Childhood Development and Education: Supervised Fieldwork Practicum.,(4 Credits)
HDFS 3245.,Aging in American Society.,(3 Credits)
HDFS 3249.,Gender And Aging.,(3 Credits)
HDFS 3250.,Disabilities: A Lifespan Perspective.,(3 Credits)
HDFS 3251.,"Biotechnology, Disability and the Family.",(3 Credits)
HDFS 3252.,"Death, Dying, and Bereavement.",(3 Credits)
HDFS 3261.,Men and Masculinities.,(3 Credits)
HDFS 3277.,Issues in Human Sexuality.,(3 Credits)
HDFS 3310.,Parent Child Relations in Cross-Cultural Perspective.,(3 Credits)
HDFS 3311.,Parenthood and Parenting.,(3 Credits)
HDFS 3319.,Risk and Resilience in Individuals and Families.,(3 Credits)
HDFS 3340.,Individual and Family Interventions.,(3 Credits)
HDFS 3342.,Family Resource Management.,(3 Credits)
HDFS 3420.,Abuse and Violence in Families.,(3 Credits)
HDFS 3421.,Low Income Families.,(3 Credits)
HDFS 3423.,History of the Family.,(3 Credits)
HDFS 3425.,Food and the American Family.,(3 Credits)
HDFS 3430.,The Family-School Partnership.,(3 Credits)
HDFS 3431.,Families and Work.,(3 Credits)
HDFS 3442.,Latino Health and Health Care.,(3 Credits)
HDFS 3470.,The Latinx Family.,(3 Credits)
HDFS 3510.,Planning and Managing Human Service Programs.,(3 Credits)
HDFS 3520.,Legal Aspects of Family Life.,(3 Credits)
HDFS 3530.,Public Policy and the Family.,(3 Credits)
HDFS 3540.,"Child Welfare, Law and Social Policy.",(3 Credits)
HDFS 3550.,Comparative Family Policy.,(3 Credits)
HDFS 4004.,Senior Seminar in Research Methods.,(3 Credits)
HDFS 4007W.,Professional Communication in HDFS.,(3 Credits)
HDFS 4087W.,Honors Thesis.,(3-6 Credits)
HDFS 4097.,Honors Thesis Preparation Seminar.,(1 Credit)
HDFS 4099.,Independent Study for Undergraduates.,(1-6 Credits)
HDFS 4181W.,Early Childhood Development and Education: Supervised Teaching Practicum.,(9 Credits)
HDFS 4182.,Administration and Leadership in Early Childhood Programs: Practicum.,(1-6 Credits)
HDFS 4192.,Early Childhood Development and Education: Supervised Teaching Practicum.,(9 Credits)
HDFS 4255.,Living with Chronic or Life-Threatening Illness.,(3 Credits)
HRTS 1007.,Introduction to Human Rights.,(3 Credits)
HRTS 2100.,Human Rights and Social Change.,(3 Credits)
HRTS 2100W.,Human Rights and Social Change.,(3 Credits)
HRTS 2150.,Devising Theatre for Social Justice I.,(3 Credits)
HRTS 2170W.,Bioethics and Human Rights in Cross-Cultural Perspective.,(3 Credits)
HRTS 2200.,Introduction to Genocide Studies.,(3 Credits)
HRTS 2203.,"The Holocaust in Print, Theater, and Film.",(3 Credits)
HRTS 2210.,Art and Activism.,(3 Credits)
HRTS 2220.,Asian Indian Women: Activism and Social Change in India and the United States.,(3 Credits)
HRTS 2263.,"Women, Gender, and Violence.",(3 Credits)
HRTS 2300E.,Engineering for Human Rights.,(3 Credits)
HRTS 2400.,Ethics and Sustainability in New Financial Technologies.,(3 Credits)
HRTS 2450.,Human Rights in Latin America.,(3 Credits)
HRTS 2520.,White Racism.,(3 Credits)
HRTS 2530.,African Americans and Social Protest.,(3 Credits)
HRTS 2800.,Human Rights in the United States.,(3 Credits)
HRTS 2800W.,Human Rights in the United States.,(3 Credits)
HRTS 2830.,"Class, Power, and Inequality.",(3 Credits)
HRTS 2845.,Sociology of Global Human Rights.,(3 Credits)
HRTS 2898.,Topics in Sociology and Human Rights.,(3 Credits)
HRTS 2996.,Directed Research I.,(1-6 Credits)
HRTS 3028.,Indigenous Rights and Aboriginal Australia.,(3 Credits)
HRTS 3028W.,Indigenous Rights and Aboriginal Australia.,(3 Credits)
HRTS 3042.,Theories of Human Rights.,(3 Credits)
HRTS 3050.,Approaches to Human Rights Advocacy.,(3 Credits)
HRTS 3055.,Theory and Practice of International Criminal Justice.,(3 Credits)
HRTS 3139.,Theatre and Human Rights.,(3 Credits)
HRTS 3149.,Human Rights Through Film.,(3 Credits)
HRTS 3149W.,Human Rights through Film.,(3 Credits)
HRTS 3200W.,International Human Rights Law.,(3 Credits)
HRTS 3201.,The History of Human Rights.,(3 Credits)
HRTS 3202.,International Human Rights.,(3 Credits)
HRTS 3205.,Introduction to Holocaust Studies.,(3 Credits)
HRTS 3207.,Genocide after the Second World War.,(3 Credits)
HRTS 3209.,Sustainable Energy in the 21st Century.,(3 Credits)
HRTS 3212.,Comparative Perspectives on Human Rights.,(3 Credits)
HRTS 3219W.,Topics in Philosophy and Human Rights.,(3 Credits)
HRTS 3220W.,Philosophical Foundations of Human Rights.,(3 Credits)
HRTS 3221.,Latinos/as and Human Rights.,(3 Credits)
HRTS 3230.,"Propaganda, Disinformation, and Hate Speech.",(3 Credits)
HRTS 3232.,"History of Refugees, Migration, and Statelessness.",(3 Credits)
HRTS 3250W.,Human Rights and New Technologies.,(3 Credits)
HRTS 3252.,Business and Human Rights.,(3 Credits)
HRTS 3254.,Social Responsibility and Accountability in Business.,(3 Credits)
HRTS 3256.,Politics and Human Rights in Global Supply Chains.,(3 Credits)
HRTS 3256W.,Politics and Human Rights in Global Supply Chains.,(3 Credits)
HRTS 3257.,Assessment for Human Rights and Sustainability.,(3 Credits)
HRTS 3293.,International Study.,(1-15 Credits)
HRTS 3294.,Topics in Human Rights in Central America.,(3 Credits)
HRTS 3295.,Special Topics.,(1-6 Credits)
HRTS 3298.,Variable Topics.,(3 Credits)
HRTS 3299.,Independent Study.,(1-12 Credits)
HRTS 3309.,Violence and Human Rights.,(3 Credits)
HRTS 3326.,Global Health and Human Rights.,(3 Credits)
HRTS 3327.,Power and Health in Latin America and the Caribbean.,(3 Credits)
HRTS 3401.,Applied Research in Human Rights.,(3 Credits)
HRTS 3418.,International Organizations and Law.,(3 Credits)
HRTS 3420.,Being International: Geopolitics and Human Rights.,(3 Credits)
HRTS 3428.,The Politics of Torture.,(3 Credits)
HRTS 3430.,Evaluating Human Rights Practices of Countries.,(3 Credits)
HRTS 3445.,Economic Foundations of Gender Inequality.,(3 Credits)
HRTS 3460.,Human Rights and Armed Conflict.,(3 Credits)
HRTS 3475.,Economic Development and Human Rights.,(3 Credits)
HRTS 3540.,Topics in Human Rights Practice.,(3 Credits)
HRTS 3563.,African American History to 1865.,(3 Credits)
HRTS 3575.,"Human Rights, Digital Media, Visual Culture.",(3 Credits)
HRTS 3580.,"Image as Witness: Testimony, Witness, Confession.",(3 Credits)
HRTS 3580W.,"Image as Witness: Testimony, Witness, Confession.",(3 Credits)
HRTS 3602.,Human Rights on the U.S./Mexican Border: Narratives of the Immigrant Experience.,(3 Credits)
HRTS 3619.,Topics in Literature and Human Rights.,(3 Credits)
HRTS 3631.,"Literature, Culture, and Humanitarianism.",(3 Credits)
HRTS 3631W.,"Literature, Culture, and Humanitarianism.",(3 Credits)
HRTS 3640.,Human Rights Archives I: Documenting and Curating Community Memory.,(3 Credits)
HRTS 3641.,Human Rights Archives II: Visual Storytelling Practices.,(3 Credits)
HRTS 3807.,Constitutional Rights and Liberties.,(3 Credits)
HRTS 3828.,Social Documentary in Theory and Practice.,(3 Credits)
HRTS 3846.,Genocide and Mass Killings in Asia.,(3 Credits)
HRTS 3846W.,Genocide and Mass Killings in Asia.,(3 Credits)
HRTS 4291.,Service Learning Seminar/Internship.,(3 Credits)
HRTS 4996W.,Senior Thesis.,(3 Credits)
INDS 3293.,Foreign Study.,(1-15 Credits)
INDS 3295.,Special Topics.,(3 Credits)
INDS 3298.,Variable Topics.,(1-6 Credits)
INDS 3299.,Independent Study.,(1-6 Credits)
INDS 3375.,Indian Art and Popular Culture: Independence to the Present.,(3 Credits)
INDS 4296W.,Senior Thesis.,(3 Credits)
INTD 1985.,Special Topics.,(1-5 Credits)
INTD 1993.,International Study.,(1-17 Credits)
INTD 1995.,Special Topics.,(1-6 Credits)
INTD 1999.,Independent Study.,(1-6 Credits)
INTD 2245.,Introduction to Diversity Studies in American Culture.,(3 Credits)
INTD 3260.,"The Bible, the Holy Land, and History.",(3 Credits)
INTD 3584.,Seminar in Urban Problems.,(3 Credits)
INTD 3590.,Urban Field Studies.,(9 Credits)
INTD 3594.,Urban Semester Field Work Seminar.,(3 Credits)
INTD 3594W.,Urban Semester Field Work Seminar.,(3 Credits)
INTD 3985.,Special Topics.,(1-6 Credits)
INTD 3993.,International Study.,(1-17 Credits)
INTD 3995.,Special Topics.,(1-6 Credits)
INTD 3999.,Independent Study.,(1-6 Credits)
IRIS 1001.,Elementary Irish I.,(4 Credits)
IRIS 1002.,Elementary Irish II.,(4 Credits)
IRIS 1003.,Intermediate Irish I.,(4 Credits)
IRIS 1004.,Intermediate Irish II.,(4 Credits)
ILCS 1001.,Elementary Italian I.,(4 Credits)
ILCS 1002.,Elementary Italian II.,(4 Credits)
ILCS 1003.,Intermediate Italian I.,(4 Credits)
ILCS 1004.,Intermediate Italian II.,(4 Credits)
ILCS 1101.,The Italian Renaissance.,(3 Credits)
ILCS 1102.,From Baghdad to Florence: Medieval Short Stories Across Cultures.,(3 Credits)
ILCS 1149.,Cinema and Society in Contemporary Italy.,(3 Credits)
ILCS 1158.,Italian American Experience in Literature and Film.,(3 Credits)
ILCS 1160.,Culture of Fascist Italy.,(3 Credits)
ILCS 1168.,Adaptation: Italian Literature into Film.,(3 Credits)
ILCS 1170.,Introducing Italy through Its Regions.,(3 Credits)
ILCS 1193.,Foreign Study.,(1-6 Credits)
ILCS 3237.,Italy Today.,(3 Credits)
ILCS 3239.,Italian Composition and Conversation I.,(3 Credits)
ILCS 3240.,Italian Composition and Conversation II.,(3 Credits)
ILCS 3245.,Italian Literature and the City.,(3 Credits)
ILCS 3246.,Italian Women Writers.,(3 Credits)
ILCS 3247.,Jewish Literature and Film in 20th Century Italy.,(3 Credits)
ILCS 3248W.,The Italian Novella.,(3 Credits)
ILCS 3251.,"Machiavelli, Michelangelo and Renaissance Literature.",(3 Credits)
ILCS 3253.,Dante and His Time.,(3 Credits)
ILCS 3254.,Boccaccio and His Time.,(3 Credits)
ILCS 3255W.,Dante's Divine Comedy in English Translation.,(3 Credits)
ILCS 3256.,The Literature of the Italian Renaissance.,(3 Credits)
ILCS 3258W.,Cinematic Representations of Italian Americans.,(3 Credits)
ILCS 3259.,Topics in Italian Cinema.,(3 Credits)
ILCS 3260W.,Italian Cinema.,(3 Credits)
ILCS 3261.,Twentieth-Century Italian Literature.,(3 Credits)
ILCS 3262.,Nineteenth-Century Italian Literature.,(3 Credits)
ILCS 3268W.,Views of the Environment from Italy.,(3 Credits)
ILCS 3291.,Italian Internship.,(1-6 Credits)
ILCS 3293.,Foreign Study.,(1-6 Credits)
ILCS 3295.,Special Topics.,(1-6 Credits)
ILCS 3298.,Variable Topics.,(3 Credits)
ILCS 3299.,Independent Study.,(1-6 Credits)
ILCS 4279.,Capstone in Italian Studies.,(3 Credits)
JAPN 1101.,Elementary Japanese I.,(4 Credits)
JAPN 1102.,Elementary Japanese II.,(4 Credits)
JAPN 1103.,Intermediate Japanese I.,(4 Credits)
JAPN 1104.,Intermediate Japanese II.,(4 Credits)
JAPN 1193.,Foreign Study.,(1-6 Credits)
JAPN 2305.,Modern Japanese Literature.,(3 Credits)
JAPN 3293.,Foreign Study.,(1-6 Credits)
JAPN 3295.,Special Topics.,(1-6 Credits)
JAPN 3298.,Variable Topics.,(3 Credits)
JAPN 3299.,Independent Study.,(1-6 Credits)
JOUR 1002.,The Press in America.,(3 Credits)
JOUR 1095.,Special Topics.,(1-3 Credits)
JOUR 2000W.,Newswriting I.,(3 Credits)
JOUR 2001W.,Newswriting II.,(3 Credits)
JOUR 2003.,Literary Journalism.,(3 Credits)
JOUR 2010.,Journalism in the Movies.,(3 Credits)
JOUR 2040.,Fundamentals of News Programming.,(3 Credits)
JOUR 2065.,Mobile Journalism.,(3 Credits)
JOUR 2095.,Special Topics.,(1-3 Credits)
JOUR 2111.,Journalism Portfolio I: Multimedia Skills.,(1 Credit)
JOUR 2575.,The Art of the Interview in Documentary Filmmaking.,(3 Credits)
JOUR 3000W.,Community News Reporting.,(3 Credits)
JOUR 3002.,Journalism Ethics.,(3 Credits)
JOUR 3005.,Online Journalism.,(3 Credits)
JOUR 3012W.,Feature Writing.,(3 Credits)
JOUR 3015.,Sports Reporting Across Multiple Platforms.,(3 Credits)
JOUR 3020.,Media Law.,(3 Credits)
JOUR 3030.,Multiplatform Editing.,(3 Credits)
JOUR 3031.,Design for Digital Journalists.,(3 Credits)
JOUR 3035.,Podcasting.,(3 Credits)
JOUR 3040.,Newswriting for Broadcast and Digital Media.,(3 Credits)
JOUR 3041.,Reporting and Editing TV News.,(3 Credits)
JOUR 3042.,Live News Program Production.,(3 Credits)
JOUR 3045.,Specialized Journalism.,(3 Credits)
JOUR 3046E.,Environmental Journalism.,(3 Credits)
JOUR 3065.,Visual Journalism.,(3 Credits)
JOUR 3087.,Honors Thesis Preparation Seminar.,(1 Credit)
JOUR 3093.,Foreign Study.,(1-6 Credits)
JOUR 3095.,Special Topics.,(1-6 Credits)
JOUR 3097.,Honors Thesis.,(3 Credits)
JOUR 3098.,Variable Topics.,(3 Credits)
JOUR 3111.,Journalism Portfolio II: Content Development.,(1 Credit)
JOUR 3575.,Black Documentary Film Archival Practices.,(3 Credits)
JOUR 4016.,Publication Practice.,(1-3 Credits)
JOUR 4035.,Investigative Reporting.,(3 Credits)
JOUR 4065.,Video Storytelling.,(3 Credits)
JOUR 4091.,Supervised Field Internship.,(1-3 Credits)
JOUR 4099.,Independent Study.,(1-6 Credits)
JOUR 4111.,Journalism Portfolio III: Professional Presentation.,(1 Credit)
KINS 1100.,Exercise and Wellness for Everyone.,(3 Credits)
KINS 1160.,Courses in Lifetime Sports Program.,(1 Credit)
KINS 1200.,Fundamentals of Exercise Testing.,(1 Credit)
KINS 1300.,Fundamentals of Resistance Training.,(1 Credit)
KINS 2200.,Introduction to Athletic Training.,(3 Credits)
KINS 2227.,Exercise Prescription.,(3 Credits)
KINS 3091.,Internship.,(1-12 Credits)
KINS 3098.,Variable Topics.,(1-6 Credits)
KINS 3099.,Independent Study for Undergraduates.,(1-6 Credits)
KINS 3099W.,Independent Study for Undergraduates.,(1-6 Credits)
KINS 3212.,"Field Experiences in Rehabilitation, Health Care, and Sport.",(3 Credits)
KINS 3222.,"Mind, Body, and Sport Performance.",(3 Credits)
KINS 3320.,Exercise Psychology.,(3 Credits)
KINS 3522.,Biomechanics of Injury and Sport.,(3 Credits)
KINS 3530.,Aerobic Training for Health and Performance.,(3 Credits)
KINS 3531W.,Scientific Writing in Aerobic Training for Health and Performance.,(1 Credit)
KINS 3545.,Resistance Training for Health and Performance.,(3 Credits)
KINS 3546W.,Scientific Writing in Resistance Training for Health and Performance.,(1 Credit)
KINS 3550.,Exercise Prescription for Clinical Populations.,(3 Credits)
KINS 3610.,Introduction to Honors Research.,(3 Credits)
KINS 3615.,Honors Literature Review.,(3 Credits)
KINS 3697W.,Honors Thesis.,(3 Credits)
KINS 4205W.,Exercise Science Capstone.,(3 Credits)
KINS 4500.,Exercise Physiology.,(3 Credits)
KINS 4510.,Advanced Topics in Health and Sport Performance.,(3 Credits)
KINS 4511W.,Scientific Writing in Advanced Topics in Health and Sport Performance.,(1 Credit)
KORE 1101.,Elementary Korean I.,(4 Credits)
KORE 1102.,Elementary Korean II.,(4 Credits)
KORE 1103.,Intermediate Korean I.,(4 Credits)
KORE 1104.,Intermediate Korean II.,(4 Credits)
KORE 1193.,Foreign Study.,(1-6 Credits)
KORE 3293.,Foreign Study.,(1-6 Credits)
KORE 3295.,Special Topics.,(1-6 Credits)
KORE 3298.,Variable Topics.,(3 Credits)
KORE 3299.,Independent Study.,(1-6 Credits)
LAND 2110.,Landscape Architecture: Graphics I - Design Drawing.,(4 Credits)
LAND 2120.,Landscape Architecture: Graphics II Design Communication.,(4 Credits)
LAND 2210E.,"The Common (Shared) Landscape of the USA: Rights, Responsibilities and Values.",(3 Credits)
LAND 2220.,History of Designed Landscapes.,(3 Credits)
LAND 2410.,Landscape Architecture: Design I - Site Analysis.,(5 Credits)
LAND 3130.,Landscape Architecture: Graphics III - Computer Applications.,(4 Credits)
LAND 3230WE.,Sustainable Environmental Planning and Landscape Design.,(3 Credits)
LAND 3310.,Landscape Architecture: Construction I - Site Engineering.,(4 Credits)
LAND 3311.,Landscape Architecture: Construction II - Planting Design.,(4 Credits)
LAND 3312.,Landscape Architecture: Construction III - Materials and Methods.,(4 Credits)
LAND 3420.,"Landscape Architecture: Design II - Space, Form and Meaning.",(5 Credits)
LAND 3430.,Landscape Architecture: Design III - Program Development.,(5 Credits)
LAND 3981.,Landscape Architecture Internship.,(1-6 Credits)
LAND 3995.,Special Topics in Landscape Architecture.,(1-3 Credits)
LAND 3996.,Undergraduate Research in Landscape Architecture.,(1-6 Credits)
LAND 3999.,Independent Study in Landscape Architecture.,(1-6 Credits)
LAND 4294.,Landscape Architecture: Seminar.,(3 Credits)
LAND 4340.,Landscape Architecture: Professional Practice.,(3 Credits)
LAND 4440.,Landscape Architecture: Design IV - Community Planning.,(5 Credits)
LAND 4450.,Landscape Architecture: Design V - Capstone.,(5 Credits)
LLAS 1000.,Introduction to Latina/o Studies.,(3 Credits)
LLAS 1009.,"Latino Literature, Culture, and Society.",(3 Credits)
LLAS 1009W.,"Latino Literature, Culture, and Society.",(3 Credits)
LLAS 1190.,Introduction to Latin America and the Caribbean.,(3 Credits)
LLAS 1190W.,Introduction to Latin America and the Caribbean.,(3 Credits)
LLAS 1193.,Foreign Study.,(1-15 Credits)
LLAS 1570.,Migrant Workers in Connecticut.,(4 Credits)
LLAS 2001.,"Latinos, Leadership and Mentoring.",(3 Credits)
LLAS 2011W.,Introduction to Latino-American Writing and Research.,(3 Credits)
LLAS 2012.,Latinos in Connecticut: Writing for the Community.,(4 Credits)
LLAS 2293.,Foreign Study.,(1-12 Credits)
LLAS 2450.,Human Rights in Latin America.,(3 Credits)
LLAS 2474.,Economic Development in Latin America and the Caribbean.,(3 Credits)
LLAS 2507.,"New England and the Caribbean Plantation Complex, 1650-1900.",(3 Credits)
LLAS 2621.,Cuba in Local and Global Perspective.,(3 Credits)
LLAS 2622.,History of Gender and Sexuality in Latin America and the Caribbean.,(3 Credits)
LLAS 2995.,Special Topics in Latino and Latin American Studies.,(1-6 Credits)
LLAS 3021.,Contemporary Latin America.,(3 Credits)
LLAS 3029.,The Caribbean.,(3 Credits)
LLAS 3107.,Latinx Psychology.,(3 Credits)
LLAS 3208.,Making the Black Atlantic.,(3 Credits)
LLAS 3210.,Contemporary Issues in Latino Studies.,(3 Credits)
LLAS 3211.,Puerto Rican/Latino Studies Research.,(3 Credits)
LLAS 3220.,History of Latinos/as in the United States.,(3 Credits)
LLAS 3221.,Latinos/as and Human Rights.,(3 Credits)
LLAS 3230.,Latina Narrative.,(3 Credits)
LLAS 3232.,Latina/o Literature.,(3 Credits)
LLAS 3233.,Studies in Latina/o Literature.,(3 Credits)
LLAS 3241.,Latin American Minorities in the United States.,(3 Credits)
LLAS 3250.,Latino Health and Health Care.,(3 Credits)
LLAS 3265.,Literature of Puerto Rico and the Spanish Caribbean.,(3 Credits)
LLAS 3270.,Latino Political Behavior.,(3 Credits)
LLAS 3271.,Immigration and Transborder Politics.,(3 Credits)
LLAS 3293.,Foreign Study.,(1-17 Credits)
LLAS 3294.,Topics in Human Rights in Central America.,(3 Credits)
LLAS 3320.,Media and Diverse Audiences.,(3 Credits)
LLAS 3321.,Latinas and Media.,(3 Credits)
LLAS 3322.,Soap Opera/Telenovela.,(3 Credits)
LLAS 3327.,Power and Health in Latin America and the Caribbean.,(3 Credits)
LLAS 3470.,The Latinx Family.,(3 Credits)
LLAS 3525.,Latino Sociology.,(3 Credits)
LLAS 3525W.,Latino Sociology.,(3 Credits)
LLAS 3602.,Human Rights on the U.S./Mexican Border: Narratives of the Immigrant Experience.,(3 Credits)
LLAS 3607.,Latin America in the Colonial Period.,(3 Credits)
LLAS 3608W.,The Hispanic World in the Ages of Reason and Revolution.,(3 Credits)
LLAS 3609.,Latin America in the National Period.,(3 Credits)
LLAS 3618.,Comparative Slavery in the Americas.,(3 Credits)
LLAS 3619.,History of the Caribbean.,(3 Credits)
LLAS 3619W.,History of the Caribbean.,(3 Credits)
LLAS 3635.,History of Modern Mexico.,(3 Credits)
LLAS 3660W.,History of Migration in Las Americas.,(3 Credits)
LLAS 3662.,Borderlands of the Americas.,(3 Credits)
LLAS 3667.,Puerto Rican Politics and Culture.,(3 Credits)
LLAS 3675.,Latina History and Biography.,(3 Credits)
LLAS 3990.,Field Study.,(1-6 Credits)
LLAS 3998.,Variable Topics in Latino and Latin American Studies.,(3 Credits)
LLAS 3999.,Independent Study in Latino and Latin American Studies.,(1-6 Credits)
LLAS 4100.,Experiential/Service Learning Seminar.,(4 Credits)
LLAS 4212.,Field Internship in Latino Studies.,(1-3 Credits)
LLAS 4994W.,Latin American Studies Research Seminar.,(3 Credits)
LING 1010.,Language and Mind.,(3 Credits)
LING 1020.,Language and Environment.,(3 Credits)
LING 1030.,The Diversity of Languages.,(3 Credits)
LING 1793.,Foreign Study.,(1-3 Credits)
LING 1795.,Special Topics Lecture.,(3 Credits)
LING 2010Q.,The Science of Linguistics.,(3 Credits)
LING 2793.,Foreign Study.,(1-15 Credits)
LING 2795.,Special Topics.,(1-3 Credits)
LING 2850.,Introduction to Sociolinguistics of the Deaf Community.,(3 Credits)
LING 3000Q.,Introduction to Computational Linguistics.,(3 Credits)
LING 3110.,Experimental Linguistics.,(3 Credits)
LING 3310Q.,Phonology.,(3 Credits)
LING 3410Q.,Semantics.,(3 Credits)
LING 3511Q.,Syntax.,(3 Credits)
LING 3610W.,Language and Culture.,(3 Credits)
LING 3700W.,Field Methods in Linguistics.,(3 Credits)
LING 3789.,Undergraduate Research.,(1-3 Credits)
LING 3793.,Foreign Study.,(1-6 Credits)
LING 3795.,Special Topics.,(1-3 Credits)
LING 3798.,Variable Topics.,(3 Credits)
LING 3799.,Independent Study.,(1-6 Credits)
LING 3800.,Structure of American Sign Language.,(3 Credits)
LING 3850.,Cultural and Linguistic Variation in the Deaf Community.,(3 Credits)
LING 4500.,Advanced Introduction to Syntax.,(3 Credits)
LING 4793.,Foreign Study.,(1-6 Credits)
MEM 1151.,Introduction to the Management and Engineering for Manufacturing Program.,(3 Credits)
MEM 2211.,Introduction to Manufacturing Systems.,(3 Credits)
MEM 2212.,Introduction to Manufacturing Systems Lab.,(1 Credit)
MEM 2213.,Introduction to Manufacturing Systems Lab.,(3 Credits)
MEM 3221.,Introduction to Products and Processes.,(3 Credits)
MEM 3231.,Computers in Manufacturing.,(3 Credits)
MEM 3263.,Manufacturing Sensing.,(2 Credits)
MEM 3281.,Manufacturing Internship.,(0 Credits)
MEM 3293.,Foreign Study.,(1-6 Credits)
MEM 3295.,Special Topics in Management and Engineering for Manufacturing.,(1-16 Credits)
MEM 3299.,Problems in Management and Engineering for Manufacturing.,(1-4 Credits)
MEM 4225.,Advanced Products and Processes.,(3 Credits)
MEM 4296.,Honors Research.,(1-6 Credits)
MEM 4971W.,Senior Design Project I.,(2 Credits)
MEM 4972W.,Senior Design Project II.,(2 Credits)
MENT 2234.,The Entrepreneurial Journey.,(3 Credits)
MENT 2236.,Content Entrepreneurship.,(3 Credits)
MENT 2240.,Mastering Creativity and Innovation.,(3 Credits)
MENT 3101.,Managerial and Interpersonal Behavior.,(3 Credits)
MENT 3225.,International Business.,(3 Credits)
MENT 3234.,"Opportunity Generation, Assessment, and Promotion.",(3 Credits)
MENT 3235.,"Venture Planning, Management, and Growth.",(3 Credits)
MENT 3236.,Managerial Negotiations.,(3 Credits)
MENT 3237.,Managing Human Capital.,(3 Credits)
MENT 3238.,Leading Teams and Organizations.,(3 Credits)
MENT 3239.,Managing a Diverse Workforce.,(3 Credits)
MENT 3500.,Technology Innovation and Entrepreneurship.,(3 Credits)
MENT 3501.,Technology Innovation and Entrepreneurship II.,(3 Credits)
MENT 3741.,Foundations of Venture Capital.,(3 Credits)
MENT 3742.,Venture Investment Sourcing and Analysis.,(3 Credits)
MENT 3882.,Professional Practice in Management or Entrepreneurial Consulting.,(1-3 Credits)
MENT 3982.,Professional Practice in Entrepreneurial Business Development.,(1-3 Credits)
MENT 4292.,Venture Consulting.,(3 Credits)
MENT 4741.,Advanced Venture Investing.,(3 Credits)
MENT 4742.,Leading a Venture Fund.,(3 Credits)
MENT 4881.,Internship in Management.,(1-6 Credits)
MENT 4893.,Foreign Study.,(1-6 Credits)
MENT 4895.,Special Topics.,(1-6 Credits)
MENT 4899.,Independent Study.,(1-6 Credits)
MENT 4900.,Strategic Management.,(3 Credits)
MENT 4902.,Strategic Management.,(3 Credits)
MENT 4997.,Senior Thesis in Management.,(1-3 Credits)
MARN 1001E.,The Sea Around Us.,(3 Credits)
MARN 1002E.,Introduction to Oceanography.,(3 Credits)
MARN 1003E.,Introduction to Oceanography with Laboratory.,(4 Credits)
MARN 1004.,Oceanography Laboratory.,(1 Credit)
MARN 1160.,Introduction to Scientific Diving.,(2 Credits)
MARN 1893.,International Study.,(1-6 Credits)
MARN 1996.,Introduction to Research.,(1-6 Credits)
MARN 2801WE.,Marine Sciences and Society.,(3 Credits)
MARN 2893.,International Studies.,(1-6 Credits)
MARN 2996.,Directed Research 1.,(1-6 Credits)
MARN 3000E.,The Oceans and Global Climate.,(3 Credits)
MARN 3001.,Foundations of Marine Sciences.,(4 Credits)
MARN 3002.,Foundations of Marine Sciences.,(3 Credits)
MARN 3012.,Marine Invertebrate Biology.,(3 Credits)
MARN 3014.,Marine Biology.,(3 Credits)
MARN 3015.,Techniques in Marine Molecular Biology.,(3 Credits)
MARN 3017.,Plankton Ecology.,(3 Credits)
MARN 3030.,Coastal Pollution and Bioremediation.,(3 Credits)
MARN 3060.,Coastal Circulation and Sediment Transport.,(3 Credits)
MARN 3230.,Beaches and Coasts.,(3 Credits)
MARN 3505.,Remote Sensing of Marine Geography.,(3 Credits)
MARN 3811.,Seminar on Marine Mammals.,(3 Credits)
MARN 3812.,Seminar in Marine Biodiversity and Conservation.,(3 Credits)
MARN 3893.,International Study.,(1-6 Credits)
MARN 3899.,Independent Study.,(1-6 Credits)
MARN 3995.,Special Topics.,(1-6 Credits)
MARN 3996.,Directed Research 2.,(1-6 Credits)
MARN 4001.,Measurement and Analysis in Coastal Ecosystems.,(4 Credits)
MARN 4002.,Science and the Coastal Environment.,(3 Credits)
MARN 4010.,Biological Oceanography.,(3 Credits)
MARN 4018.,Ecology of Fishes.,(3 Credits)
MARN 4019.,Algae and the Environment.,(3 Credits)
MARN 4030W.,Chemical Oceanography.,(3 Credits)
MARN 4050.,Geological Oceanography.,(3 Credits)
MARN 4052.,Paleooceanography.,(3 Credits)
MARN 4060.,Physical Oceanography.,(3 Credits)
MARN 4066.,River Influences on the Marine Environment.,(3 Credits)
MARN 4130.,Geomicrobiology.,(3 Credits)
MARN 4160.,Scientific Diving.,(3 Credits)
MARN 4202Q.,Models of the Ocean Carbon Cycle.,(4 Credits)
MARN 4210Q.,Experimental Design in Marine Ecology.,(4 Credits)
MARN 4891.,Internship in Marine Sciences.,(1-3 Credits)
MARN 4893.,International Study.,(1-6 Credits)
MARN 4895.,Special Topics.,(1-6 Credits)
MARN 4897W.,Senior Research Thesis.,(3 Credits)
MARN 4898.,Variable Topics.,(1-3 Credits)
MARN 4996.,Independent Research.,(1-6 Credits)
MAST 1001E.,The Sea Around Us.,(3 Credits)
MAST 1200.,Introduction to Maritime Culture.,(3 Credits)
MAST 1300E.,People and Society in the Maritime Environment.,(3 Credits)
MAST 1993.,International Study.,(1-6 Credits)
MAST 2101.,Introduction to Maritime Studies.,(3 Credits)
MAST 2210E.,History of the Ocean.,(3 Credits)
MAST 2300E.,Marine Environmental Policy.,(3 Credits)
MAST 2460E.,Maritime Politics.,(3 Credits)
MAST 2467E.,Economics of the Oceans.,(3 Credits)
MAST 2507.,"New England and the Caribbean Plantation Complex, 1650-1900.",(3 Credits)
MAST 2993.,International Study.,(1-6 Credits)
MAST 2995.,Special Topics Lecture.,(1-6 Credits)
MAST 3300.,Oral History on the Working Waterfront.,(3 Credits)
MAST 3501.,Mariners' Skills for Interpreting the Maritime Humanities.,(3 Credits)
MAST 3531.,Maritime Archaeology of the Americas.,(3 Credits)
MAST 3532.,Archaeology of the Age of Sail.,(3 Credits)
MAST 3544.,"Atlantic Voyages: European Maritime Expansion, 1400-1650.",(3 Credits)
MAST 3545.,"The Modern Atlantic, 1650-1950.",(3 Credits)
MAST 3600.,Global Dynamics of the Shipping Industry.,(3 Credits)
MAST 3652W.,Maritime Literature to 1800.,(3 Credits)
MAST 3653.,Maritime Literature Since 1800.,(3 Credits)
MAST 3653W.,Maritime Literature Since 1800.,(3 Credits)
MAST 3832.,Maritime Law.,(3 Credits)
MAST 3991.,Supervised Internship in Maritime Studies.,(1-3 Credits)
MAST 3993.,International Study.,(1-6 Credits)
MAST 3995.,Special Topics.,(1-6 Credits)
MAST 3998.,Variable Topics.,(3 Credits)
MAST 4993.,International Study.,(1-6 Credits)
MAST 4994W.,Maritime Studies Capstone Seminar.,(3 Credits)
MAST 4999.,Independent Study.,(1-6 Credits)
MKTG 2237.,Personal Brand Management.,(3 Credits)
MKTG 3101.,Introduction to Marketing Management.,(3 Credits)
MKTG 3208.,Consumer Behavior.,(3 Credits)
MKTG 3252.,Business and Human Rights.,(3 Credits)
MKTG 3253.,"Sustainability, Markets, and Society.",(3 Credits)
MKTG 3254.,Social Responsibility and Accountability in Business.,(3 Credits)
MKTG 3255.,Global Issues in Marketing for Social Impact.,(3 Credits)
MKTG 3258.,Marketing Strategy for Environmental and Social Impact.,(3 Credits)
MKTG 3260.,Marketing Research.,(3 Credits)
MKTG 3370.,Global Marketing Strategy.,(3 Credits)
MKTG 3452.,Professional Selling.,(3 Credits)
MKTG 3454.,Sales Management and Leadership.,(3 Credits)
MKTG 3625.,Integrated Marketing Communications in the Digital Age.,(3 Credits)
MKTG 3661.,Marketing and Digital Analytics.,(3 Credits)
MKTG 3665.,Digital Marketing.,(3 Credits)
MKTG 3757.,Strategic Brand Management.,(3 Credits)
MKTG 4362.,Marketing Planning and Strategy.,(3 Credits)
MKTG 4881.,Internship in Marketing.,(3 Credits)
MKTG 4882.,Practicum in Professional Sales.,(3 Credits)
MKTG 4893.,Foreign Study.,(1-6 Credits)
MKTG 4895.,Special Topics.,(1-6 Credits)
MKTG 4899.,Independent Study.,(1-6 Credits)
MKTG 4996.,Independent Honors Research.,(3 Credits)
MKTG 4997W.,Senior Thesis in Marketing.,(3 Credits)
MSE 2001.,"Introduction to Structure, Properties, and Processing of Materials I.",(3 Credits)
MSE 2002.,"Introduction to Structure, Properties, and Processing of Materials II.",(3 Credits)
MSE 2053.,Materials Characterization and Processing Laboratory.,(2 Credits)
MSE 2101.,Materials Science and Engineering I.,(3 Credits)
MSE 2102.,Materials Science and Engineering II.,(3 Credits)
MSE 3001.,Applied Thermodynamics of Materials.,(4 Credits)
MSE 3002.,Transport Phenomena in Materials Processing.,(3 Credits)
MSE 3003.,Phase Transformation Kinetics and Applications.,(3 Credits)
MSE 3004.,Mechanical Behavior of Materials.,(3 Credits)
MSE 3020.,Failure Analysis.,(3 Credits)
MSE 3029.,Ceramic Materials.,(3 Credits)
MSE 3032.,Introduction to High Temperature Materials.,(3 Credits)
MSE 3034.,Ferrous Alloys.,(3 Credits)
MSE 3036.,Non-Ferrous Alloys.,(3 Credits)
MSE 3055.,Materials Processing and Microstructures Laboratory.,(2 Credits)
MSE 3056.,Mechanical Behavior Laboratory.,(2 Credits)
MSE 3156.,Polymeric Materials.,(3 Credits)
MSE 3193.,International Study in Materials Science and Engineering.,(1-6 Credits)
MSE 3700.,Biomaterials.,(3 Credits)
MSE 4001.,Electrical and Magnetic Properties of Materials.,(3 Credits)
MSE 4003.,Materials Characterization.,(3 Credits)
MSE 4004.,Thermal/Mechanical Processing of Materials.,(3 Credits)
MSE 4005.,Processing of Materials in the Liquid and Vapor State.,(3 Credits)
MSE 4021.,Materials Joining.,(3 Credits)
MSE 4034.,Corrosion and Materials Protection.,(3 Credits)
MSE 4038.,Alloy Casting Processes.,(3 Credits)
MSE 4040.,Materials Selection in Mechanical Design.,(3 Credits)
MSE 4095.,Special Topics in Materials Science and Engineering.,(1-3 Credits)
MSE 4097.,Undergraduate Research in Materials Science and Engineering.,(1-3 Credits)
MSE 4098.,Variable Topics in Materials Science and Engineering.,(1-3 Credits)
MSE 4099.,Independent Study in Materials Science and Engineering.,(1-3 Credits)
MSE 4240.,Nanomaterials Synthesis and Design.,(3 Credits)
MSE 4701.,Biomedical Materials and Implants.,(3 Credits)
MSE 4801.,"Materials for Alternative, Renewable Energy.",(3 Credits)
MSE 4901W.,Capstone Design Project I.,(3 Credits)
MSE 4902W.,Capstone Design Project II.,(3 Credits)
MSE 4996.,Thesis Research in Materials Science and Engineering.,(1-3 Credits)
MATH 1011Q.,Introductory College Algebra and Mathematical Modeling.,(3 Credits)
MATH 1020Q.,Problem Solving.,(3 Credits)
MATH 1030Q.,Elementary Discrete Mathematics.,(3 Credits)
MATH 1060Q.,Precalculus.,(3 Credits)
MATH 1070Q.,Mathematics for Business and Economics.,(3 Credits)
MATH 1071Q.,Calculus for Business and Economics.,(3 Credits)
MATH 1131Q.,Calculus I.,(4 Credits)
MATH 1132Q.,Calculus II.,(4 Credits)
MATH 1793.,Foreign Study.,(1-15 Credits)
MATH 1795Q.,Special Topics Lecture.,(1-3 Credits)
MATH 2010Q.,Fundamentals of Algebra and Geometry.,(3 Credits)
MATH 2011Q.,Fundamentals of Algebra and Geometry.,(3 Credits)
MATH 2110Q.,Multivariable Calculus.,(4 Credits)
MATH 2141Q.,Advanced Calculus I.,(4 Credits)
MATH 2142Q.,Advanced Calculus II.,(4 Credits)
MATH 2143Q.,Advanced Calculus III.,(4 Credits)
MATH 2144Q.,Advanced Calculus IV.,(4 Credits)
MATH 2210Q.,Applied Linear Algebra.,(3 Credits)
MATH 2360Q.,Geometry.,(3 Credits)
MATH 2410Q.,Elementary Differential Equations.,(3 Credits)
MATH 2620.,Financial Mathematics I.,(3 Credits)
MATH 2705W.,Technical Writing in Mathematics.,(1 Credit)
MATH 2710.,Transition to Advanced Mathematics.,(3 Credits)
MATH 2710W.,Transition to Advanced Mathematics.,(3 Credits)
MATH 2720.,History of Mathematics.,(3 Credits)
MATH 2720W.,History of Mathematics.,(3 Credits)
MATH 2793.,Foreign Study.,(1-6 Credits)
MATH 2794W.,Mathematics Writing Seminar.,(2 Credits)
MATH 3094.,Undergraduate Seminar.,(3 Credits)
MATH 3146.,Introduction to Complex Variables.,(3 Credits)
MATH 3150.,Analysis I.,(3 Credits)
MATH 3151.,Analysis II.,(3 Credits)
MATH 3160.,Probability.,(3 Credits)
MATH 3170.,Elementary Stochastic Processes.,(3 Credits)
MATH 3180.,Mathematics for Machine Learning.,(3 Credits)
MATH 3210.,Abstract Linear Algebra.,(3 Credits)
MATH 3230.,Abstract Algebra I.,(3 Credits)
MATH 3231.,Abstract Algebra II.,(3 Credits)
MATH 3240.,Introduction to Number Theory.,(3 Credits)
MATH 3250.,Combinatorics.,(3 Credits)
MATH 3260.,Introduction to Mathematical Logic.,(3 Credits)
MATH 3265.,Applied Mathematical Logic.,(3 Credits)
MATH 3330.,Elements of Topology.,(3 Credits)
MATH 3370.,Differential Geometry.,(3 Credits)
MATH 3410.,Differential Equations for Applications.,(3 Credits)
MATH 3435.,Partial Differential Equations.,(3 Credits)
MATH 3510.,Numerical Analysis I.,(3 Credits)
MATH 3511.,Numerical Analysis II.,(3 Credits)
MATH 3545.,Actuarial Case Studies using SAS.,(1 Credit)
MATH 3550.,Programming for Actuaries.,(3 Credits)
MATH 3610.,Probability Problems.,(1 Credit)
MATH 3615.,Financial Mathematics Problems.,(1 Credit)
MATH 3620.,Foundations of Actuarial Science.,(3 Credits)
MATH 3630.,Long-Term Actuarial Mathematics I.,(4 Credits)
MATH 3631.,Long-Term Actuarial Mathematics II.,(3 Credits)
MATH 3636.,Actuarial Statistical Modeling I.,(3 Credits)
MATH 3637.,Actuarial Statistical Modeling II.,(3 Credits)
MATH 3639.,Actuarial Loss Models.,(3 Credits)
MATH 3640.,Short-Term Insurance Ratemaking.,(3 Credits)
MATH 3641.,Short-Term Insurance Reserving.,(3 Credits)
MATH 3650.,Financial Mathematics II.,(3 Credits)
MATH 3660.,Advanced Financial Mathematics.,(3 Credits)
MATH 3670W.,Technical Writing for Actuaries.,(3 Credits)
MATH 3710.,Introduction to Mathematical Modeling.,(3 Credits)
MATH 3710W.,Introduction to Mathematical Modeling.,(3 Credits)
MATH 3790.,Field Study Internship.,(1-3 Credits)
MATH 3793.,Foreign Study.,(1-15 Credits)
MATH 3794.,Problem Seminar.,(1 Credit)
MATH 3795.,Special Topics.,(1-6 Credits)
MATH 3796W.,Senior Thesis in Mathematics.,(3 Credits)
MATH 3798.,Variable Topics.,(3 Credits)
MATH 3799.,Independent Study.,(1-6 Credits)
MATH 3899.,Independent Study.,(1-3 Credits)
MATH 4110.,Introduction to Modern Analysis.,(3 Credits)
MATH 4210.,Advanced Abstract Algebra.,(3 Credits)
MATH 4310.,Introduction to Geometry and Topology.,(3 Credits)
ME 2015.,Introduction to Computing for Mechanical Engineers.,(1 Credit)
ME 2016.,Introduction to Computational Fluid Dynamics.,(1 Credit)
ME 2017.,Introduction to Finite Element Analysis.,(1 Credit)
ME 2120.,Applied Mechanics II.,(3 Credits)
ME 2140.,Computer-Aided Design and Manufacturing.,(3 Credits)
ME 2193.,International Study.,(1-6 Credits)
ME 2233.,Thermodynamic Principles.,(3 Credits)
ME 2234.,Applied Thermodynamics.,(3 Credits)
ME 3130.,Advanced Engineering Mathematics.,(3 Credits)
ME 3161.,Introduction to Robotics.,(3 Credits)
ME 3162.,Robot Motion Planning.,(3 Credits)
ME 3163.,Robot Control and Dynamics.,(3 Credits)
ME 3193.,International Study.,(1-6 Credits)
ME 3214.,Dynamics of Particles and Rigid Bodies.,(3 Credits)
ME 3217.,Metal Cutting Principles.,(3 Credits)
ME 3220.,Mechanical Vibrations.,(3 Credits)
ME 3221.,Manufacturing Automation.,(3 Credits)
ME 3222.,Production Engineering.,(3 Credits)
ME 3225.,"Computer-Aided Design, Modeling, and Graphics.",(3 Credits)
ME 3227.,Design of Machine Elements.,(3 Credits)
ME 3228.,Introduction to Fatigue in Mechanical Design.,(3 Credits)
ME 3239.,Combustion for Energy Conversion.,(3 Credits)
ME 3242.,Heat Transfer.,(3 Credits)
ME 3250.,Fluid Dynamics I.,(3 Credits)
ME 3251.,Fluid Dynamics II.,(3 Credits)
ME 3253.,Linear Systems Theory.,(3 Credits)
ME 3254.,Linear Systems Theory.,(3 Credits)
ME 3255.,Computational Mechanics.,(3 Credits)
ME 3256W.,Data-Driven Decisions and Technical Communications.,(3 Credits)
ME 3262.,Applied Measurements and Data Analysis.,(3 Credits)
ME 3263.,Introduction to Sensors and Data Analysis.,(3 Credits)
ME 3264.,Applied Measurements Laboratory.,(3 Credits)
ME 3266.,Principles of Optimum Design.,(3 Credits)
ME 3270.,Fuel Cells.,(3 Credits)
ME 3275.,Introduction to Computational Fluid Dynamics.,(3 Credits)
ME 3276.,Propulsion.,(3 Credits)
ME 3279.,Honors Research.,(3 Credits)
ME 3280.,Turbines and Centrifugal Machinery.,(3 Credits)
ME 3285.,Sustainable Energy Sources and Systems.,(3 Credits)
ME 3295.,Special Topics in Mechanical Engineering.,(1-3 Credits)
ME 3296.,Independent Research in Mechanical Engineering.,(1-4 Credits)
ME 3299.,Problems in Mechanical Engineering.,(1-4 Credits)
ME 3396.,Honors Research.,(1-4 Credits)
ME 3970.,Junior Design.,(3 Credits)
ME 4161.,Robotics Systems Laboratory.,(3 Credits)
ME 4972.,Senior Design Project I.,(3 Credits)
ME 4973W.,Senior Design Project II.,(3 Credits)
ME 4974W.,Ethics for Engineers.,(1 Credit)
ME 4975.,Senior Design Project I.,(3 Credits)
ME 4976.,Senior Design Project II.,(3 Credits)
MLSC 3301.,Fundamentals of Medical Laboratory Sciences.,(3 Credits)
MLSC 3333.,"Mycology, Parasitology and Virology.",(3 Credits)
MLSC 3365.,Theory of Phlebotomy.,(1 Credit)
MLSC 4094W.,Seminar in Medical Laboratory Sciences.,(2 Credits)
MLSC 4095.,Special Topics.,(1-6 Credits)
MLSC 4099.,Independent Study for Undergraduates.,(1-6 Credits)
MLSC 4301.,Clinical Chemistry and Instrumentation.,(1-3 Credits)
MLSC 4302.,Clinical Chemistry Laboratory.,(3 Credits)
MLSC 4311.,Hematology.,(4 Credits)
MLSC 4312.,Hematology Laboratory.,(3 Credits)
MLSC 4321.,Clinical Immunology.,(2 Credits)
MLSC 4322.,Clinical Immunology Laboratory.,(1 Credit)
MLSC 4341.,Clinical Microbiology.,(4 Credits)
MLSC 4342.,Clinical Microbiology Laboratory.,(4 Credits)
MLSC 4351.,Transfusion Services.,(3 Credits)
MLSC 4352.,Transfusion Services Laboratory.,(3 Credits)
MLSC 4371.,Urinalysis and Hemostasis.,(2 Credits)
MLSC 4372.,Urinalysis Laboratory.,(1 Credit)
MLSC 4500.,Laboratory Operations and Professional Practice.,(2 Credits)
MISI 1101.,General Military Science Ia.,(1 Credit)
MISI 1102.,General Military Science Ib.,(1 Credit)
MISI 2201.,General Military Science IIa.,(1 Credit)
MISI 2202.,General Military Science IIb.,(1 Credit)
MISI 3301.,General Military Science III.,(3 Credits)
MISI 3302.,General Military Science III.,(3 Credits)
MISI 4401.,General Military Science IV.,(3 Credits)
MISI 4402.,General Military Science IV.,(3 Credits)
MGRK 1101.,Elementary Modern Greek I.,(4 Credits)
MGRK 1102.,Elementary Modern Greek II.,(4 Credits)
MGRK 1103.,Intermediate Modern Greek I.,(4 Credits)
MGRK 1104.,Intermediate Modern Greek II.,(4 Credits)
MGRK 1193.,Foreign Study.,(1-6 Credits)
MGRK 3293.,Foreign Study.,(1-6 Credits)
MGRK 3295.,Special Topics.,(1-3 Credits)
MGRK 3299.,Independent Study.,(1-6 Credits)
MCB 1200.,Virus Hunters.,(4 Credits)
MCB 1201.,Virus Hunting: Applied Bioinformatics.,(4 Credits)
MCB 1405.,Honors Core: The Genetics Revolution in Contemporary Culture.,(3 Credits)
MCB 1893.,Foreign Study.,(1-6 Credits)
MCB 1895.,Special Topics in Molecular and Cell Biology.,(1-4 Credits)
MCB 2000.,Introduction to Biochemistry.,(4 Credits)
MCB 2210.,Cell Biology.,(3 Credits)
MCB 2215.,Honors Cell Biology.,(3 Credits)
MCB 2225.,Cell Biology Laboratory.,(4 Credits)
MCB 2400.,Human Genetics.,(3 Credits)
MCB 2410.,Genetics.,(3 Credits)
MCB 2610.,Fundamentals of Microbiology.,(4 Credits)
MCB 2612.,Honors Core: Microbe Hunters - Crowdsourcing Antibiotic Discovery.,(4 Credits)
MCB 2893.,Foreign Study.,(1-5 Credits)
MCB 3003.,Biophysical Chemistry I.,(3 Credits)
MCB 3004.,Biophysical Chemistry II.,(3 Credits)
MCB 3010.,Biochemistry.,(5 Credits)
MCB 3022W.,Human Disease and the Development of Therapeutic Agents.,(3 Credits)
MCB 3100.,Introduction to Translational Research.,(3 Credits)
MCB 3189.,Clinical Research Laboratory.,(3 Credits)
MCB 3201.,Gene Expression.,(3 Credits)
MCB 3211.,Cancer Cell Biology and Genetics.,(3 Credits)
MCB 3219.,Developmental and Regenerative Biology.,(3 Credits)
MCB 3220.,Developmental Biology Laboratory.,(4 Credits)
MCB 3246.,Virology.,(3 Credits)
MCB 3400.,Human Evolutionary Genomics.,(3 Credits)
MCB 3410.,Eukaryotic Genomics.,(3 Credits)
MCB 3412.,Genetic Engineering and Functional Genomics.,(3 Credits)
MCB 3413.,Concepts of Genetic Analysis.,(4 Credits)
MCB 3417.,The Molecular Genetics of Inherited Human Disease.,(2 Credits)
MCB 3421.,Introduction to Molecular Evolution and Bioinformatics.,(3 Credits)
MCB 3617.,Molecular Biology and Genetics of Prokaryotes.,(4 Credits)
MCB 3620.,Host-Associated Microbiomes.,(3 Credits)
MCB 3633.,Pathogenic Microbiology.,(4 Credits)
MCB 3637.,Practical Methods in Microbial Genomics.,(3 Credits)
MCB 3841W.,Research Literature in Molecular and Cell Biology.,(3 Credits)
MCB 3842W.,Current Investigations in Cancer Cell Biology.,(3 Credits)
MCB 3843W.,Research Literature in Comparative Genomics.,(3 Credits)
MCB 3844W.,Microbiology and the Media.,(3 Credits)
MCB 3845W.,"Microbial Diversity, Ecology and Evolution.",(3 Credits)
MCB 3847W.,Historically Excluded and Underrepresented Scientists.,(3 Credits)
MCB 3849W.,Symbiosis: The Science of Living Together.,(3 Credits)
MCB 3893.,Foreign Study.,(1-5 Credits)
MCB 3895.,Special Topics.,(1-6 Credits)
MCB 3898.,Variable Topics.,(3 Credits)
MCB 3899.,Independent Study.,(1-6 Credits)
MCB 4008.,Techniques of Biophysical Chemistry.,(3 Credits)
MCB 4009.,Structure and Function of Biological Macromolecules.,(3 Credits)
MCB 4014.,Structure and Dynamics of Macromolecular Complexes.,(3 Credits)
MCB 4026W.,Advanced Biochemistry Laboratory.,(4 Credits)
MCB 4211.,Basic Immunology.,(3 Credits)
MCB 4215.,Fundamentals of Light Microscopy and Digital Imaging.,(3 Credits)
MCB 4416.,Forensic Application of DNA Science.,(3 Credits)
MCB 4624.,Experiments in Bacterial Genetics.,(3 Credits)
MCB 4893.,Foreign Study.,(1-5 Credits)
MCB 4896.,Undergraduate Research.,(1-6 Credits)
MCB 4897W.,Senior Research Thesis.,(3 Credits)
MCB 4996.,Honors Undergraduate Research.,(1-6 Credits)
MCB 4997W.,Senior Honors Research Thesis.,(3 Credits)
MUSI 1001.,Music Appreciation.,(3 Credits)
MUSI 1003.,Popular Music and Diversity in American Society.,(3 Credits)
MUSI 1004.,Non-Western Music.,(3 Credits)
MUSI 1006.,Earthtones: Vocal Ensemble.,(1 Credit)
MUSI 1011.,Music Fundamentals and Ear Training I.,(3 Credits)
MUSI 1012.,Music Fundamentals and Ear Training II.,(3 Credits)
MUSI 1101.,"Convocation, Concert and Recital Repertoire.",(0 Credits)
MUSI 1108.,Marching Band.,(1 Credit)
MUSI 1109.,Varsity Band.,(1 Credit)
MUSI 1110.,Band.,(1 Credit)
MUSI 1111.,Chorus.,(1 Credit)
MUSI 1112.,University Symphony Orchestra.,(1 Credit)
MUSI 1113.,Chamber Ensemble.,(1 Credit)
MUSI 1114.,Voices of Freedom Gospel Choir.,(1 Credit)
MUSI 1115.,Jazz Ensembles.,(1 Credit)
MUSI 1116.,Small Ensemble.,(1 Credit)
MUSI 1118.,Collegium Musicum.,(1 Credit)
MUSI 1119.,Opera Workshop.,(1 Credit)
MUSI 1120.,Jazz Combos.,(1 Credit)
MUSI 1193.,Foreign Study.,(1-12 Credits)
MUSI 1221.,Secondary Applied Music.,(1 Credit)
MUSI 1222.,Applied Music.,(1-3 Credits)
MUSI 1231.,Class Instruction in Piano.,(1 Credit)
MUSI 1241.,Applied Accompanying.,(1 Credit)
MUSI 1251.,Introduction to Diction for Singers.,(1 Credit)
MUSI 1252.,Italian Diction for Singers.,(1 Credit)
MUSI 1311.,Ear Training and Musicianship I.,(1 Credit)
MUSI 1312.,Ear Training and Musicianship II.,(1 Credit)
MUSI 1313.,Harmony I.,(3 Credits)
MUSI 1314.,Harmony II.,(3 Credits)
MUSI 1501.,Applied Music Techniques.,(1 Credit)
MUSI 1601.,Introduction to Jazz Improvisation.,(2 Credits)
MUSI 1701.,Introduction to Music Education.,(1 Credit)
MUSI 1995.,Special Topics Lecture.,(1-6 Credits)
MUSI 2253.,German Diction for Singers.,(1 Credit)
MUSI 2254.,French Diction for Singers.,(1 Credit)
MUSI 3222.,"Applied Music, Advanced Course.",(1-5 Credits)
MUSI 3231.,Vocal Pedagogy.,(2 Credits)
MUSI 3232.,Instrumental Pedagogy and Literature.,(1 Credit)
MUSI 3233.,Instrumental Pedagogy.,(2 Credits)
MUSI 3234.,Instrumental Literature and Performance.,(2 Credits)
MUSI 3311.,Ear Training and Musicianship III.,(1 Credit)
MUSI 3312.,Ear Training and Musicianship IV.,(1 Credit)
MUSI 3313.,Harmony III.,(3 Credits)
MUSI 3314.,Harmony IV.,(3 Credits)
MUSI 3321.,Form and Analysis I.,(3 Credits)
MUSI 3322W.,Form and Analysis II.,(3 Credits)
MUSI 3331.,Composition I.,(3 Credits)
MUSI 3332.,Composition II.,(2 Credits)
MUSI 3341.,Introduction to Electronic Composition.,(3 Credits)
MUSI 3342.,Arranging for Music Educators.,(2 Credits)
MUSI 3343.,Jazz Composition.,(2 Credits)
MUSI 3351.,Orchestration I.,(3 Credits)
MUSI 3361.,Counterpoint I.,(3 Credits)
MUSI 3371.,Twentieth Century Theory and Analysis.,(3 Credits)
MUSI 3404.,Culture and Context in Western Art Music.,(3 Credits)
MUSI 3405.,Music History from 1750 to the New Millennium.,(3 Credits)
MUSI 3407W.,History of Jazz.,(3 Credits)
MUSI 3409.,"Masterpieces of Western Music in Historical Context, 1700-1930.",(3 Credits)
MUSI 3410W.,"Music, History, and Ideas.",(3 Credits)
MUSI 3421W.,"Music, Culture, and Difference in Globalization.",(3 Credits)
MUSI 3504.,Music Perception and Cognition.,(3 Credits)
MUSI 3568.,"Hip Hop, Politics and Youth Culture in America.",(3 Credits)
MUSI 3601.,Jazz Improvisation and Performance.,(1 Credit)
MUSI 3631.,Jazz Arranging I.,(2 Credits)
MUSI 3632.,Jazz Arranging II.,(2 Credits)
MUSI 3721.,Vocal Literature I.,(2 Credits)
MUSI 3722.,Vocal Literature II.,(2 Credits)
MUSI 3723.,Vocal Literature III.,(2 Credits)
MUSI 3724.,Vocal Literature IV.,(2 Credits)
MUSI 3777.,Introduction to Audio and Recording.,(3 Credits)
MUSI 3801.,Acoustics and the Perception of Music.,(3 Credits)
MUSI 3979.,Junior Half Recital.,(0 Credits)
MUSI 3982.,Practicum in Music.,(1-15 Credits)
MUSI 3993.,Foreign Study.,(1-6 Credits)
MUSI 4333.,Composition III.,(2 Credits)
MUSI 4339.,Composition Forum.,(1 Credit)
MUSI 4371.,Theory Review.,(3 Credits)
MUSI 4471.,Seminar: The Life and Works of Individual Composers.,(3 Credits)
MUSI 4473.,Seminar: History of Musical Forms.,(3 Credits)
MUSI 4489.,Procedures in Historical Research.,(3 Credits)
MUSI 4731.,Conducting I.,(2 Credits)
MUSI 4732.,Conducting II: Choral.,(2 Credits)
MUSI 4733.,Conducting II: Instrumental.,(2 Credits)
MUSI 4979.,Senior Recital.,(0 Credits)
MUSI 4995.,Special Topics.,(1-4 Credits)
MUSI 4999.,Independent Study.,(1-12 Credits)
NRE 1000E.,Environmental Science.,(3 Credits)
NRE 1235E.,Environmental Conservation.,(3 Credits)
NRE 1250.,Community Engagement for Environmental Action.,(1 Credit)
NRE 2000.,Introduction to Geomatics.,(4 Credits)
NRE 2010.,Natural Resources Measurements.,(3 Credits)
NRE 2215E.,Introduction to Water Resources.,(3 Credits)
NRE 2345.,Introduction to Fisheries and Wildlife.,(3 Credits)
NRE 2415.,Dendrology.,(3 Credits)
NRE 2455.,Forest Ecology.,(3 Credits)
NRE 2550.,Nature-based Outdoor Recreation Resource Management.,(3 Credits)
NRE 2600E.,Global Sustainable Natural Resources.,(3 Credits)
NRE 3000.,Human Dimensions of Natural Resources.,(3 Credits)
NRE 3105.,Wetlands Biology and Conservation.,(3 Credits)
NRE 3115.,Air Pollution.,(3 Credits)
NRE 3125.,Watershed Hydrology.,(3 Credits)
NRE 3145.,Meteorology.,(3 Credits)
NRE 3146.,Climatology.,(3 Credits)
NRE 3150.,Green Stormwater Infrastructure Practices.,(3 Credits)
NRE 3185W.,Wetland Techniques.,(4 Credits)
NRE 3201.,Conservation Law Enforcement.,(3 Credits)
NRE 3245E.,Environmental Law.,(3 Credits)
NRE 3250W.,Contaminants in the Environment.,(3 Credits)
NRE 3265.,Sustainable Urban Ecosystems.,(3 Credits)
NRE 3275.,"Recreational Trails: Design, Construction, and Management.",(3 Credits)
NRE 3305.,African Field Ecology and Renewable Resources Management.,(4 Credits)
NRE 3335.,Wildlife Management.,(3 Credits)
NRE 3345.,Wildlife Management Techniques.,(4 Credits)
NRE 3345W.,Wildlife Management Techniques.,(4 Credits)
NRE 3385W.,Fisheries Techniques.,(3 Credits)
NRE 3390.,South African Ecosystems and Diversity.,(4 Credits)
NRE 3425.,Fundamentals of Arboriculture.,(3 Credits)
NRE 3490.,"Conservation, Biodiversity, Management, and Protected Area Design in South Africa.",(4 Credits)
NRE 3500.,Exurban Silviculture.,(4 Credits)
NRE 3535.,Remote Sensing of the Environment.,(3 Credits)
NRE 3690.,Field Study Internship.,(1-6 Credits)
NRE 3693.,Foreign Studies in Natural Resources.,(1-6 Credits)
NRE 3699.,Independent Study.,(1-6 Credits)
NRE 4000W.,Natural Resources Planning and Management.,(3 Credits)
NRE 4094.,Seminar.,(1 Credit)
NRE 4135.,Introduction to Ground Water Hydrology.,(4 Credits)
NRE 4150.,Ecosystem Science and Management.,(3 Credits)
NRE 4170.,Climate-Human-Ecosystem Interactions.,(3 Credits)
NRE 4180.,Climate Change Adaptation Science.,(3 Credits)
NRE 4205.,Stream Ecology.,(3 Credits)
NRE 4255.,Water Quality Management.,(3 Credits)
NRE 4335.,Fisheries Management.,(3 Credits)
NRE 4340.,Ecotoxicology.,(3 Credits)
NRE 4370.,Population Dynamics.,(3 Credits)
NRE 4425.,Urban and Community Forestry.,(3 Credits)
NRE 4475.,Forest Management.,(4 Credits)
NRE 4535.,Remote Sensing Image Processing.,(3 Credits)
NRE 4544.,Land Surveying for Environmental Management and Planning.,(4 Credits)
NRE 4665.,Natural Resources Modeling.,(3 Credits)
NRE 4695.,Special Topics.,(1-6 Credits)
NRE 4696.,Undergraduate Research in Natural Resources.,(2-6 Credits)
NRE 4697W.,Undergraduate Research Thesis in Natural Resources.,(3 Credits)
NRE 4990.,Directed Field Experience.,(4 Credits)
NRE 4998.,Variable Topics.,(1 Credit)
SANR 215.,Dendrology.,(3 Credits)
SANR 255.,Forest Ecology.,(3 Credits)
SANR 310.,Introduction to Wildlife Management.,(3 Credits)
SANR 325.,Fundamentals of Arboriculture.,(3 Credits)
SANR 425.,Urban and Community Forestry.,(3 Credits)
SANR 495.,Special Topics.,(1-3 Credits)
SANR 699.,Independent Study.,(1-6 Credits)
SANR 991.,Field Study Internship.,(1-6 Credits)
NURS 1130.,Health Care Delivery System.,(3 Credits)
NURS 1131.,Introduction to the Discipline of Nursing.,(3 Credits)
NURS 1150.,Introduction to Healthcare Innovation.,(3 Credits)
NURS 1175W.,The End of Life: A Multicultural Interdisciplinary Experience.,(3 Credits)
NURS 1500.,Introduction to Correctional Health Care.,(3 Credits)
NURS 2100W.,Fostering a Culture of Health through Health Equity and Interprofessional Collaboration.,(3 Credits)
NURS 2175.,Global Politics of Childbearing and Reproduction.,(3 Credits)
NURS 3070.,Culturally Informed Communication with Spanish-Speaking Healthcare Consumers.,(3 Credits)
NURS 3100.,Clinical Science I.,(3 Credits)
NURS 3110.,Clinical Science II.,(3 Credits)
NURS 3120.,Patient Centered Health Assessment Across the Lifespan.,(3 Credits)
NURS 3205.,Nursing Research and Evidence-Based Practice.,(3 Credits)
NURS 3220.,Clinical Science for Sub-Acute and Chronically Ill Adults.,(3 Credits)
NURS 3225.,Ethical Ways of Knowing.,(3 Credits)
NURS 3234.,Theory and Nursing Practice for Adults with Sub-Acute or Chronic Problems.,(9 Credits)
NURS 3295.,Special Topics in Nursing.,(1-6 Credits)
NURS 3334.,Theory and Nursing Practice for Perinatal and Women's Health.,(6 Credits)
NURS 3444.,Theory and Nursing Practice for Child Health.,(6 Credits)
NURS 3554.,Theory and Nursing Practice for Behavioral Health.,(6 Credits)
NURS 3664.,Theory and Nursing Practice for Acutely Ill Adults.,(6 Credits)
NURS 4230W.,Quality Improvement and Evidence Based Practice in Nursing.,(3 Credits)
NURS 4250E.,Public Health Nursing.,(3 Credits)
NURS 4282.,Nursing Leadership and Capstone Practicum.,(9 Credits)
NURS 4289.,Independent Study.,(0-6 Credits)
NURS 4299.,Independent Study.,(1-6 Credits)
NURS 4300.,Clinical Science: Pharmacology and Pathophysiology.,(3 Credits)
NURS 4301.,Concepts and Theories of Nursing Practice.,(3 Credits)
NURS 4304.,Health Assessment and Fundamentals of Nursing Praxis.,(12 Credits)
NURS 4305.,Nursing Research and Evidence-Based Practice - CEIN/BS.,(3 Credits)
NURS 4414.,Theory and Nursing Practice for Behavioral Health.,(4 Credits)
NURS 4424.,Theory and Nursing Practice for Perinatal and Women's Health.,(4 Credits)
NURS 4434.,Theory and Nursing Practice for Child Health.,(4 Credits)
NURS 4544.,Theory and Nursing Practice for Community Health.,(4 Credits)
NURS 4554.,Theory and Nursing Practice for Adult Acute Care.,(8 Credits)
NURS 4597W.,Senior Thesis in Nursing.,(3 Credits)
NUSC 1030.,Interdisciplinary Approach to Obesity Prevention.,(3 Credits)
NUSC 1161.,Husky Reads: Introducing Food and Nutrition to Children through Reading.,(2 Credits)
NUSC 1165.,Fundamentals of Nutrition.,(3 Credits)
NUSC 1166.,Honors Colloquium in Nutrition.,(1 Credit)
NUSC 1167.,"Food, Culture and Society.",(3 Credits)
NUSC 1195.,Special Topics.,(1-3 Credits)
NUSC 1645.,The Science of Food.,(3 Credits)
NUSC 1693.,International Studies in Nutritional Sciences.,(1-15 Credits)
NUSC 2200.,Nutrition and Human Development.,(3 Credits)
NUSC 3150.,Medical Nutrition Therapy I.,(3 Credits)
NUSC 3171.,Husky Nutrition.,(3 Credits)
NUSC 3180.,Experience in Community Nutrition.,(1-6 Credits)
NUSC 3230.,Community Nutrition.,(3 Credits)
NUSC 3233.,Food Composition and Preparation.,(3 Credits)
NUSC 3234.,Food Composition and Preparation Laboratory.,(1 Credit)
NUSC 3245.,Profession of Dietetics.,(1 Credit)
NUSC 3250.,Medical Nutrition Therapy II.,(3 Credits)
NUSC 3271.,Food Services Systems Management Laboratory/Discussion.,(2 Credits)
NUSC 3272.,Food Service Systems Management I.,(2 Credits)
NUSC 3291.,Nutritional Sciences Internship.,(1-3 Credits)
NUSC 3350.,Nutrient and Food Analysis.,(3 Credits)
NUSC 3693.,International Studies in Nutritional Sciences.,(1-6 Credits)
NUSC 3782.,Experience in Food Service Systems Management.,(1-6 Credits)
NUSC 3823.,Experience in Medical Nutrition Therapy.,(1-3 Credits)
NUSC 4100.,Dietetic Career Readiness.,(1 Credit)
NUSC 4236.,Nutritional Biochemistry and Metabolism.,(4 Credits)
NUSC 4237W.,Writing in Nutritional Sciences.,(1 Credit)
NUSC 4250.,Nutrition for Exercise and Sport.,(3 Credits)
NUSC 4260.,Dietary Supplements and Functional Foods.,(3 Credits)
NUSC 4270.,Immunological Mechanisms of Disease.,(3 Credits)
NUSC 4272.,Food Service Systems Management II.,(2 Credits)
NUSC 4294.,Seminar.,(1 Credit)
NUSC 4295.,Special Topics.,(1-6 Credits)
NUSC 4297W.,Senior Thesis in Nutrition.,(3 Credits)
NUSC 4299.,Independent Study.,(1-3 Credits)
NUSC 4360.,Entrepreneurship in Food and Agriculture.,(3 Credits)
OSH 4291.,OSH Internship.,(1-6 Credits)
OPIM 3103.,Business Information Systems.,(3 Credits)
OPIM 3104.,Operations Management.,(3 Credits)
OPIM 3203.,Analytics for Business Intelligence.,(3 Credits)
OPIM 3204.,Database Design and Management.,(3 Credits)
OPIM 3207.,Information Security.,(3 Credits)
OPIM 3211.,Systems Analysis and Design.,(3 Credits)
OPIM 3301.,Spreadsheet Modeling for Business Analysis.,(3 Credits)
OPIM 3302.,Data Visualization.,(3 Credits)
OPIM 3401.,Business Software Development.,(3 Credits)
OPIM 3402.,Mobile Application Development.,(3 Credits)
OPIM 3403.,UX / UI Design.,(3 Credits)
OPIM 3505.,Business Database Management.,(3 Credits)
OPIM 3506.,Business Application Programming.,(3 Credits)
OPIM 3510.,Business Data Analytics I.,(3 Credits)
OPIM 3511.,Business Data Analytics II.,(3 Credits)
OPIM 3512.,Project Management for Business Data Analytics.,(3 Credits)
OPIM 3601.,Managerial Supply Chain Management.,(3 Credits)
OPIM 3602.,Supply Chain Logistics.,(3 Credits)
OPIM 3603.,Project Management and Planning.,(3 Credits)
OPIM 3701.,Network Design and Applications.,(3 Credits)
OPIM 3702.,"Risk, Trust, and Modern Security.",(3 Credits)
OPIM 3806.,Introduction to Cryptocurrency and Blockchain Technology.,(3 Credits)
OPIM 4881.,Internship in Operations and Information Management.,(1-6 Credits)
OPIM 4893.,Foreign Study.,(1-6 Credits)
OPIM 4895.,Special Topics.,(1-3 Credits)
OPIM 4899.,Independent Study.,(1-6 Credits)
OPIM 4996.,Independent Honors Research in OPIM.,(3 Credits)
OPIM 4997.,Senior Thesis in Operations and Information Management.,(3 Credits)
PATH 1000.,Biomedical Issues in Pathobiology.,(2 Credits)
PATH 1100E.,"One Health: People, Animals, Plants, and the Environment.",(3 Credits)
PATH 1201.,Exploring Careers in Pathobiology.,(2 Credits)
PATH 1202.,Fundamental Biomedical Laboratory Techniques.,(2 Credits)
PATH 2095.,Special Topics.,(1-6 Credits)
PATH 2100.,Anatomy and Physiology of Animals.,(4 Credits)
PATH 2200.,Modern Biomedical Laboratory Techniques.,(3 Credits)
PATH 2301.,Health and Disease Management of Animals.,(3 Credits)
PATH 2710.,Medical Microbiology: Bacteria and Fungi.,(4 Credits)
PATH 2720.,Medical Microbiology: Viruses and Parasites.,(4 Credits)
PATH 2800.,Medical Cell Biology.,(3 Credits)
PATH 3093.,Foreign Studies in Pathobiology.,(1-15 Credits)
PATH 3094W.,Seminar.,(2 Credits)
PATH 3095.,Special Topics.,(1-6 Credits)
PATH 3099.,Independent Study.,(1-6 Credits)
PATH 3100.,Histologic Structure and Function.,(4 Credits)
PATH 3201.,Principles of Animal Virology.,(3 Credits)
PATH 3201W.,Principles of Animal Virology.,(3 Credits)
PATH 3401.,Immunobiology.,(3 Credits)
PATH 3501.,Diagnostic Techniques for the Biomedical Sciences.,(2 Credits)
PATH 3700.,Emerging Infectious Diseases and Pandemics.,(3 Credits)
PATH 3810.,Systems Pathophysiology I.,(3 Credits)
PATH 3820.,Systems Pathophysiology II.,(3 Credits)
PATH 4000.,Bioinformatics in Molecular Epidemiology of Infectious Diseases.,(3 Credits)
PATH 4197W.,Pathobiology Honors Thesis.,(3 Credits)
PATH 4203.,Principles of Antibacterial Development.,(3 Credits)
PATH 4230.,Vaccines and Immunotherapeutics.,(3 Credits)
PATH 4300.,Principles of Pathobiology.,(3 Credits)
SAPB 301.,Health and Disease Management of Animals.,(3 Credits)
SAPB 495.,Special Topics.,(1-2 Credits)
SAPB 699.,Independent Study.,(1-6 Credits)
PERS 1101.,Elementary Persian I.,(4 Credits)
PERS 1102.,Elementary Persian II.,(4 Credits)
PERS 1103.,Intermediate Persian I.,(4 Credits)
PERS 1104.,Intermediate Persian II.,(4 Credits)
PHAR 1000.,Drugs: Actions and Impact on Health and Society.,(3 Credits)
PHAR 1001E.,Toxic Chemicals and Health.,(3 Credits)
PHAR 1002.,Fundamentals of Pharmacology.,(2 Credits)
PHAR 2000.,Special Topics.,(1-6 Credits)
PHAR 3012.,Pharmacy Research Seminar.,(1 Credit)
PHAR 3095.,Special Topics.,(1-6 Credits)
PHAR 3097W.,Honors Thesis in Pharmacy.,(3 Credits)
PHAR 3099.,Undergraduate Research.,(1-6 Credits)
PHRX 3000.,Cellular Biology.,(2 Credits)
PHRX 3001.,Immunology.,(2 Credits)
PHRX 3002.,Foundations in Bioorganic Chemistry.,(3 Credits)
PHRX 3003.,Nutrition.,(2 Credits)
PHRX 3004.,Cellular Principles for Mechanisms of Drug Action.,(3 Credits)
PHRX 3005.,Introduction to Therapeutics.,(3 Credits)
PHRX 3006.,Drug Information I.,(1 Credit)
PHRX 3007.,Drug Information II.,(2 Credits)
PHRX 3008.,Pharmacy Communications.,(3 Credits)
PHRX 3009.,Principles of Drug Action.,(3 Credits)
PHRX 3010.,Self-Care and Non-Prescription Medications Module.,(3 Credits)
PHRX 3012.,Pharmacy Research Seminar.,(1 Credit)
PHRX 3014.,Pharmacotherapy Essentials Module.,(3 Credits)
PHRX 3015.,Cardiovascular Module.,(3 Credits)
PHRX 3030.,Pharmacokinetics/Biopharmaceutics.,(3 Credits)
PHRX 3031.,Foundations in Pharmaceutics I.,(4 Credits)
PHRX 3032.,Non-Sterile Pharmaceutical Compounding.,(1 Credit)
PHRX 3033.,Foundations of Pharmaceutics I.,(3 Credits)
PHRX 3034.,Non-Sterile Pharmaceutical Compounding.,(3 Credits)
PHRX 3040.,Neurology Module.,(4 Credits)
PHRX 3050.,Public Health and Healthcare Policy.,(3 Credits)
PHRX 3053.,Evidence-Based Pharmacy.,(2 Credits)
PHRX 3054.,Drugs and Society.,(2 Credits)
PHRX 3057.,Discovering the Leader Within.,(1 Credit)
PHRX 3058.,Future Pharmacy Leaders.,(1 Credit)
PHRX 3060.,Pharmacy Skills Development I.,(2 Credits)
PHRX 3061.,Pharmaceutical Industry Fundamentals for Pharmacists.,(1 Credit)
PHRX 3062.,Pharmacy Skills Development I.,(3 Credits)
PHRX 3065.,Pharmacy Skills Development II.,(2 Credits)
PHRX 3066.,Pharmacy Skills Development II.,(3 Credits)
PHRX 3095.,Special Topics.,(1-6 Credits)
PHRX 3097W.,Honors Thesis in Pharmacy.,(3 Credits)
PHRX 3099.,Undergraduate Research.,(1-6 Credits)
PHRX 4000.,Pharmacoeconomics.,(1 Credit)
PHRX 4001W.,Current Topics in Pharmacy.,(3 Credits)
PHRX 4030.,Foundations in Pharmaceutics II.,(3 Credits)
PHRX 4031.,Sterile Pharmaceutical Compounding.,(1 Credit)
PHRX 4040.,Psychiatry Module.,(5 Credits)
PHRX 4041.,Immunology Module.,(2 Credits)
PHRX 4042.,Gastroenterology Module.,(2 Credits)
PHRX 4043.,Endocrine Module.,(3 Credits)
PHRX 4044.,Dermatology Module.,(1 Credit)
PHRX 4050.,Pharmacy Practice Management.,(2 Credits)
PHRX 4052.,Advanced Compounding.,(2 Credits)
PHRX 4054.,Urban Service Track.,(1 Credit)
PHRX 4055.,Advanced Clinical Concepts in Pain Management.,(2 Credits)
PHRX 4057.,Developing Pharmacy Leaders.,(2 Credits)
PHRX 4059.,Follow the Money: Impact of Payment Reform and Health Policy on Pharmacy Practice.,(2 Credits)
PHRX 4060.,Leadership in Pharmacy.,(2 Credits)
PHRX 4061.,Organizational Dynamics for Corporate and Non Profit Leaders.,(2 Credits)
PHRX 4062.,Healthcare Ethics and History.,(2 Credits)
PHRX 4063.,Pharmacy Skills Development III.,(3 Credits)
PHRX 4065.,Pharmacy Skills Development IV.,(2 Credits)
PHRX 5040.,Cardiovascular Module.,(4 Credits)
PHRX 5043.,Infectious Disease Module.,(4 Credits)
PHRX 5044.,Hematology/Oncology Module.,(3 Credits)
PHRX 5045.,Special Populations.,(4 Credits)
PHRX 5046.,Clinical Toxicology.,(2 Credits)
PHRX 5048.,Patient Assessment.,(2 Credits)
PHRX 5050.,Pediatric Pharmacotherapy.,(2 Credits)
PHRX 5051.,Careers in Pharmacy.,(1 Credit)
PHRX 5052.,Pharmacotherapy of Diabetes Mellitus.,(2 Credits)
PHRX 5060.,Pharmacy Skills Development V.,(3 Credits)
PHRX 5062.,Pharmacy Law and Regulatory Affairs.,(3 Credits)
PHRX 5063.,Respiratory/Renal Module.,(4 Credits)
PHRX 5065.,Pharmacy Skills Development VI.,(2 Credits)
PHRX 5070.,Continuous Registration.,(0 Credits)
PHRX 5100.,Professional Experience in Community Pharmacy.,(4 Credits)
PHRX 5101.,Professional Experience in Health System Pharmacy.,(4 Credits)
PHRX 5102.,Professional Experience in Ambulatory Care.,(4 Credits)
PHRX 5103.,Professional Experience in General Medicine.,(4 Credits)
PHRX 5104.,Professional Experience in Cardiology.,(4 Credits)
PHRX 5105.,Professional Experience in Infectious Disease.,(4 Credits)
PHRX 5106.,Professional Experience in Oncology.,(4 Credits)
PHRX 5107.,Professional Experience in Psychiatry.,(4 Credits)
PHRX 5108.,Professional Experience in Pediatrics.,(4 Credits)
PHRX 5109.,Professional Experience in Geriatrics.,(4 Credits)
PHRX 5110.,Professional Experience in Community Pharmacy II.,(4 Credits)
PHRX 5111.,Professional Experience in Critical Care.,(4 Credits)
PHRX 5114.,Professional Experience in Emergency Medicine.,(4 Credits)
PHRX 5115.,Professional Experience in Home Health Care.,(4 Credits)
PHRX 5116.,Professional Experience in Health System Pharmacy II.,(4 Credits)
PHRX 5117.,Professional Experience in Industry.,(4 Credits)
PHRX 5118.,Professional Experience in Managed Care.,(4 Credits)
PHRX 5119.,Professional Experience in Nuclear Pharmacy.,(4 Credits)
PHRX 5122.,Professional Experience in Long-term Care.,(4 Credits)
PHRX 5123.,Professional Experience in Surgery.,(4 Credits)
PHRX 5124.,Professional Experience In General Medicine II.,(4 Credits)
PHRX 5125.,Professional Experience in Ambulatory Care II.,(4 Credits)
PHRX 5126.,Professional Experience in Anticoagulation Service.,(4 Credits)
PHRX 5128.,Professional Experience in Hospice Care.,(4 Credits)
PHRX 5133.,Professional Experience in Clinical Toxicology.,(4 Credits)
PHRX 5135.,Professional Experience in Investigational Drug Service.,(4 Credits)
PHRX 5136.,Professional Experience in Drug Information.,(4 Credits)
PHRX 5137.,Professional Experience in Pediatrics II.,(4 Credits)
PHRX 5138.,Professional Experience in Industry II.,(4 Credits)
PHRX 5139.,Professional Experience in a Professional Organization.,(4 Credits)
PHRX 5140.,Professional Experience at Food and Drug Administration (FDA).,(4 Credits)
PHRX 5141.,Professional Experience in Oncology II.,(4 Credits)
PHRX 5143.,Professional Experience in Psychiatry II.,(4 Credits)
PHRX 5146.,Professional Experience in Managed Care II.,(4 Credits)
PHRX 5147.,Professional Experience in International Pharmacy.,(4 Credits)
PHRX 5149.,Professional Experience in Critical Care II.,(4 Credits)
PHRX 5150.,Professional Experience in Pain Management.,(4 Credits)
PHRX 5152.,Professional Experience in Patient Safety.,(4 Credits)
PHRX 5153.,Professional Experience in Academia.,(4 Credits)
PHRX 5154.,Professional Experience in Organ Transplant.,(4 Credits)
PHRX 5155.,Professional Experience in International Pharmacy II.,(4 Credits)
PHRX 5157.,Professional Experience in Clinical-based Community Practice.,(4 Credits)
PHRX 5161.,Professional Experience in Pharmacy Informatics.,(4 Credits)
PHRX 5164.,Professional Experience in Infectious Disease II.,(4 Credits)
PHRX 5165.,Professional Experience in Management.,(4 Credits)
PHRX 5166.,Professional Experience in Research I.,(4 Credits)
PHRX 5167.,Professional Experience in Urban Service.,(4 Credits)
PHRX 5169.,Professional Experience in Leadership.,(4 Credits)
PHRX 5170.,Professional Experience in Medical Writing.,(4 Credits)
PHRX 5171.,Professional Experience in Antimicrobial Stewardship.,(4 Credits)
PHRX 5172.,Professional Experience in Health System-based Clinical Practice.,(4 Credits)
PHRX 5173.,Professional Experience Academic Leadership.,(4 Credits)
PHRX 5175.,Professional Experience in Population Health.,(4 Credits)
PHRX 5195.,Special Topics in Clinical Rotations.,(4 Credits)
PHRX 5199.,Professional Experience in Research II.,(4 Credits)
PHRX 5260.,P4 Professional Development I.,(0 Credits)
PHRX 5265.,P4 Professional Development II.,(0 Credits)
PHIL 1101.,Problems of Philosophy.,(3 Credits)
PHIL 1102.,Philosophy and Logic.,(3 Credits)
PHIL 1103.,Philosophical Classics.,(3 Credits)
PHIL 1104.,Philosophy and Social Ethics.,(3 Credits)
PHIL 1105.,Philosophy and Religion.,(3 Credits)
PHIL 1106.,Non-western and Comparative Philosophy.,(3 Credits)
PHIL 1107.,Philosophy and Gender.,(3 Credits)
PHIL 1108E.,Environmental Philosophy.,(3 Credits)
PHIL 1109.,Global Existentialism.,(3 Credits)
PHIL 1165W.,Philosophy and Literature.,(3 Credits)
PHIL 1175.,Ethical Issues in Health Care.,(3 Credits)
PHIL 2170W.,Bioethics and Human Rights in Cross-Cultural Perspective.,(3 Credits)
PHIL 2205.,Aesthetics.,(3 Credits)
PHIL 2208.,Epistemology.,(3 Credits)
PHIL 2210.,Metaphysics.,(3 Credits)
PHIL 2210W.,Metaphysics.,(3 Credits)
PHIL 2211Q.,Symbolic Logic I.,(3 Credits)
PHIL 2212.,Philosophy of Science.,(3 Credits)
PHIL 2212W.,Philosophy of Science.,(3 Credits)
PHIL 2215.,Ethics.,(3 Credits)
PHIL 2215W.,Ethics.,(3 Credits)
PHIL 2217.,Social and Political Philosophy.,(3 Credits)
PHIL 2221.,Ancient Greek Philosophy.,(3 Credits)
PHIL 2221W.,Ancient Greek Philosophy.,(3 Credits)
PHIL 2222.,Early Modern European Philosophy.,(3 Credits)
PHIL 2222W.,Early Modern European Philosophy.,(3 Credits)
PHIL 2410.,Know Thyself.,(3 Credits)
PHIL 3200.,Philosophical Issues in Contemporary Life.,(3 Credits)
PHIL 3202.,Data Ethics.,(3 Credits)
PHIL 3212E.,Philosophy and Global Climate Change.,(3 Credits)
PHIL 3214.,Symbolic Logic II.,(3 Credits)
PHIL 3216E.,Environmental Ethics.,(3 Credits)
PHIL 3218.,Feminist Theory.,(3 Credits)
PHIL 3219W.,Topics in Philosophy and Human Rights.,(3 Credits)
PHIL 3220W.,Philosophical Foundations of Human Rights.,(3 Credits)
PHIL 3224.,Nineteenth-Century Philosophy.,(3 Credits)
PHIL 3225W.,Analysis and Ordinary Language.,(3 Credits)
PHIL 3226.,Philosophy of Law.,(3 Credits)
PHIL 3228.,American Philosophy.,(3 Credits)
PHIL 3231.,Philosophy of Religion.,(3 Credits)
PHIL 3241.,Philosophy of Language.,(3 Credits)
PHIL 3247W.,Philosophy of Psychology.,(3 Credits)
PHIL 3250.,Philosophy of Mind.,(3 Credits)
PHIL 3250W.,Philosophy of Mind.,(3 Credits)
PHIL 3263.,Asian Philosophy.,(3 Credits)
PHIL 3264.,Classical Chinese Philosophy and Culture.,(3 Credits)
PHIL 3295.,Special Topics.,(1-6 Credits)
PHIL 3298.,Variable Topics.,(3 Credits)
PHIL 3299.,Independent Study.,(1-6 Credits)
PHIL 4293.,Foreign Study.,(1-6 Credits)
PHIL 4297W.,Senior Thesis in Philosophy.,(3 Credits)
PHIL 4995.,Special Topics.,(1-6 Credits)
PHIL 4998.,Variable Topics.,(3 Credits)
PHYS 1010Q.,Elements Of Physics.,(4 Credits)
PHYS 1020Q.,Introductory Astronomy.,(3 Credits)
PHYS 1025Q.,Introductory Astronomy with Laboratory.,(4 Credits)
PHYS 1030Q.,Physics of the Environment.,(3 Credits)
PHYS 1040QE.,Cosmic Origins of Life.,(3 Credits)
PHYS 1075Q.,Physics of Music.,(4 Credits)
PHYS 1201Q.,General Physics I.,(4 Credits)
PHYS 1202Q.,General Physics II.,(4 Credits)
PHYS 1230.,General Physics Problems.,(3 Credits)
PHYS 1401Q.,General Physics with Calculus I.,(4 Credits)
PHYS 1402Q.,General Physics with Calculus II.,(4 Credits)
PHYS 1501Q.,Physics for Engineers I.,(4 Credits)
PHYS 1502Q.,Physics for Engineers II.,(4 Credits)
PHYS 1600Q.,Introduction to Modern Physics.,(4 Credits)
PHYS 1601Q.,Fundamentals of Physics I.,(4 Credits)
PHYS 1602Q.,Fundamentals of Physics II.,(4 Credits)
PHYS 2200.,Computational Physics.,(3 Credits)
PHYS 2300.,The Development of Quantum Physics.,(3 Credits)
PHYS 2400.,Mathematical Methods for the Physical Sciences.,(3 Credits)
PHYS 2501W.,Advanced Undergraduate Laboratory.,(4 Credits)
PHYS 2701.,Foundations of Modern Astrophysics.,(3 Credits)
PHYS 2702.,Techniques of Modern Astrophysics.,(3 Credits)
PHYS 3101.,Mechanics I.,(3 Credits)
PHYS 3102.,Mechanics II.,(3 Credits)
PHYS 3150.,Electronics.,(3 Credits)
PHYS 3201.,Electricity and Magnetism I.,(3 Credits)
PHYS 3202.,Electricity and Magnetism II.,(3 Credits)
PHYS 3300.,Statistical and Thermal Physics.,(3 Credits)
PHYS 3401.,Quantum Mechanics I.,(3 Credits)
PHYS 3402.,Quantum Mechanics II.,(3 Credits)
PHYS 3501.,Modern Experimental Methods.,(3 Credits)
PHYS 3989.,Undergraduate Research.,(1-3 Credits)
PHYS 4093.,Foreign Study.,(1-3 Credits)
PHYS 4095.,Special Topics.,(1-3 Credits)
PHYS 4096W.,Research Thesis in Physics.,(3 Credits)
PHYS 4098.,Variable Topics.,(3 Credits)
PHYS 4099.,Independent Study.,(1-3 Credits)
PHYS 4100.,Physics of the Earth's Interior.,(3 Credits)
PHYS 4130.,Fundamentals of Planetary Science.,(3 Credits)
PHYS 4140.,Principles of Lasers.,(3 Credits)
PHYS 4150.,Optics.,(4 Credits)
PHYS 4210.,Introduction to Solid State Physics.,(3 Credits)
PHYS 4350.,Nuclei and Particles.,(3 Credits)
PHYS 4710.,Stars and Compact Objects.,(3 Credits)
PHYS 4720.,Galaxies and the Interstellar Medium.,(3 Credits)
PHYS 4730.,General Relativity and Cosmology.,(3 Credits)
PHYS 4740.,Advanced Methods in Astrophysics.,(3 Credits)
PNB 1000.,Introduction to Academic and Scientific Methods in Physiology and Neurobiology.,(2 Credits)
PNB 1195.,Special Topics.,(1-6 Credits)
PNB 1201.,Learning by Experiencing and Applying Physiological Principles I.,(1 Credit)
PNB 2201.,Learning by Experiencing and Applying Physiological Principles II.,(2 Credits)
PNB 2250.,Comparative Animal Physiology.,(3 Credits)
PNB 2264.,Human Physiology and Anatomy.,(4 Credits)
PNB 2265.,Human Physiology and Anatomy.,(4 Credits)
PNB 2274.,Enhanced Human Physiology and Anatomy.,(4 Credits)
PNB 2275.,Enhanced Human Physiology and Anatomy.,(4 Credits)
PNB 2774.,Enhanced Human Physiology and Anatomy I.,(4 Credits)
PNB 2775.,Enhanced Human Physiology and Anatomy II.,(4 Credits)
PNB 2776.,Enhanced Human Physiology and Anatomy Laboratory.,(2 Credits)
PNB 3120W.,Public Communication of Physiology and Neurobiology.,(3 Credits)
PNB 3178.,Introduction to Drosophila Models in Physiology and Neurobiology Research.,(2 Credits)
PNB 3179.,Molecular Physiology in Drosophila Models.,(2 Credits)
PNB 3180.,Field Study in Physiology and Neurobiology.,(1-4 Credits)
PNB 3251.,Biology of the Brain.,(3 Credits)
PNB 3252.,Physiological Model Systems.,(3 Credits)
PNB 3253W.,Current Topics in Molecular and Developmental Neurobiology.,(3 Credits)
PNB 3255.,Human Neuroanatomy.,(2 Credits)
PNB 3257.,Development of the Brain.,(3 Credits)
PNB 3260.,Stem Cell Biology.,(3 Credits)
PNB 3263WQ.,Investigations in Neurobiology.,(3 Credits)
PNB 3264W.,Molecular Principles of Physiology.,(4 Credits)
PNB 3265.,Comparative Endocrinology.,(3 Credits)
PNB 3270.,Molecular Endocrinology.,(3 Credits)
PNB 3275.,Biology of Synaptic Transmission.,(2 Credits)
PNB 3278.,Patient and the Healer.,(2 Credits)
PNB 3293.,Foreign Study.,(1-6 Credits)
PNB 3294.,Undergraduate Seminar.,(1-6 Credits)
PNB 3295.,Special Topics.,(1-6 Credits)
PNB 3296.,Undergraduate Research in Physiology and Neurobiology.,(1-4 Credits)
PNB 3298.,Variable Topics.,(3 Credits)
PNB 3299.,Independent Study.,(1-6 Credits)
PNB 3350.,Membrane Transport in Health and Disease.,(3 Credits)
PNB 3500.,Cardiorespiratory Physiology.,(2 Credits)
PNB 3700.,Sensory Physiology.,(3 Credits)
PNB 4296.,Honors Undergraduate Research In Physiology and Neurobiology.,(1-3 Credits)
PNB 4297W.,Senior Research Thesis in Physiology and Neurobiology.,(3 Credits)
PNB 4400.,Biology of Nervous System Diseases.,(3 Credits)
SAPL 101.,Environmental Sustainability of Food Production in Developed Countries.,(3 Credits)
SAPL 110.,Turfgrass Management.,(3 Credits)
SAPL 115.,Turfgrass Management Laboratory.,(1 Credit)
SAPL 120.,Introduction to Plant Science.,(4 Credits)
SAPL 130.,Introduction to the Horticulture of Cannabis.,(3 Credits)
SAPL 160.,"The Great American Lawn: History, Culture and Sustainability.",(3 Credits)
SAPL 210.,Golf Course Management.,(3 Credits)
SAPL 211.,Landscape Architecture: Graphics I - Design Drawing.,(4 Credits)
SAPL 230.,Principles of Turfgrass Irrigation Systems.,(3 Credits)
SAPL 240.,Professional Development for Turfgrass Industries.,(2 Credits)
SAPL 300.,Introduction to Soil Science.,(3 Credits)
SAPL 315.,Advanced Turfgrass Management.,(3 Credits)
SAPL 410.,"Woody Plants: Common Trees, Shrubs and Vines.",(3 Credits)
SAPL 430.,Herbaceous Ornamental Plants.,(3 Credits)
SAPL 440.,Small Fruit Production.,(3 Credits)
SAPL 500.,Principles and Concepts of Agroecology.,(3 Credits)
SAPL 520.,Floral Art.,(2 Credits)
SAPL 540.,Garden Center Management.,(3 Credits)
SAPL 550.,Urban Plant Systems: Construction and Maintenance.,(3 Credits)
SAPL 560.,Indoor Plants and Interiorscaping.,(3 Credits)
SAPL 620.,Vegetable Production.,(4 Credits)
SAPL 640.,Plant Propagation.,(3 Credits)
SAPL 660.,Nursery Production.,(3 Credits)
SAPL 670.,Greenhouse Technology and Operations.,(3 Credits)
SAPL 675.,Greenhouse Management Field Study.,(1 Credit)
SAPL 680.,Advanced Cannabis Horticulture.,(3 Credits)
SAPL 810.,Plant Pest Control.,(3 Credits)
SAPL 840.,Integrated Pest Management.,(3 Credits)
SAPL 991.,Internship.,(1-6 Credits)
SAPL 995.,Special Topics.,(1-6 Credits)
SAPL 999.,Independent Study.,(1-6 Credits)
PLSH 1193.,Foreign Study.,(1-6 Credits)
PLSH 3293.,Foreign Study.,(1-6 Credits)
PLSH 3295.,Special Topics.,(1-6 Credits)
PLSH 3298.,Variable Topics.,(3 Credits)
PLSH 3299.,Independent Study.,(1-6 Credits)
POLS 1002.,Introduction to Political Theory.,(3 Credits)
POLS 1202.,Introduction to Comparative Politics.,(3 Credits)
POLS 1207.,Introduction to Nonwestern Politics.,(3 Credits)
POLS 1402.,Introduction to International Relations.,(3 Credits)
POLS 1402W.,Introduction to International Relations.,(3 Credits)
POLS 1602.,Introduction to American Politics.,(3 Credits)
POLS 1602W.,Introduction to American Politics.,(3 Credits)
POLS 1996.,Introduction to Research.,(1-4 Credits)
POLS 2023.,Political Theory in Film.,(3 Credits)
POLS 2062.,Privacy in the Information Age.,(3 Credits)
POLS 2062W.,Privacy in the Information Age.,(3 Credits)
POLS 2072Q.,Quantitative Analysis in Political Science.,(3 Credits)
POLS 2073Q.,Advanced Quantitative Methods in Political Science.,(3 Credits)
POLS 2221.,Introduction to Government and Politics in the Middle East and North Africa.,(3 Credits)
POLS 2221W.,Introduction to Government and Politics in the Middle East and North Africa.,(3 Credits)
POLS 2222.,Political Institutions and Behavior in Western Europe.,(3 Credits)
POLS 2429.,Political Violence.,(3 Credits)
POLS 2450.,Nuclear Security.,(3 Credits)
POLS 2460E.,Maritime Politics.,(3 Credits)
POLS 2602W.,Religion and Politics in America.,(3 Credits)
POLS 2607.,American Political Parties.,(3 Credits)
POLS 2607W.,American Political Parties.,(3 Credits)
POLS 2622.,State and Local Government.,(3 Credits)
POLS 2803W.,Legal Reasoning and Writing.,(3 Credits)
POLS 2807.,Women and the Law.,(3 Credits)
POLS 2807W.,Women and the Law.,(3 Credits)
POLS 2827W.,Criminal Justice in Practice.,(3 Credits)
POLS 2995.,Special Topics in Political Issues.,(3 Credits)
POLS 2996.,Directed Research I.,(1-4 Credits)
POLS 2998.,Variable Topics in Contemporary Political Issues.,(3 Credits)
POLS 2998W.,Variable Topics in Contemporary Political Issues.,(3 Credits)
POLS 3002.,Classical and Medieval Political Theory.,(3 Credits)
POLS 3012.,Modern Political Theory.,(3 Credits)
POLS 3017.,Contemporary Political Theory.,(3 Credits)
POLS 3019W.,Black Political Thought.,(3 Credits)
POLS 3022W.,Western Marxist Tradition.,(3 Credits)
POLS 3025.,Political Theory and Popular Music.,(3 Credits)
POLS 3027W.,Historical Women Political Thinkers.,(3 Credits)
POLS 3032.,American Political Thought and Ideology.,(3 Credits)
POLS 3040.,"Power, Politics and Art.",(3 Credits)
POLS 3042.,Theories of Human Rights.,(3 Credits)
POLS 3062.,Democratic Theory.,(3 Credits)
POLS 3072.,Political Protest and Ideology.,(3 Credits)
POLS 3082.,Critical Race Theory as Political Theory.,(3 Credits)
POLS 3202.,Comparative Political Parties and Electoral Systems.,(3 Credits)
POLS 3202W.,Comparative Political Parties and Electoral Systems.,(3 Credits)
POLS 3203.,Environmental Policy and Institutions.,(3 Credits)
POLS 3205.,Voting Behavior and Public Opinion Around the World.,(3 Credits)
POLS 3206.,Comparative Political Economy.,(3 Credits)
POLS 3208W.,Politics of Oil.,(3 Credits)
POLS 3209.,Sustainable Energy in the 21st Century.,(3 Credits)
POLS 3212.,Comparative Perspectives on Human Rights.,(3 Credits)
POLS 3214.,Comparative Social Policy.,(3 Credits)
POLS 3216.,Women in Political Development.,(3 Credits)
POLS 3228.,Politics of Russia and the Former Soviet Union.,(3 Credits)
POLS 3235.,Latin American Politics.,(3 Credits)
POLS 3245.,Chinese Politics and Economy.,(3 Credits)
POLS 3247.,Gender and War.,(3 Credits)
POLS 3249.,Gender Politics and Islam.,(3 Credits)
POLS 3250.,The Political Economy of East Asia.,(3 Credits)
POLS 3250W.,The Political Economy of East Asia.,(3 Credits)
POLS 3252.,Politics In Africa.,(3 Credits)
POLS 3256.,Politics and Human Rights in Global Supply Chains.,(3 Credits)
POLS 3256W.,Politics and Human Rights in Global Supply Chains.,(3 Credits)
POLS 3402.,Contemporary International Politics.,(3 Credits)
POLS 3406.,Globalization and Political Change.,(3 Credits)
POLS 3406W.,Globalization and Political Change.,(3 Credits)
POLS 3410.,International Political Economy.,(3 Credits)
POLS 3412.,Global Environmental Politics.,(3 Credits)
POLS 3413.,International Security.,(3 Credits)
POLS 3413W.,International Security.,(3 Credits)
POLS 3414.,National and International Security.,(3 Credits)
POLS 3418.,International Organizations and Law.,(3 Credits)
POLS 3418W.,International Organizations and Law.,(3 Credits)
POLS 3426.,"Politics, Propaganda, and Cinema.",(3 Credits)
POLS 3428.,The Politics of Torture.,(3 Credits)
POLS 3430.,Evaluating Human Rights Practices of Countries.,(3 Credits)
POLS 3434W.,Honors Core: Excavating the International in Everyday Practices.,(3 Credits)
POLS 3437.,Recent American Diplomacy.,(3 Credits)
POLS 3442.,The Politics of American Foreign Policy.,(3 Credits)
POLS 3450.,War and Technological Change.,(3 Credits)
POLS 3462.,International Relations of the Middle East.,(3 Credits)
POLS 3464.,Arab-Israeli Conflict.,(3 Credits)
POLS 3464W.,Arab-Israeli Conflict.,(3 Credits)
POLS 3600.,Making the Modern American Presidency.,(3 Credits)
POLS 3601.,Modern American Presidency.,(3 Credits)
POLS 3602.,The Presidency and Congress.,(3 Credits)
POLS 3603WQ.,Congressional Apportionment and Redistricting.,(3 Credits)
POLS 3604.,Congress in Theory and Practice.,(3 Credits)
POLS 3606.,How to Fix an Election: The Politics of Election Administration in the United States.,(3 Credits)
POLS 3608.,"The Art, Science, and Business of Political Campaigns.",(3 Credits)
POLS 3610W.,American Politics in Film.,(3 Credits)
POLS 3612.,Electoral Behavior.,(3 Credits)
POLS 3613.,Congressional Elections.,(3 Credits)
POLS 3617.,American Political Economy.,(3 Credits)
POLS 3618.,Politics of Inequality.,(3 Credits)
POLS 3622.,American Political Leadership.,(3 Credits)
POLS 3625.,Public Opinion.,(3 Credits)
POLS 3625W.,Public Opinion.,(3 Credits)
POLS 3627.,Connecticut State and Municipal Politics.,(3 Credits)
POLS 3628.,Connecticut General Assembly.,(3 Credits)
POLS 3632.,Urban Politics.,(3 Credits)
POLS 3632W.,Urban Politics.,(3 Credits)
POLS 3633.,Race and Policy.,(3 Credits)
POLS 3642.,African-American Politics.,(3 Credits)
POLS 3647.,Black Leadership and Civil Rights.,(3 Credits)
POLS 3652.,Black Feminist Politics.,(3 Credits)
POLS 3662.,Latino Political Behavior.,(3 Credits)
POLS 3667.,Puerto Rican Politics and Culture.,(3 Credits)
POLS 3672.,Women and Politics.,(3 Credits)
POLS 3675.,Practicum in Campaigns and Elections in the United States.,(4 Credits)
POLS 3710.,Political Science Fiction.,(3 Credits)
POLS 3802.,Constitutional Law.,(3 Credits)
POLS 3807.,Constitutional Rights and Liberties.,(3 Credits)
POLS 3812.,Judiciary in the Political Process.,(3 Credits)
POLS 3815.,United States Constitutional Dictatorships.,(3 Credits)
POLS 3817.,Law and Society.,(3 Credits)
POLS 3822.,Law and Popular Culture.,(3 Credits)
POLS 3822W.,Law and Popular Culture.,(3 Credits)
POLS 3827.,Politics of Crime and Justice.,(3 Credits)
POLS 3832.,Maritime Law.,(3 Credits)
POLS 3834.,Immigration and Transborder Politics.,(3 Credits)
POLS 3842.,Public Administration.,(3 Credits)
POLS 3847.,The Policy-making Process.,(3 Credits)
POLS 3857.,"Politics, Society, and Education Policy.",(3 Credits)
POLS 3991.,Supervised Field Work.,(1-12 Credits)
POLS 3993.,Foreign Study.,(1-15 Credits)
POLS 3995.,Special Topics.,(1-3 Credits)
POLS 3996.,Directed Research II.,(1-4 Credits)
POLS 3999.,Independent Study.,(1-6 Credits)
POLS 4894.,Political Science Colloquium.,(1 Credit)
POLS 4994.,Senior Seminar.,(3 Credits)
POLS 4997W.,Senior Thesis.,(3 Credits)
PORT 1101.,Elementary Portuguese I.,(4 Credits)
PORT 1102.,Elementary Portuguese II.,(4 Credits)
PORT 1103.,Intermediate Portuguese I.,(4 Credits)
PORT 1104.,Intermediate Portuguese II.,(4 Credits)
PORT 1193.,Foreign Study.,(1-6 Credits)
PORT 3293.,Foreign Study.,(1-6 Credits)
PORT 3295.,Special Topics.,(1-6 Credits)
PORT 3298.,Variable Topics.,(3 Credits)
PORT 3299.,Independent Study.,(1-6 Credits)
PSYC 1100.,General Psychology I.,(3 Credits)
PSYC 1101.,General Psychology II.,(3 Credits)
PSYC 1103.,General Psychology II (Enhanced).,(4 Credits)
PSYC 2100Q.,Principles of Research in Psychology.,(4 Credits)
PSYC 2100WQ.,Principles of Research in Psychology.,(4 Credits)
PSYC 2101.,Introduction to Multicultural Psychology.,(3 Credits)
PSYC 2110.,Psychology of Human Sexuality.,(3 Credits)
PSYC 2200.,Physiological Psychology.,(3 Credits)
PSYC 2201.,Drugs And Behavior.,(3 Credits)
PSYC 2208.,Sensory Systems Neuroscience.,(3 Credits)
PSYC 2209.,Learning and Memory: From Brain to Behavior.,(3 Credits)
PSYC 2300.,Abnormal Psychology.,(3 Credits)
PSYC 2301.,The Study of Personality.,(3 Credits)
PSYC 2400.,Developmental Psychology.,(3 Credits)
PSYC 2500.,Learning.,(3 Credits)
PSYC 2501.,Cognitive Psychology.,(3 Credits)
PSYC 2502.,Science of Learning and Art of Scientific Communication.,(3 Credits)
PSYC 2600.,Industrial/Organizational Psychology.,(3 Credits)
PSYC 2700.,Social Psychology.,(3 Credits)
PSYC 2701.,Social Psychology of Multiculturalism.,(3 Credits)
PSYC 3100.,The History and Systems of Psychology.,(3 Credits)
PSYC 3100W.,The History and Systems of Psychology.,(3 Credits)
PSYC 3101.,Psychological Testing.,(3 Credits)
PSYC 3102.,Psychology of Women.,(3 Credits)
PSYC 3104E.,Environmental Psychology.,(3 Credits)
PSYC 3105.,Health Psychology.,(3 Credits)
PSYC 3106.,Black Psychology.,(3 Credits)
PSYC 3107.,Latinx Psychology.,(3 Credits)
PSYC 3201.,Animal Behavior.,(3 Credits)
PSYC 3241.,Motivation and Emotion.,(3 Credits)
PSYC 3250W.,Laboratory in Animal Behavior and Learning.,(3 Credits)
PSYC 3251.,Laboratory in Physiological Psychology.,(3 Credits)
PSYC 3252.,Drugs and Behavior Laboratory.,(3 Credits)
PSYC 3253.,Sensory Neuroscience Laboratory.,(3 Credits)
PSYC 3270.,Current Topics in Behavioral Neuroscience.,(3 Credits)
PSYC 3300.,Abnormal Child Psychology.,(3 Credits)
PSYC 3301.,Introduction to Clinical Psychology.,(3 Credits)
PSYC 3370W.,Current Topics in Clinical Psychology.,(3 Credits)
PSYC 3405.,Social Development.,(3 Credits)
PSYC 3440.,Developmental Cognitive Neuroscience.,(3 Credits)
PSYC 3450W.,Laboratory in Developmental Psychology.,(4 Credits)
PSYC 3470.,Current Topics in Developmental Psychology.,(3 Credits)
PSYC 3470W.,Current Topics in Developmental Psychology.,(3 Credits)
PSYC 3500.,The Psychology of Language.,(3 Credits)
PSYC 3501.,Sensation and Perception.,(3 Credits)
PSYC 3502.,Psychology of Consciousness.,(3 Credits)
PSYC 3503.,Computer Modeling of Cognitive Processes.,(3 Credits)
PSYC 3504.,Music Perception and Cognition.,(3 Credits)
PSYC 3550W.,Laboratory in Cognition.,(3 Credits)
PSYC 3552.,Laboratory in Sensation and Perception.,(3 Credits)
PSYC 3600.,Social-Organizational Psychology.,(3 Credits)
PSYC 3601.,Human Factors Design.,(3 Credits)
PSYC 3644.,Occupational Health Psychology.,(3 Credits)
PSYC 3701W.,Psychology of the Arts.,(3 Credits)
PSYC 3750.,Laboratory in Social Psychology.,(3 Credits)
PSYC 3750W.,Laboratory in Social Psychology.,(3 Credits)
PSYC 3770.,Current Topics in Social Psychology.,(3 Credits)
PSYC 3770W.,Current Topics in Social Psychology.,(3 Credits)
PSYC 3771.,Prejudice and Conflict.,(3 Credits)
PSYC 3880.,Field Experience.,(1-6 Credits)
PSYC 3883.,Foreign Study.,(1-6 Credits)
PSYC 3884.,Seminar in Psychology.,(3 Credits)
PSYC 3885.,Special Topics.,(1-6 Credits)
PSYC 3889.,Undergraduate Research.,(1-6 Credits)
PSYC 3899.,Independent Study.,(1-6 Credits)
PSYC 4197W.,Senior Thesis in Psychology.,(3 Credits)
PUBH 1001.,Introduction to Public Health.,(3 Credits)
PUBH 3001.,Introduction to Epidemiology.,(3 Credits)
PUBH 3303.,"Disability Law, Policy, Ethics, and Advocacy.",(3 Credits)
PP 1001.,Introduction to Public Policy.,(3 Credits)
PP 2100.,Survey Research Methods.,(3 Credits)
PP 3020W.,Cases in Public Policy.,(3 Credits)
PP 3030.,Public Opinion.,(3 Credits)
PP 3030W.,Public Opinion.,(3 Credits)
PP 3032.,Budgeting in Public Service Organizations.,(3 Credits)
PP 3033.,Race and Policy.,(3 Credits)
PP 3091.,Internship.,(1-12 Credits)
PP 3098.,Public Policy Issues.,(3 Credits)
PP 3099.,Independent Study.,(1-9 Credits)
PP 3203.,Environmental Policy and Institutions.,(3 Credits)
PP 4034.,Social Policy.,(3 Credits)
PP 4095.,Special Topics.,(1-6 Credits)
PP 4346.,Child and Family Policy.,(3 Credits)
RUSS 1193.,Foreign Study.,(1-6 Credits)
RUSS 3293.,Foreign Study.,(1-6 Credits)
RUSS 3295.,Special Topics.,(1-6 Credits)
RUSS 3298.,Variable Topics.,(3 Credits)
RUSS 3299.,Independent Study.,(1-6 Credits)
SOWK 2995.,Special Topics in Social Work.,(1-3 Credits)
SOWK 3000.,The Social Work Profession and Practice.,(3 Credits)
SOWK 3100.,Human Behavior and Social Environment I.,(3 Credits)
SOWK 3101.,Human Behavior and Social Environment II.,(3 Credits)
SOWK 3200.,Social Welfare Policy and Services.,(3 Credits)
SOWK 3201.,Advocacy for Social Policy Change.,(3 Credits)
SOWK 3250.,Understanding Social Justice and Diversity through Intergroup Dialogue.,(3 Credits)
SOWK 3350.,Research Methods for Social Work Practice.,(3 Credits)
SOWK 3501.,Social Work Practice with Individuals and Families.,(3 Credits)
SOWK 3502.,Social Work Practice with Groups.,(3 Credits)
SOWK 3503.,Social Work Practice with Communities and Organizations.,(3 Credits)
SOWK 3700.,Field Education I.,(3 Credits)
SOWK 3701.,Field Education II.,(3 Credits)
SOWK 3800.,Field Seminar I.,(3 Credits)
SOWK 3801.,Field Seminar II.,(3 Credits)
SOWK 3993.,Foreign Study.,(1-15 Credits)
SOWK 3995.,Special Topics in Social Work.,(1-6 Credits)
SOWK 3998.,Variable Topics in Social Work.,(1-6 Credits)
SOWK 3999.,Independent Study.,(1-6 Credits)
SOWK 4100W.,Senior Seminar in Social Work.,(4 Credits)
SOWK 4985.,Special Topics.,(1-6 Credits)
SOCI 1001.,Introduction to Sociology.,(3 Credits)
SOCI 1001W.,Introduction to Sociology.,(3 Credits)
SOCI 1251.,Social Problems.,(3 Credits)
SOCI 1251W.,Social Problems.,(3 Credits)
SOCI 1501.,"Race, Class, and Gender.",(3 Credits)
SOCI 1501W.,"Race, Class, and Gender.",(3 Credits)
SOCI 1701.,Society in Global Perspective.,(3 Credits)
SOCI 1701W.,Society in Global Perspective.,(3 Credits)
SOCI 1993.,Foreign Study.,(1-15 Credits)
SOCI 1996.,Introduction to Research.,(3 Credits)
SOCI 2101.,Sports and Society.,(3 Credits)
SOCI 2110.,Sociology of Education.,(3 Credits)
SOCI 2110W.,Sociology of Education.,(3 Credits)
SOCI 2198.,Topics in the Sociology of Culture.,(3 Credits)
SOCI 2198W.,Topics in the Sociology of Culture.,(3 Credits)
SOCI 2200.,Introducing India: Diversity and Dynamism.,(3 Credits)
SOCI 2200W.,Introducing India: Diversity and Dynamism.,(3 Credits)
SOCI 2210.,Sociological Perspectives on Asian American Women.,(3 Credits)
SOCI 2210W.,Sociological Perspectives on Asian American Women.,(3 Credits)
SOCI 2220.,Asian Indian Women: Activism and Social Change in India and the United States.,(3 Credits)
SOCI 2220W.,Asian Indian Women: Activism and Social Change in India and the United States.,(3 Credits)
SOCI 2240.,Sociology of Race and Religion.,(3 Credits)
SOCI 2240W.,Sociology of Race and Religion.,(3 Credits)
SOCI 2260.,"Science, Medicine, and Race.",(3 Credits)
SOCI 2260W.,"Science, Medicine, and Race.",(3 Credits)
SOCI 2271.,The Social Construction of Happiness.,(3 Credits)
SOCI 2275.,Social Well-Being.,(3 Credits)
SOCI 2275W.,Social Well-Being.,(3 Credits)
SOCI 2280.,Sociology of Mental Illness.,(3 Credits)
SOCI 2280W.,Sociology of Mental Illness.,(3 Credits)
SOCI 2301.,Criminology.,(3 Credits)
SOCI 2301W.,Criminology.,(3 Credits)
SOCI 2305.,Deviant Behavior.,(3 Credits)
SOCI 2305W.,Deviant Behavior.,(3 Credits)
SOCI 2310.,Introduction to Criminal Justice.,(3 Credits)
SOCI 2315.,Guns and Society.,(3 Credits)
SOCI 2320.,Drugs and Society.,(3 Credits)
SOCI 2320W.,Drugs and Society.,(3 Credits)
SOCI 2411.,Work and Occupations.,(3 Credits)
SOCI 2461.,"Race, Gender, and U.S. Health Care.",(3 Credits)
SOCI 2501.,Sociology of Intolerance and Injustice.,(3 Credits)
SOCI 2501W.,Sociology of Intolerance and Injustice.,(3 Credits)
SOCI 2503.,Prejudice and Discrimination.,(3 Credits)
SOCI 2509W.,Sociology of Anti-Semitism.,(3 Credits)
SOCI 2510.,Ethnicity and Race.,(3 Credits)
SOCI 2510W.,Ethnicity and Race.,(3 Credits)
SOCI 2520.,White Racism.,(3 Credits)
SOCI 2530.,African Americans and Social Protest.,(3 Credits)
SOCI 2651.,Sociology of the Family.,(3 Credits)
SOCI 2651W.,Sociology of the Family.,(3 Credits)
SOCI 2655.,Sociology of Carework.,(3 Credits)
SOCI 2655W.,Sociology of Carework.,(3 Credits)
SOCI 2660.,Sociology of Health.,(3 Credits)
SOCI 2660W.,Sociology of Health.,(3 Credits)
SOCI 2670.,Sociology of Religion.,(3 Credits)
SOCI 2670W.,Sociology of Religion.,(3 Credits)
SOCI 2680.,Sociology of Sexualities.,(3 Credits)
SOCI 2680W.,Sociology of Sexualities.,(3 Credits)
SOCI 2701E.,Sustainable Societies.,(3 Credits)
SOCI 2705E.,Sociology of Food.,(3 Credits)
SOCI 2707.,"Energy, Environment, and Society.",(3 Credits)
SOCI 2707W.,"Energy, Environment, and Society.",(3 Credits)
SOCI 2709E.,Society and Climate Change.,(3 Credits)
SOCI 2709WE.,Society and Climate Change.,(3 Credits)
SOCI 2720E.,"Environmental Racism, Colonialism and Justice.",(3 Credits)
SOCI 2720WE.,"Environmental Racism, Colonialism and Justice.",(3 Credits)
SOCI 2800.,Human Rights in the United States.,(3 Credits)
SOCI 2800W.,Human Rights in the United States.,(3 Credits)
SOCI 2820.,Sociological Perspectives on Poverty.,(3 Credits)
SOCI 2830.,"Class, Power, and Inequality.",(3 Credits)
SOCI 2835.,Social Movements and Social Change.,(3 Credits)
SOCI 2835W.,Social Movements and Social Change.,(3 Credits)
SOCI 2841.,Public Opinion and Mass Communication.,(3 Credits)
SOCI 2845.,Sociology of Global Human Rights.,(3 Credits)
SOCI 2898.,Topics in Sociology and Human Rights.,(3 Credits)
SOCI 2901.,Urban Sociology.,(3 Credits)
SOCI 2901W.,Urban Sociology.,(3 Credits)
SOCI 2907.,City Life.,(3 Credits)
SOCI 2993.,Foreign Study.,(1-15 Credits)
SOCI 2995.,Special Topics.,(1-3 Credits)
SOCI 2996.,Directed Research I.,(1-6 Credits)
SOCI 2998.,Variable Topics.,(1-3 Credits)
SOCI 3201.,Methods of Social Research.,(3 Credits)
SOCI 3211Q.,Quantitative Methods in Social Research.,(4 Credits)
SOCI 3251.,Social Theory.,(3 Credits)
SOCI 3251W.,Social Theory.,(3 Credits)
SOCI 3425.,Social Welfare and Social Work.,(3 Credits)
SOCI 3453.,Women and Health.,(3 Credits)
SOCI 3453W.,Women and Health.,(3 Credits)
SOCI 3459W.,Aging and Society.,(3 Credits)
SOCI 3507.,Race and Reproduction.,(3 Credits)
SOCI 3525.,Latino Sociology.,(3 Credits)
SOCI 3525W.,Latino Sociology.,(3 Credits)
SOCI 3601.,Sociology of Gender.,(3 Credits)
SOCI 3601W.,Sociology of Gender.,(3 Credits)
SOCI 3801.,Political Sociology.,(3 Credits)
SOCI 3801W.,Political Sociology.,(3 Credits)
SOCI 3823.,The Sociology of Law: Global and Comparative Perspectives.,(3 Credits)
SOCI 3823W.,The Sociology of Law: Global and Comparative Perspectives.,(3 Credits)
SOCI 3903.,Urban Problems.,(3 Credits)
SOCI 3903W.,Urban Problems.,(3 Credits)
SOCI 3971.,Population.,(3 Credits)
SOCI 3971W.,Population.,(3 Credits)
SOCI 3990.,Internship: Field Experience.,(1-6 Credits)
SOCI 3991.,Internship: Research Paper.,(1-2 Credits)
SOCI 3991W.,Internship: Research Paper.,(1-2 Credits)
SOCI 3993.,Foreign Study.,(1-6 Credits)
SOCI 3995.,Special Topics.,(1-6 Credits)
SOCI 3996W.,Senior Thesis in Sociology.,(3 Credits)
SOCI 3999.,Independent Study.,(1-6 Credits)
SPAN 1001.,Elementary Spanish I.,(4 Credits)
SPAN 1002.,Elementary Spanish II.,(4 Credits)
SPAN 1003.,Intermediate Spanish I.,(4 Credits)
SPAN 1004.,Intermediate Spanish II.,(4 Credits)
SPAN 1007.,Major Works of Hispanic Literature in Translation.,(3 Credits)
SPAN 1008.,"Christians, Muslims and Jews in Medieval Spain.",(3 Credits)
SPAN 1009.,"Latino Literature, Culture, and Society.",(3 Credits)
SPAN 1009W.,"Latino Literature, Culture, and Society.",(3 Credits)
SPAN 1010.,Contemporary Spanish Culture and Society through Film.,(3 Credits)
SPAN 1020.,"Intersections of Art, Fashion, Film, and Music in Modern Spain.",(3 Credits)
SPAN 1193.,Foreign Study.,(1-6 Credits)
SPAN 3101.,Spanish for Engineering I.,(1 Credit)
SPAN 3102.,Spanish for Engineering II.,(1 Credit)
SPAN 3103.,Spanish for Engineering III.,(1 Credit)
SPAN 3170.,Business Spanish.,(3 Credits)
SPAN 3172.,Spanish for the Health Professions.,(3 Credits)
SPAN 3177.,Composition and Reading for Speakers of Spanish.,(3 Credits)
SPAN 3178.,Intermediate Spanish Composition.,(3 Credits)
SPAN 3179.,Spanish Conversation: Cultural Topics.,(3 Credits)
SPAN 3200.,Spanish Civilization to the Modern Period.,(3 Credits)
SPAN 3201.,Ibero-American Civilization and Culture.,(3 Credits)
SPAN 3204.,Language and Culture of U.S. Hispanics.,(3 Credits)
SPAN 3205.,Contemporary Spanish America.,(3 Credits)
SPAN 3206.,Contemporary Spain.,(3 Credits)
SPAN 3207.,Women's Studies in Spanish.,(3 Credits)
SPAN 3208.,Issues in Hispanic Thought.,(3 Credits)
SPAN 3214.,Topics in Hispanic Cultures.,(3 Credits)
SPAN 3230.,Introduction to Literary Study.,(3 Credits)
SPAN 3231.,Great Works of Spanish Literature from its Origins to the Golden Age.,(3 Credits)
SPAN 3232.,Literature of Crisis in Modern Spain.,(3 Credits)
SPAN 3234.,Great Works of Modern Spanish-American Literature.,(3 Credits)
SPAN 3240W.,Advanced Spanish Composition.,(3 Credits)
SPAN 3241.,Spanish Phonetics.,(3 Credits)
SPAN 3242.,Spanish Communicative Grammar.,(3 Credits)
SPAN 3250.,Film in Spain and Latin America.,(3 Credits)
SPAN 3251.,Latin American Film.,(3 Credits)
SPAN 3252.,Spanish Film.,(3 Credits)
SPAN 3254.,Special Topics in Latin American National Cinemas.,(3 Credits)
SPAN 3260.,Studies in Spanish-American Literature.,(3 Credits)
SPAN 3262.,Studies in Spanish Golden Age Literature.,(3 Credits)
SPAN 3263.,Studies in Spanish Literature of the Eighteenth and Nineteenth Centuries.,(3 Credits)
SPAN 3264.,Studies in Spanish Literature of the Twentieth Century.,(3 Credits)
SPAN 3265.,Literature of Puerto Rico and the Spanish Caribbean.,(3 Credits)
SPAN 3267W.,The Spanish-American Short Story.,(3 Credits)
SPAN 3281.,Spanish Internship.,(1-6 Credits)
SPAN 3293.,Foreign Study.,(1-7 Credits)
SPAN 3294.,Topics in Human Rights in Central America.,(3 Credits)
SPAN 3295.,Special Topics.,(1-6 Credits)
SPAN 3298.,Variable Topics.,(3 Credits)
SPAN 3299.,Independent Study.,(1-6 Credits)
SPAN 4200W.,Senior Seminar for Spanish Majors: Selected Topics in Hispanic Literature.,(3 Credits)
SLHS 1150.,Introduction to Communication Disorders.,(3 Credits)
SLHS 1150W.,Introduction to Communication Disorders.,(3 Credits)
SLHS 2156Q.,Speech and Hearing Science.,(3 Credits)
SLHS 2203.,"Anatomy and Physiology of Speech, Hearing, and Swallowing.",(3 Credits)
SLHS 2204.,Speech and Language Acquisition.,(3 Credits)
SLHS 3247.,Introduction to Phonetic Principles.,(3 Credits)
SLHS 3248.,Introduction to Audiology.,(3 Credits)
SLHS 3293.,Foreign Study.,(1-6 Credits)
SLHS 3295.,Special Topics.,(1-6 Credits)
SLHS 3298.,Variable Topics.,(3 Credits)
SLHS 3299.,Independent Study.,(1-6 Credits)
SLHS 4123.,Bilingualism in Typical and Atypical Populations: Language and Cognition.,(3 Credits)
SLHS 4245.,Neuroscience of Cognitive and Communication Disorders.,(3 Credits)
SLHS 4245W.,Neuroscience of Cognitive and Communication Disorders.,(4 Credits)
SLHS 4249.,Introduction to Aural Rehabilitation.,(3 Credits)
SLHS 4249W.,Introduction to Aural Rehabilitation.,(4 Credits)
SLHS 4251.,"Introduction to Articulation, Voice, and Fluency Disorders.",(3 Credits)
SLHS 4254.,Introduction to Language Disorders in Children.,(3 Credits)
SLHS 4254W.,Introduction to Language Disorders in Children.,(4 Credits)
SLHS 4296W.,Senior Thesis.,(1-6 Credits)
DSDA 1995.,Special Topics.,(1-4 Credits)
DSDA 4815.,Applied Data Analysis Capstone.,(3 Credits)
STAT 1000Q.,Introduction to Statistics I.,(4 Credits)
STAT 1100Q.,Elementary Concepts of Statistics.,(4 Credits)
STAT 2215Q.,Introduction to Statistics II.,(3 Credits)
STAT 2255.,Statistical Programming.,(3 Credits)
STAT 3005.,Biostatistics for Health Professions.,(3 Credits)
STAT 3025Q.,Statistical Methods.,(3 Credits)
STAT 3115Q.,Analysis of Experiments.,(3 Credits)
STAT 3215Q.,Applied Linear Regression in Data Science.,(3 Credits)
STAT 3255.,Introduction to Data Science.,(3 Credits)
STAT 3345Q.,Probability Models for Engineers.,(3 Credits)
STAT 3375Q.,Introduction to Mathematical Statistics I.,(3 Credits)
STAT 3445.,Introduction to Mathematical Statistics II.,(3 Credits)
STAT 3494W.,Undergraduate Seminar.,(1 Credit)
STAT 3515Q.,Design of Experiments.,(3 Credits)
STAT 3675Q.,Statistical Computing.,(4 Credits)
STAT 3965.,Elementary Stochastic Processes.,(3 Credits)
STAT 4185.,Special Topics.,(1-6 Credits)
STAT 4188.,Variable Topics.,(1-6 Credits)
STAT 4190.,Field Study Internship.,(1-3 Credits)
STAT 4255.,Introduction to Statistical Learning.,(3 Credits)
STAT 4299.,Independent Study.,(1-6 Credits)
STAT 4389.,Undergraduate Research.,(3 Credits)
STAT 4525.,Sampling Theory.,(3 Credits)
STAT 4625.,Introduction to Biostatistics.,(3 Credits)
STAT 4825.,Applied Time Series.,(3 Credits)
STAT 4845.,Applied Spatio-Temporal Statistics.,(3 Credits)
STAT 4875.,Nonparametric Methods.,(3 Credits)
STAT 4915.,Data Science in Action.,(3 Credits)
STAT 4916W.,Writing in Data Science.,(1 Credit)
SPSS 1060E.,"The Great American Lawn: History, Culture, and Sustainability.",(3 Credits)
SPSS 1100.,Turfgrass Management.,(3 Credits)
SPSS 1110.,Fundamentals of Horticulture.,(3 Credits)
SPSS 1115.,Turfgrass Management Lab.,(1 Credit)
SPSS 1120.,Introduction to Plant Science.,(4 Credits)
SPSS 1125E.,"Insects, Food and Culture.",(3 Credits)
SPSS 1150.,Agricultural Technology and Society.,(3 Credits)
SPSS 1300.,Introduction to Soil Science.,(3 Credits)
SPSS 2100E.,Environmental Sustainability of Food Production in Developed Countries.,(3 Credits)
SPSS 2110W.,Sustainable Plant Pest Management Communication.,(1 Credit)
SPSS 2120.,Environmental Soil Science.,(3 Credits)
SPSS 2125.,Soils Lab.,(1 Credit)
SPSS 2130.,Introduction to the Horticulture of Cannabis.,(3 Credits)
SPSS 2210.,Golf Course Management.,(3 Credits)
SPSS 2430.,Herbaceous Ornamental Plants.,(3 Credits)
SPSS 2500E.,Principles and Concepts of Agroecology.,(3 Credits)
SPSS 2520.,Floral Art.,(2 Credits)
SPSS 2560W.,Written Communications in Horticulture.,(1 Credit)
SPSS 3081.,Summer Internship Experience.,(0 Credits)
SPSS 3150.,Advanced Turfgrass Management.,(3 Credits)
SPSS 3210.,Molecular Laboratory Technology.,(3 Credits)
SPSS 3230.,"Biotechnology - Science, Application, Impact, Perception.",(3 Credits)
SPSS 3245.,Plant Breeding and Biotechnology.,(3 Credits)
SPSS 3255.,Modern and Traditional Plant Breeding Techniques.,(3 Credits)
SPSS 3300.,Principles of Turfgrass Irrigation Systems.,(3 Credits)
SPSS 3400.,Professional Development for Turfgrass Industries.,(2 Credits)
SPSS 3410.,"Woody Plants: Common Trees, Shrubs and Vines.",(3 Credits)
SPSS 3420.,Soil Chemistry Components.,(4 Credits)
SPSS 3440.,Small Fruit Production.,(3 Credits)
SPSS 3530.,Advanced Floral Design.,(2 Credits)
SPSS 3540.,Garden Center Management.,(3 Credits)
SPSS 3550.,Urban Plant Systems Construction and Maintenance.,(3 Credits)
SPSS 3560.,Indoor Plants and Interiorscaping.,(3 Credits)
SPSS 3610.,Organic and Sustainable Vegetable Production.,(4 Credits)
SPSS 3620.,Soil Fertility.,(3 Credits)
SPSS 3640.,Plant Propagation.,(3 Credits)
SPSS 3660.,Nursery Production.,(3 Credits)
SPSS 3660W.,Nursery Production.,(3 Credits)
SPSS 3670.,Greenhouse Technology and Operations.,(3 Credits)
SPSS 3675.,Greenhouse Technology and Operations Laboratory.,(1 Credit)
SPSS 3680.,Advanced Cannabis Horticulture: Cannabis Production.,(3 Credits)
SPSS 3810.,Fundamentals of Plant Pathology.,(3 Credits)
SPSS 3820.,Ecology and Control of Weeds.,(3 Credits)
SPSS 3830.,Horticultural Entomology.,(3 Credits)
SPSS 3840.,Integrated Pest Management.,(3 Credits)
SPSS 3990.,Field Study Internship.,(1-6 Credits)
SPSS 3995.,Special Topics.,(1-6 Credits)
SPSS 3996.,Undergraduate Research in Plant Science.,(1-6 Credits)
SPSS 3998.,Variable Topics in Plant Science.,(1-6 Credits)
SPSS 3999.,Independent Study.,(1-6 Credits)
SPSS 4210.,Plant Physiology: How Plants Work.,(3 Credits)
SPSS 4650.,Plant Tissue Culture.,(3 Credits)
TRST 3010.,Translating Literature: Practice and Theory.,(3 Credits)
TRST 3011.,The Art of Literary Translation.,(3 Credits)
TRST 3195.,Special Topics in Translation Studies.,(3 Credits)
UNIV 1730.,Holster Research Proposal Development.,(1 Credit)
UNIV 1784.,First-Year Honors Seminar.,(1 Credit)
UNIV 1800.,FYE University Learning Skills.,(1 Credit)
UNIV 1810.,FYE Learning Community Seminar.,(1 Credit)
UNIV 1820.,First Year Seminar.,(1 Credit)
UNIV 1840.,Learning Community Service-Learning.,(1 Credit)
UNIV 1881.,Supervised Internship Experience.,(1 Credit)
UNIV 1981.,Documented Internship Experience.,(0 Credits)
UNIV 1983.,International Study.,(1-17 Credits)
UNIV 1985.,Special Topics.,(1-6 Credits)
UNIV 1993.,International Study.,(1-17 Credits)
UNIV 1995.,Special Topics.,(1-6 Credits)
UNIV 1999.,Independent Study.,(1-6 Credits)
UNIV 2100.,Preparation for STEM Academic Research.,(1 Credit)
UNIV 2230.,"The BLACC Program, Black Leadership and Community Cultivation.",(1 Credit)
UNIV 2300.,Tutoring Principles for Quantitative Learning.,(1 Credit)
UNIV 2500.,"Gender, Sexuality and Community.",(3 Credits)
UNIV 2600.,Individualized Study Across Academic Disciplines.,(1 Credit)
UNIV 2820.,TYE: Transition Year Experience.,(1 Credit)
UNIV 2983.,International Study.,(1-17 Credits)
UNIV 2993.,International Study.,(1-17 Credits)
UNIV 3080.,Peer Mentor Leadership Development Course.,(3 Credits)
UNIV 3088.,Variable Topics.,(1-6 Credits)
UNIV 3098.,Variable Topics.,(1-6 Credits)
UNIV 3294.,Entrepreneurial Approaches to Community-Centered Innovation.,(2 Credits)
UNIV 3784.,Interdisciplinary Honors Seminar.,(3 Credits)
UNIV 3820.,Learning Community Advanced Seminar.,(1 Credit)
UNIV 3985.,Special Topics.,(1-6 Credits)
UNIV 3991.,Interdisciplinary Internship Field Experience.,(1-6 Credits)
UNIV 3993.,International Study.,(1-17 Credits)
UNIV 3995.,Special Topics.,(1-6 Credits)
UNIV 3999.,Independent Study.,(1-6 Credits)
UNIV 4600W.,Capstone Course.,(3 Credits)
UNIV 4697W.,Senior Thesis.,(3-6 Credits)
UNIV 4800.,Senior Year Experience.,(1 Credit)
UNIV 4820.,SYE Seminars.,(1 Credit)
UNIV 4840.,Senior Year Experience.,(1 Credit)
URBN 1200.,Global Urbanization.,(3 Credits)
URBN 1300.,Exploring Your Community.,(3 Credits)
URBN 1300W.,Exploring Your Community.,(3 Credits)
URBN 1400.,Site and Sound: Understanding Cities Through Popular Music.,(3 Credits)
URBN 1400W.,Site and Sound: Understanding Cities Through Popular Music.,(3 Credits)
URBN 1600.,Cities of Imagination.,(3 Credits)
URBN 1998.,Variable Topics.,(3 Credits)
URBN 2000.,Introduction to Urban and Community Studies.,(3 Credits)
URBN 2100.,Survey Research Methods.,(3 Credits)
URBN 2301Q.,Research Methods and Analysis in Urban and Community Studies.,(3 Credits)
URBN 2302.,Qualitative Methods in Urban and Community Studies.,(3 Credits)
URBN 2302W.,Qualitative Analysis of Urban and Community Studies.,(3 Credits)
URBN 2400.,City and Community in Film.,(3 Credits)
URBN 2541.,The History of Urban America.,(3 Credits)
URBN 2541W.,The History of Urban America.,(3 Credits)
URBN 2600.,Work and Economic Justice.,(3 Credits)
URBN 2650.,History of Urban Latin America.,(3 Credits)
URBN 2901.,Urban Sociology.,(3 Credits)
URBN 2901W.,Urban Sociology.,(3 Credits)
URBN 2998.,Variable Topics.,(3 Credits)
URBN 3200.,Urban Geography.,(3 Credits)
URBN 3276.,Urban Problems.,(3 Credits)
URBN 3276W.,Urban Problems.,(3 Credits)
URBN 3400E.,Urban Parks and Sustainability.,(3 Credits)
URBN 3439.,Urban and Regional Economics.,(3 Credits)
URBN 3632.,Urban Politics.,(3 Credits)
URBN 3632W.,Urban Politics.,(3 Credits)
URBN 3981.,Internship in Urban Studies: Seminar.,(1-3 Credits)
URBN 3991.,Internship in Urban Studies: Field Study.,(1-3 Credits)
URBN 3993.,Foreign Study.,(1-6 Credits)
URBN 3995.,Special Topics.,(1-6 Credits)
URBN 4000.,Understanding Your Community.,(3 Credits)
URBN 4497W.,Senior Thesis.,(3 Credits)
URBN 4999.,Independent Study.,(1-6 Credits)
VIET 1193.,Foreign Study.,(1-6 Credits)
VIET 3293.,Foreign Study.,(1-6 Credits)
VIET 3295.,Special Topics.,(1-6 Credits)
VIET 3299.,Independent Study.,(1-6 Credits)
WGSS 1105.,Gender and Sexuality in Everyday Life.,(3 Credits)
WGSS 1121.,Women in History.,(3 Credits)
WGSS 1170.,Women's Contemporary Writing in the Arab World.,(3 Credits)
WGSS 1170W.,Women's Contemporary Writing in the Arab World.,(3 Credits)
WGSS 1193.,International Study.,(1-6 Credits)
WGSS 2105W.,Gender and Science.,(3 Credits)
WGSS 2124.,Gender and Globalization.,(3 Credits)
WGSS 2204.,Feminisms and the Arts.,(3 Credits)
WGSS 2217.,"Women, Gender and Film.",(3 Credits)
WGSS 2217W.,"Women, Gender and Film.",(3 Credits)
WGSS 2250.,"Critical Approaches to Women's, Gender, and Sexuality Studies.",(3 Credits)
WGSS 2255.,"LGBTQ Sexualities, Activism, and Globalization.",(3 Credits)
WGSS 2255W.,"LGBTQ Sexualities, Activism, and Globalization.",(3 Credits)
WGSS 2263.,"Women, Gender, and Violence.",(3 Credits)
WGSS 2267.,Women and Poverty.,(3 Credits)
WGSS 2525.,LGBTQ+ History in the United States.,(3 Credits)
WGSS 2622.,History of Gender and Sexuality in Latin America and the Caribbean.,(3 Credits)
WGSS 2680.,Sociology of Sexualities.,(3 Credits)
WGSS 2680W.,Sociology of Sexualities.,(3 Credits)
WGSS 2807.,Women and the Law.,(3 Credits)
WGSS 2807W.,Women and the Law.,(3 Credits)
WGSS 3020W.,Professional and Technical Writing for Social Justice.,(3 Credits)
WGSS 3027W.,Historical Women Political Thinkers.,(3 Credits)
WGSS 3052.,Women and Politics.,(3 Credits)
WGSS 3102.,Psychology of Women.,(3 Credits)
WGSS 3105.,The Politics of Reproduction.,(3 Credits)
WGSS 3105W.,The Politics of Reproduction.,(3 Credits)
WGSS 3125.,"Art Books, Book Arts, and Publishing as Radical Practice.",(3 Credits)
WGSS 3210.,Gender and Communication.,(3 Credits)
WGSS 3216.,Women in Political Development.,(3 Credits)
WGSS 3218.,Feminist Theory.,(3 Credits)
WGSS 3247.,Gender and War.,(3 Credits)
WGSS 3249.,Gender Politics and Islam.,(3 Credits)
WGSS 3252.,Genders and Sexualities.,(3 Credits)
WGSS 3253.,Gender Representations in U.S. Popular Culture.,(3 Credits)
WGSS 3253W.,Gender Representations in U.S. Popular Culture.,(3 Credits)
WGSS 3254.,Women and Gender in the Deaf World.,(3 Credits)
WGSS 3255.,Sexual Citizenship.,(3 Credits)
WGSS 3255W.,Sexual Citizenship.,(3 Credits)
WGSS 3256.,"Feminist, Queer, and Trans Theories.",(3 Credits)
WGSS 3257.,Feminist Disability Studies.,(3 Credits)
WGSS 3257W.,Feminist Disability Studies.,(3 Credits)
WGSS 3258.,Latina Narrative.,(3 Credits)
WGSS 3264.,Gender in the Workplace.,(3 Credits)
WGSS 3265W.,Producing Critical Feminist Scholarship.,(3 Credits)
WGSS 3269.,"Gender, Sexuality, and Social Movements.",(3 Credits)
WGSS 3269W.,"Gender, Sexuality, and Social Movements.",(3 Credits)
WGSS 3270.,Masculinities.,(3 Credits)
WGSS 3271.,Seminar on Rape Education and Awareness I.,(1 Credit)
WGSS 3277.,Issues in Human Sexuality.,(3 Credits)
WGSS 3321.,Latinas and Media.,(3 Credits)
WGSS 3350.,Anthropological Perspectives on Women.,(3 Credits)
WGSS 3369.,"Gender, Justice, and Hashtags.",(3 Credits)
WGSS 3402.,Women in the Bible.,(3 Credits)
WGSS 3403.,Women and Religion.,(3 Credits)
WGSS 3416.,Gender and Sexuality in Modern Europe.,(3 Credits)
WGSS 3445.,Economic Foundations of Gender Inequality.,(3 Credits)
WGSS 3453.,Women and Health.,(3 Credits)
WGSS 3560.,"Constructions of Race, Gender, and Sexuality in U.S. History.",(3 Credits)
WGSS 3561.,History of Women and Gender in the U.S. to 1850.,(3 Credits)
WGSS 3562.,"History of Women and Gender in the United States, 1850-Present.",(3 Credits)
WGSS 3565.,African American Women's History.,(3 Credits)
WGSS 3609.,Women's Literature.,(3 Credits)
WGSS 3611.,Women's Literature 1900 to the Present.,(3 Credits)
WGSS 3613.,LGBTQ+ Literature.,(3 Credits)
WGSS 3652.,Black Feminist Politics.,(3 Credits)
WGSS 3675.,Latina History and Biography.,(3 Credits)
WGSS 3718W.,Feminism and Science Fiction.,(3 Credits)
WGSS 3891.,Internship Program.,(1-9 Credits)
WGSS 3993.,International Study.,(1-6 Credits)
WGSS 3995.,Special Topics.,(1-6 Credits)
WGSS 3998.,Variable Topics.,(3 Credits)
WGSS 3999.,Independent Study.,(1-6 Credits)
WGSS 4100.,Experiential/Service Learning Seminar.,(4 Credits)
WGSS 4994W.,Capstone Seminar.,(3 Credits)
